molecule_chembl_id,target_chembl_id,assay_chembl_id,pchembl_value,standard_relation,standard_type
CHEMBL1023,CHEMBL2004,CHEMBL803365,7.12,=,Ki
CHEMBL1023,CHEMBL2055,CHEMBL799804,6.75,=,Ki
CHEMBL1023,CHEMBL2008,CHEMBL798919,7.3,=,Ki
CHEMBL1023,CHEMBL2003,CHEMBL798025,6.89,=,Ki
CHEMBL1023,CHEMBL2061,CHEMBL798301,7.8,=,Ki
CHEMBL1023,CHEMBL1870,CHEMBL798320,8.23,=,Ki
CHEMBL1023,CHEMBL2004,CHEMBL800755,8.08,=,Ki
CHEMBL1023,CHEMBL2061,CHEMBL769011,7.44,=,Kd
CHEMBL104,CHEMBL3522,CHEMBL661140,7.09,=,Ki
CHEMBL1023,CHEMBL2061,CHEMBL798296,7.85,=,Kd
CHEMBL1023,CHEMBL2061,CHEMBL798933,7.44,=,Ki
CHEMBL1000,CHEMBL231,CHEMBL830377,8.23,=,Ki
CHEMBL1000,CHEMBL231,CHEMBL830379,7.85,=,Ki
CHEMBL1000,CHEMBL231,CHEMBL881222,7.85,=,Ki
CHEMBL104,CHEMBL4305,CHEMBL948111,6.44,=,IC50
CHEMBL104,CHEMBL4305,CHEMBL1032478,7.16,=,IC50
CHEMBL1055,CHEMBL261,CHEMBL1029729,6.46,=,Ki
CHEMBL1055,CHEMBL205,CHEMBL1029730,6.86,=,Ki
CHEMBL1055,CHEMBL3729,CHEMBL1029732,6.71,=,Ki
CHEMBL1055,CHEMBL4789,CHEMBL1029733,6.04,=,Ki
CHEMBL1055,CHEMBL3969,CHEMBL1029734,8.05,=,Ki
CHEMBL1055,CHEMBL2326,CHEMBL1029736,8.55,=,Ki
CHEMBL1055,CHEMBL3594,CHEMBL1029737,7.64,=,Ki
CHEMBL1055,CHEMBL3242,CHEMBL1029738,8.35,=,Ki
CHEMBL1023,CHEMBL2061,CHEMBL1061278,7.68,=,Ki
CHEMBL1029,CHEMBL2608,CHEMBL1040324,7.0,=,IC50
CHEMBL1029,CHEMBL3761,CHEMBL1040323,6.64,=,IC50
CHEMBL104,CHEMBL1978,CHEMBL1105634,8.74,=,IC50
CHEMBL1000,CHEMBL231,CHEMBL1224920,7.3,=,Ki
CHEMBL1000,CHEMBL231,CHEMBL1224921,7.3,=,Ki
CHEMBL1000,CHEMBL231,CHEMBL1224922,7.5,=,Ki
CHEMBL1000,CHEMBL231,CHEMBL1224923,7.5,=,Ki
CHEMBL1000,CHEMBL231,CHEMBL1224924,7.1,=,Ki
CHEMBL1000,CHEMBL231,CHEMBL1224925,7.2,=,Ki
CHEMBL1000,CHEMBL231,CHEMBL1224926,7.2,=,Ki
CHEMBL1017,CHEMBL227,CHEMBL1803889,9.31,=,IC50
CHEMBL1055,CHEMBL205,CHEMBL1909123,6.17,=,IC50
CHEMBL104,CHEMBL1835,CHEMBL1909116,7.85,=,IC50
CHEMBL1029,CHEMBL3761,CHEMBL2015864,6.64,=,IC50
CHEMBL1017,CHEMBL227,CHEMBL2061970,9.0,=,IC50
CHEMBL1017,CHEMBL227,CHEMBL2061975,6.82,=,IC50
CHEMBL1017,CHEMBL227,CHEMBL2327554,9.31,=,IC50
CHEMBL1023,CHEMBL2061,CHEMBL2399493,6.83,=,EC50
CHEMBL1017,CHEMBL227,CHEMBL2439561,9.0,=,IC50
CHEMBL1023,CHEMBL2061,CHEMBL3100733,7.58,=,Kd
CHEMBL1017,CHEMBL227,CHEMBL3117635,8.7,=,IC50
CHEMBL1023,CHEMBL2061,CHEMBL3297474,7.58,=,Kd
CHEMBL1023,CHEMBL2061,CHEMBL3297475,7.4,=,EC50
CHEMBL1029,CHEMBL3761,CHEMBL3384691,6.64,=,IC50
CHEMBL1023,CHEMBL2061,CHEMBL3429522,7.7,=,EC50
CHEMBL1023,CHEMBL2061,CHEMBL3626682,6.93,=,EC50
CHEMBL104,CHEMBL5503,CHEMBL3767625,6.16,=,IC50
CHEMBL104,CHEMBL5503,CHEMBL3767624,7.0,=,IC50
CHEMBL104,CHEMBL5503,CHEMBL3767621,7.0,=,Ki
CHEMBL104,CHEMBL5503,CHEMBL3767622,7.1,=,IC50
CHEMBL1023,CHEMBL2061,CHEMBL3784067,7.5,=,EC50
CHEMBL1023,CHEMBL2061,CHEMBL3784071,7.5,=,EC50
CHEMBL1016,CHEMBL227,CHEMBL3789066,8.46,=,Ki
CHEMBL1016,CHEMBL227,CHEMBL3789066,7.97,=,IC50
CHEMBL1016,CHEMBL227,CHEMBL3791105,9.16,=,IC50
CHEMBL1017,CHEMBL235,CHEMBL3873287,6.16,=,EC50
CHEMBL1023,CHEMBL2004,CHEMBL4037099,7.6,=,EC50
CHEMBL1023,CHEMBL1870,CHEMBL4037098,7.62,=,EC50
CHEMBL1023,CHEMBL2061,CHEMBL4037097,7.48,=,EC50
CHEMBL1023,CHEMBL4093,CHEMBL4049686,6.36,=,EC50
CHEMBL1023,CHEMBL2808,CHEMBL4049685,6.71,=,EC50
CHEMBL1016,CHEMBL227,CHEMBL4146907,7.98,=,Ki
CHEMBL1023,CHEMBL2061,CHEMBL4259395,7.48,=,EC50
CHEMBL1023,CHEMBL1870,CHEMBL4259396,7.62,=,EC50
CHEMBL1023,CHEMBL2004,CHEMBL4259397,7.6,=,EC50
CHEMBL1043,CHEMBL2439,CHEMBL4311137,6.38,=,IC50
CHEMBL1017,CHEMBL227,CHEMBL4349279,8.7,=,IC50
CHEMBL1029,CHEMBL3761,CHEMBL4395493,7.85,=,IC50
CHEMBL1023,CHEMBL2061,CHEMBL4414348,6.68,=,Kd
CHEMBL1023,CHEMBL2061,CHEMBL4414385,7.48,=,EC50
CHEMBL1023,CHEMBL1870,CHEMBL4414386,7.62,=,EC50
CHEMBL1023,CHEMBL2004,CHEMBL4414387,7.6,=,EC50
CHEMBL1023,CHEMBL2061,CHEMBL4415452,6.82,=,Ki
CHEMBL1023,CHEMBL2061,CHEMBL4415455,6.42,=,Ki
CHEMBL1023,CHEMBL2061,CHEMBL4415451,7.66,=,EC50
CHEMBL104,CHEMBL4523494,CHEMBL4418432,6.1,=,IC50
CHEMBL1023,CHEMBL2061,CHEMBL4434136,7.7,=,EC50
CHEMBL1023,CHEMBL2061,CHEMBL4715623,6.2,=,IC50
CHEMBL1023,CHEMBL2061,CHEMBL4715623,6.46,=,Ki
CHEMBL1023,CHEMBL2061,CHEMBL4715624,6.7,=,Ki
CHEMBL100116,CHEMBL233,CHEMBL4723559,8.41,=,Ki
CHEMBL100116,CHEMBL237,CHEMBL4723560,8.66,=,Ki
CHEMBL1029,CHEMBL2608,CHEMBL5041858,6.7,=,Ki
CHEMBL1023,CHEMBL2061,CHEMBL5228224,7.48,=,EC50
CHEMBL1023,CHEMBL1870,CHEMBL5228225,7.62,=,EC50
CHEMBL1023,CHEMBL2004,CHEMBL5228226,7.6,=,EC50
CHEMBL1023,CHEMBL2061,CHEMBL5228257,7.5,=,EC50
CHEMBL100116,CHEMBL237,CHEMBL5360966,8.12,=,Ki
CHEMBL100116,CHEMBL233,CHEMBL5360967,8.49,=,Ki
CHEMBL100116,CHEMBL236,CHEMBL5360979,7.21,=,Ki
CHEMBL1023,CHEMBL2061,CHEMBL5611275,7.6,=,EC50
CHEMBL1023,CHEMBL1870,CHEMBL5611276,7.55,=,EC50
CHEMBL1023,CHEMBL2004,CHEMBL5611277,7.7,=,EC50
CHEMBL1023,CHEMBL2061,CHEMBL5636758,7.48,=,EC50
CHEMBL1023,CHEMBL1870,CHEMBL5636759,7.62,=,EC50
CHEMBL1023,CHEMBL2004,CHEMBL5636760,7.6,=,EC50
CHEMBL100116,CHEMBL233,CHEMBL5730141,6.55,=,IC50
CHEMBL100116,CHEMBL233,CHEMBL5731814,8.57,=,Ki
CHEMBL100116,CHEMBL233,CHEMBL5731814,7.21,=,EC50
CHEMBL100116,CHEMBL233,CHEMBL5731814,6.55,=,IC50
CHEMBL1055,CHEMBL261,CHEMBL5732037,6.58,=,IC50
CHEMBL100116,CHEMBL233,CHEMBL5733251,8.57,=,Ki
CHEMBL100116,CHEMBL233,CHEMBL5733251,7.21,=,EC50
CHEMBL100116,CHEMBL233,CHEMBL5733251,6.55,=,IC50
CHEMBL100116,CHEMBL233,CHEMBL5730141,8.57,=,Ki
CHEMBL100116,CHEMBL233,CHEMBL5738803,8.57,=,Ki
CHEMBL100116,CHEMBL233,CHEMBL5738803,6.55,=,IC50
CHEMBL104,CHEMBL5503,CHEMBL6074103,7.49,=,IC50
CHEMBL1023,CHEMBL2061,CHEMBL6115653,7.64,=,EC50
CHEMBL1108,CHEMBL240,CHEMBL766814,7.49,=,IC50
CHEMBL1064,CHEMBL402,CHEMBL839925,8.59,=,Ki
CHEMBL1064,CHEMBL402,CHEMBL832812,7.95,=,IC50
CHEMBL1064,CHEMBL402,CHEMBL832902,7.96,=,IC50
CHEMBL11,CHEMBL228,CHEMBL871866,8.36,=,IC50
CHEMBL1108,CHEMBL240,CHEMBL954102,7.49,=,IC50
CHEMBL11,CHEMBL228,CHEMBL947400,8.16,=,IC50
CHEMBL11,CHEMBL228,CHEMBL947400,8.49,=,Ki
CHEMBL11,CHEMBL228,CHEMBL979826,8.1,=,IC50
CHEMBL11,CHEMBL222,CHEMBL979833,7.13,=,IC50
CHEMBL1108,CHEMBL240,CHEMBL1036648,7.49,=,IC50
CHEMBL1108,CHEMBL240,CHEMBL1023674,7.49,=,IC50
CHEMBL1089,CHEMBL3437,CHEMBL1247376,7.7,=,IC50
CHEMBL11,CHEMBL228,CHEMBL1663607,8.14,=,IC50
CHEMBL1108,CHEMBL240,CHEMBL1676103,7.49,=,IC50
CHEMBL11,CHEMBL228,CHEMBL1816019,9.11,=,Ki
CHEMBL1071,CHEMBL221,CHEMBL1909130,6.07,=,IC50
CHEMBL11,CHEMBL228,CHEMBL2344277,7.54,=,IC50
CHEMBL11,CHEMBL228,CHEMBL2394809,8.7,=,IC50
CHEMBL11,CHEMBL228,CHEMBL2394910,9.28,=,Ki
CHEMBL11,CHEMBL228,CHEMBL2394910,8.96,=,IC50
CHEMBL11,CHEMBL228,CHEMBL2433697,8.17,=,IC50
CHEMBL11,CHEMBL231,CHEMBL3090832,7.57,=,IC50
CHEMBL11,CHEMBL217,CHEMBL3090831,6.39,=,IC50
CHEMBL11,CHEMBL224,CHEMBL3090830,6.66,=,IC50
CHEMBL11,CHEMBL228,CHEMBL3090829,8.46,=,IC50
CHEMBL11,CHEMBL228,CHEMBL3295403,8.68,=,Ki
CHEMBL1064,CHEMBL402,CHEMBL3390813,7.4,=,IC50
CHEMBL1089,CHEMBL2039,CHEMBL3404812,7.03,=,Ki
CHEMBL11,CHEMBL228,CHEMBL3413565,8.68,=,Ki
CHEMBL11,CHEMBL228,CHEMBL3777270,9.06,=,IC50
CHEMBL11,CHEMBL228,CHEMBL3800925,8.59,=,IC50
CHEMBL11,CHEMBL228,CHEMBL3800924,7.51,=,Ki
CHEMBL11,CHEMBL228,CHEMBL3800926,8.24,=,Ki
CHEMBL11,CHEMBL228,CHEMBL3871863,8.29,=,IC50
CHEMBL11,CHEMBL228,CHEMBL3871875,8.7,=,Ki
CHEMBL11,CHEMBL228,CHEMBL3876410,9.06,=,IC50
CHEMBL1064,CHEMBL402,CHEMBL4037104,9.05,=,IC50
CHEMBL11,CHEMBL228,CHEMBL4041092,9.0,=,Ki
CHEMBL1089,CHEMBL1951,CHEMBL4042110,6.62,=,IC50
CHEMBL1089,CHEMBL2039,CHEMBL4042111,6.84,=,IC50
CHEMBL1089,CHEMBL1951,CHEMBL4042118,6.79,=,Ki
CHEMBL1089,CHEMBL2039,CHEMBL4042120,6.91,=,Ki
CHEMBL11,CHEMBL228,CHEMBL4314363,8.6,=,Ki
CHEMBL11,CHEMBL228,CHEMBL4396183,8.72,=,Ki
CHEMBL11,CHEMBL228,CHEMBL4396183,8.39,=,IC50
CHEMBL1071,CHEMBL2364163,CHEMBL4400163,6.19,=,Kd
CHEMBL1071,CHEMBL230,CHEMBL4415263,6.96,=,IC50
CHEMBL1071,CHEMBL221,CHEMBL4415262,6.13,=,IC50
CHEMBL11,CHEMBL228,CHEMBL4669827,7.7,=,Ki
CHEMBL11,CHEMBL231,CHEMBL4669828,8.0,=,Ki
CHEMBL11,CHEMBL228,CHEMBL4723562,7.54,=,IC50
CHEMBL1113,CHEMBL3155,CHEMBL619854,6.3,=,Ki
CHEMBL1112,CHEMBL3155,CHEMBL619854,7.85,=,Ki
CHEMBL1172,CHEMBL231,CHEMBL830379,9.01,=,Ki
CHEMBL1112,CHEMBL234,CHEMBL912015,8.35,=,Ki
CHEMBL1112,CHEMBL217,CHEMBL913685,8.74,=,Ki
CHEMBL1112,CHEMBL217,CHEMBL895618,8.3,=,Ki
CHEMBL1112,CHEMBL234,CHEMBL895619,8.4,=,Ki
CHEMBL1112,CHEMBL214,CHEMBL895620,8.1,=,Ki
CHEMBL1112,CHEMBL224,CHEMBL895616,7.8,=,Ki
CHEMBL1112,CHEMBL1833,CHEMBL895621,8.9,=,Ki
CHEMBL1112,CHEMBL225,CHEMBL895623,7.3,=,Ki
CHEMBL1112,CHEMBL3371,CHEMBL895624,6.7,=,Ki
CHEMBL1112,CHEMBL3155,CHEMBL895625,7.2,=,Ki
CHEMBL1112,CHEMBL228,CHEMBL895627,7.5,=,Ki
CHEMBL1112,CHEMBL217,CHEMBL1066831,8.59,=,Ki
CHEMBL1112,CHEMBL217,CHEMBL1066832,8.55,=,Ki
CHEMBL1112,CHEMBL217,CHEMBL1260558,8.4,=,Ki
CHEMBL1112,CHEMBL224,CHEMBL1260559,8.4,=,Ki
CHEMBL1112,CHEMBL214,CHEMBL1260560,8.15,=,Ki
CHEMBL1112,CHEMBL240,CHEMBL1260557,6.22,=,Ki
CHEMBL1110,CHEMBL1899,CHEMBL1274533,9.3,=,Ki
CHEMBL1110,CHEMBL1899,CHEMBL1648623,9.3,=,Ki
CHEMBL1112,CHEMBL240,CHEMBL1676103,6.2,=,IC50
CHEMBL1112,CHEMBL217,CHEMBL1776016,8.74,=,Ki
CHEMBL1112,CHEMBL224,CHEMBL1776018,8.02,=,Ki
CHEMBL1112,CHEMBL214,CHEMBL1776019,7.99,=,Ki
CHEMBL1112,CHEMBL4302,CHEMBL1781566,6.11,=,IC50
CHEMBL1112,CHEMBL225,CHEMBL1787311,7.66,=,Ki
CHEMBL1112,CHEMBL3371,CHEMBL1787312,6.24,=,Ki
CHEMBL1112,CHEMBL217,CHEMBL1815674,8.51,=,Ki
CHEMBL1112,CHEMBL234,CHEMBL1815675,8.17,=,Ki
CHEMBL1113,CHEMBL214,CHEMBL2026267,6.66,=,Ki
CHEMBL1113,CHEMBL224,CHEMBL2026265,8.75,=,Ki
CHEMBL1112,CHEMBL217,CHEMBL2169117,8.41,=,Ki
CHEMBL1112,CHEMBL234,CHEMBL2319542,8.01,=,Ki
CHEMBL1112,CHEMBL217,CHEMBL2321509,9.1,=,Ki
CHEMBL1112,CHEMBL3155,CHEMBL2321512,7.58,=,Ki
CHEMBL1112,CHEMBL3371,CHEMBL2321511,7.05,=,Ki
CHEMBL1112,CHEMBL224,CHEMBL2321513,7.68,=,Ki
CHEMBL1112,CHEMBL214,CHEMBL2321514,8.25,=,Ki
CHEMBL1112,CHEMBL217,CHEMBL2328745,9.7,=,Ki
CHEMBL1118,CHEMBL228,CHEMBL2389183,7.77,=,IC50
CHEMBL1118,CHEMBL228,CHEMBL2389183,7.82,=,Ki
CHEMBL1112,CHEMBL214,CHEMBL3226682,8.0,=,Ki
CHEMBL1112,CHEMBL1898,CHEMBL3226683,6.0,=,Ki
CHEMBL1112,CHEMBL1983,CHEMBL3226684,7.0,=,Ki
CHEMBL1112,CHEMBL224,CHEMBL3226686,8.0,=,Ki
CHEMBL1112,CHEMBL225,CHEMBL3226688,6.0,=,Ki
CHEMBL1112,CHEMBL1899,CHEMBL3226689,6.0,=,Ki
CHEMBL1112,CHEMBL3426,CHEMBL3226691,6.0,=,Ki
CHEMBL1112,CHEMBL3155,CHEMBL3226693,7.0,=,Ki
CHEMBL1112,CHEMBL2056,CHEMBL3226694,6.0,=,Ki
CHEMBL1112,CHEMBL234,CHEMBL3226696,8.0,=,Ki
CHEMBL1112,CHEMBL229,CHEMBL3226699,7.0,=,Ki
CHEMBL1112,CHEMBL232,CHEMBL3226700,7.0,=,Ki
CHEMBL1112,CHEMBL1867,CHEMBL3225629,7.0,=,Ki
CHEMBL1112,CHEMBL1942,CHEMBL3225630,6.0,=,Ki
CHEMBL1112,CHEMBL1916,CHEMBL3225631,7.0,=,Ki
CHEMBL1112,CHEMBL231,CHEMBL3225632,7.0,=,Ki
CHEMBL1110,CHEMBL1899,CHEMBL3268497,9.3,=,Ki
CHEMBL1112,CHEMBL2056,CHEMBL3295079,6.51,=,Ki
CHEMBL1112,CHEMBL217,CHEMBL3295080,9.27,=,Ki
CHEMBL1112,CHEMBL217,CHEMBL3295081,9.35,=,Ki
CHEMBL1112,CHEMBL234,CHEMBL3295082,8.52,=,Ki
CHEMBL1112,CHEMBL224,CHEMBL3293222,8.4,=,Ki
CHEMBL1112,CHEMBL217,CHEMBL3293231,7.95,=,IC50
CHEMBL1112,CHEMBL217,CHEMBL3293231,7.96,=,IC50
CHEMBL1112,CHEMBL217,CHEMBL3381713,9.1,=,Ki
CHEMBL1112,CHEMBL234,CHEMBL3381714,8.48,=,Ki
CHEMBL1112,CHEMBL214,CHEMBL3381715,8.25,=,Ki
CHEMBL1112,CHEMBL224,CHEMBL3381716,8.06,=,Ki
CHEMBL1112,CHEMBL225,CHEMBL3381717,7.66,=,Ki
CHEMBL1112,CHEMBL217,CHEMBL3591366,9.46,=,Ki
CHEMBL1112,CHEMBL234,CHEMBL3591367,9.0,=,Ki
CHEMBL1112,CHEMBL224,CHEMBL3610643,8.06,=,Ki
CHEMBL1112,CHEMBL217,CHEMBL3614290,9.32,=,Ki
CHEMBL1112,CHEMBL224,CHEMBL3614295,8.4,=,Ki
CHEMBL1112,CHEMBL225,CHEMBL3707614,6.89,=,Ki
CHEMBL1112,CHEMBL231,CHEMBL3707498,7.55,=,Ki
CHEMBL1112,CHEMBL217,CHEMBL3707630,8.8,=,Ki
CHEMBL1112,CHEMBL224,CHEMBL3705548,8.05,=,Ki
CHEMBL1112,CHEMBL228,CHEMBL3707693,6.62,=,Ki
CHEMBL1112,CHEMBL229,CHEMBL3707631,7.58,=,Ki
CHEMBL1112,CHEMBL231,CHEMBL3806812,6.38,=,IC50
CHEMBL1112,CHEMBL229,CHEMBL3806811,6.77,=,IC50
CHEMBL1112,CHEMBL214,CHEMBL3821447,8.25,=,Ki
CHEMBL1112,CHEMBL224,CHEMBL3821448,8.06,=,Ki
CHEMBL1112,CHEMBL3155,CHEMBL3821449,7.99,=,Ki
CHEMBL1112,CHEMBL1833,CHEMBL3821450,9.44,=,Ki
CHEMBL1112,CHEMBL217,CHEMBL3821452,8.48,=,Ki
CHEMBL1112,CHEMBL234,CHEMBL3821453,8.01,=,Ki
CHEMBL1112,CHEMBL231,CHEMBL3821455,7.6,=,Ki
CHEMBL1110,CHEMBL1899,CHEMBL3706294,9.3,=,Ki
CHEMBL1112,CHEMBL217,CHEMBL4010156,9.28,=,Ki
CHEMBL1112,CHEMBL2056,CHEMBL4010154,6.51,=,Ki
CHEMBL1112,CHEMBL217,CHEMBL4010153,9.35,=,Ki
CHEMBL1112,CHEMBL234,CHEMBL4010157,8.64,=,Ki
CHEMBL1112,CHEMBL224,CHEMBL4010158,8.43,=,Ki
CHEMBL1112,CHEMBL217,CHEMBL4010168,7.83,=,EC50
CHEMBL1112,CHEMBL217,CHEMBL4010167,7.71,=,EC50
CHEMBL1112,CHEMBL217,CHEMBL4010171,7.76,=,EC50
CHEMBL1112,CHEMBL217,CHEMBL4010173,8.06,=,EC50
CHEMBL1112,CHEMBL217,CHEMBL4010175,8.32,=,EC50
CHEMBL1112,CHEMBL234,CHEMBL4011212,8.45,=,Ki
CHEMBL1112,CHEMBL217,CHEMBL4011211,9.32,=,Ki
CHEMBL1112,CHEMBL2056,CHEMBL4015805,6.51,=,Ki
CHEMBL1112,CHEMBL217,CHEMBL4015806,9.28,=,Ki
CHEMBL1112,CHEMBL217,CHEMBL4015807,9.42,=,Ki
CHEMBL1112,CHEMBL234,CHEMBL4015808,8.54,=,Ki
CHEMBL1112,CHEMBL224,CHEMBL4015812,8.44,=,Ki
CHEMBL1112,CHEMBL217,CHEMBL4015821,6.13,=,EC50
CHEMBL1112,CHEMBL217,CHEMBL4046973,9.28,=,Ki
CHEMBL1112,CHEMBL2056,CHEMBL4046972,6.51,=,Ki
CHEMBL1112,CHEMBL217,CHEMBL4046974,9.42,=,Ki
CHEMBL1112,CHEMBL234,CHEMBL4046975,8.54,=,Ki
CHEMBL1112,CHEMBL224,CHEMBL4046979,8.44,=,Ki
CHEMBL1118,CHEMBL228,CHEMBL4219697,7.28,=,IC50
CHEMBL1118,CHEMBL222,CHEMBL4219698,6.27,=,IC50
CHEMBL1112,CHEMBL217,CHEMBL4229838,9.1,=,Ki
CHEMBL1112,CHEMBL3155,CHEMBL4229837,7.36,=,Ki
CHEMBL1112,CHEMBL3371,CHEMBL4229835,7.05,=,Ki
CHEMBL1112,CHEMBL224,CHEMBL4229834,7.2,=,Ki
CHEMBL1112,CHEMBL214,CHEMBL4229836,7.52,=,Ki
CHEMBL1112,CHEMBL217,CHEMBL4308344,8.48,=,Ki
CHEMBL1112,CHEMBL214,CHEMBL4308343,8.25,=,Ki
CHEMBL1112,CHEMBL217,CHEMBL4314365,9.47,=,Ki
CHEMBL1112,CHEMBL224,CHEMBL4314364,8.47,=,Ki
CHEMBL1112,CHEMBL214,CHEMBL4314362,8.77,=,Ki
CHEMBL1172,CHEMBL231,CHEMBL4367543,8.8,=,Ki
CHEMBL1112,CHEMBL217,CHEMBL4371563,8.4,=,EC50
CHEMBL1172,CHEMBL231,CHEMBL4410552,8.73,=,IC50
CHEMBL1172,CHEMBL231,CHEMBL4629986,7.62,=,Kd
CHEMBL1112,CHEMBL231,CHEMBL4677479,7.21,=,Ki
CHEMBL1112,CHEMBL217,CHEMBL4688549,8.48,=,Ki
CHEMBL1112,CHEMBL234,CHEMBL4688550,8.01,=,Ki
CHEMBL1112,CHEMBL214,CHEMBL4688552,8.25,=,Ki
CHEMBL1112,CHEMBL224,CHEMBL4688553,8.06,=,Ki
CHEMBL1112,CHEMBL225,CHEMBL4688554,6.75,=,Ki
CHEMBL1112,CHEMBL3155,CHEMBL4688555,7.99,=,Ki
CHEMBL1112,CHEMBL3371,CHEMBL4709847,6.5,=,Ki
CHEMBL1112,CHEMBL240,CHEMBL4709848,6.05,=,IC50
CHEMBL1112,CHEMBL217,CHEMBL4815619,8.48,=,Ki
CHEMBL1112,CHEMBL234,CHEMBL4815620,8.01,=,Ki
CHEMBL1112,CHEMBL214,CHEMBL4815622,8.25,=,Ki
CHEMBL1112,CHEMBL224,CHEMBL4815623,8.06,=,Ki
CHEMBL1112,CHEMBL225,CHEMBL4815624,6.75,=,Ki
CHEMBL1112,CHEMBL3155,CHEMBL4815625,7.99,=,Ki
CHEMBL1112,CHEMBL217,CHEMBL4821052,8.01,=,Ki
CHEMBL1112,CHEMBL234,CHEMBL4821053,7.97,=,Ki
CHEMBL1112,CHEMBL214,CHEMBL4821054,7.7,=,Ki
CHEMBL1112,CHEMBL224,CHEMBL4821055,7.92,=,Ki
CHEMBL1112,CHEMBL3371,CHEMBL4821057,6.5,=,Ki
CHEMBL1112,CHEMBL240,CHEMBL4821061,6.05,=,IC50
CHEMBL1112,CHEMBL217,CHEMBL4828545,9.16,=,Ki
CHEMBL1112,CHEMBL234,CHEMBL4828546,8.63,=,Ki
CHEMBL1112,CHEMBL217,CHEMBL4842092,8.67,=,Ki
CHEMBL1112,CHEMBL217,CHEMBL4842092,8.67,=,Ki
CHEMBL1112,CHEMBL234,CHEMBL4842098,8.4,=,Ki
CHEMBL1112,CHEMBL234,CHEMBL4842098,8.4,=,Ki
CHEMBL1112,CHEMBL214,CHEMBL4842099,7.88,=,Ki
CHEMBL1112,CHEMBL214,CHEMBL4842099,7.88,=,Ki
CHEMBL1112,CHEMBL224,CHEMBL4842100,7.4,=,Ki
CHEMBL1112,CHEMBL224,CHEMBL4842100,7.4,=,Ki
CHEMBL1112,CHEMBL225,CHEMBL4842101,7.02,=,Ki
CHEMBL1112,CHEMBL225,CHEMBL4842101,7.02,=,Ki
CHEMBL1112,CHEMBL214,CHEMBL5121185,8.25,=,Ki
CHEMBL1112,CHEMBL224,CHEMBL5121186,8.06,=,Ki
CHEMBL1112,CHEMBL1833,CHEMBL5121187,8.25,=,Ki
CHEMBL1112,CHEMBL217,CHEMBL5121188,8.48,=,Ki
CHEMBL1112,CHEMBL234,CHEMBL5121189,8.01,=,Ki
CHEMBL1112,CHEMBL231,CHEMBL5121190,7.6,=,Ki
CHEMBL1112,CHEMBL1916,CHEMBL5121191,7.42,=,Ki
CHEMBL1138,CHEMBL2027,CHEMBL5127801,6.43,=,IC50
CHEMBL1163,CHEMBL1287617,CHEMBL5142486,6.52,=,IC50
CHEMBL1163,CHEMBL1287617,CHEMBL5142487,6.22,=,IC50
CHEMBL1112,CHEMBL217,CHEMBL5145822,8.35,=,Ki
CHEMBL1112,CHEMBL224,CHEMBL5145823,7.55,=,Ki
CHEMBL1112,CHEMBL214,CHEMBL5145824,8.25,=,Ki
CHEMBL1112,CHEMBL3155,CHEMBL5145825,8.0,=,Ki
CHEMBL1112,CHEMBL217,CHEMBL5145883,9.52,=,Ki
CHEMBL1112,CHEMBL217,CHEMBL5236912,9.47,=,Ki
CHEMBL1112,CHEMBL234,CHEMBL5236913,9.1,=,Ki
CHEMBL1112,CHEMBL217,CHEMBL5236915,7.42,=,EC50
CHEMBL1112,CHEMBL217,CHEMBL5236916,8.62,=,EC50
CHEMBL1112,CHEMBL217,CHEMBL5236927,7.42,=,IC50
CHEMBL1112,CHEMBL234,CHEMBL5236929,7.09,=,IC50
CHEMBL1112,CHEMBL217,CHEMBL5236933,9.0,=,IC50
CHEMBL1112,CHEMBL224,CHEMBL5336975,7.68,=,Ki
CHEMBL1112,CHEMBL1833,CHEMBL5365375,9.44,=,Ki
CHEMBL1112,CHEMBL224,CHEMBL5628221,7.68,=,Ki
CHEMBL1112,CHEMBL224,CHEMBL5635423,7.68,=,Ki
CHEMBL1112,CHEMBL217,CHEMBL5732168,8.0,=,IC50
CHEMBL1118,CHEMBL222,CHEMBL5733766,6.17,=,Ki
CHEMBL1118,CHEMBL228,CHEMBL5733768,8.39,=,Ki
CHEMBL1112,CHEMBL224,CHEMBL6085112,9.1,=,Ki
CHEMBL1112,CHEMBL228,CHEMBL6085114,7.01,=,Ki
CHEMBL1113,CHEMBL222,CHEMBL6140294,7.84,=,IC50
CHEMBL118,CHEMBL230,CHEMBL768963,6.64,=,IC50
CHEMBL122,CHEMBL230,CHEMBL768963,6.47,=,IC50
CHEMBL1200438,CHEMBL3522,CHEMBL661140,6.3,=,Ki
CHEMBL118,CHEMBL230,CHEMBL768958,6.0,=,IC50
CHEMBL122,CHEMBL230,CHEMBL763081,6.3,=,IC50
CHEMBL118,CHEMBL230,CHEMBL763081,6.0,=,IC50
CHEMBL122,CHEMBL230,CHEMBL768958,6.3,=,IC50
CHEMBL122,CHEMBL230,CHEMBL763081,6.3,=,IC50
CHEMBL118,CHEMBL3729,CHEMBL839013,6.06,=,Ki
CHEMBL118,CHEMBL230,CHEMBL833052,7.17,=,IC50
CHEMBL122,CHEMBL230,CHEMBL833052,7.5,=,IC50
CHEMBL122,CHEMBL230,CHEMBL827218,6.52,=,IC50
CHEMBL118,CHEMBL260,CHEMBL833533,6.09,=,IC50
CHEMBL122,CHEMBL230,CHEMBL831135,6.3,=,IC50
CHEMBL118,CHEMBL230,CHEMBL881502,8.22,=,IC50
CHEMBL118,CHEMBL230,CHEMBL881280,8.17,=,IC50
CHEMBL122,CHEMBL230,CHEMBL881502,7.82,=,IC50
CHEMBL122,CHEMBL230,CHEMBL881280,7.6,=,IC50
CHEMBL118,CHEMBL205,CHEMBL882904,7.68,=,IC50
CHEMBL118,CHEMBL3594,CHEMBL882905,7.8,=,IC50
CHEMBL1231,CHEMBL245,CHEMBL863985,8.89,=,Ki
CHEMBL1231,CHEMBL211,CHEMBL863986,7.8,=,Ki
CHEMBL118,CHEMBL3242,CHEMBL864594,7.75,=,Ki
CHEMBL122,CHEMBL230,CHEMBL864093,6.12,=,IC50
CHEMBL118,CHEMBL230,CHEMBL869874,8.66,=,IC50
CHEMBL118,CHEMBL230,CHEMBL916302,6.46,=,IC50
CHEMBL122,CHEMBL230,CHEMBL917000,6.92,=,IC50
CHEMBL118,CHEMBL230,CHEMBL906707,7.46,=,IC50
CHEMBL1231,CHEMBL216,CHEMBL891645,9.0,=,Ki
CHEMBL1231,CHEMBL211,CHEMBL891646,8.09,=,Ki
CHEMBL1231,CHEMBL245,CHEMBL891647,9.11,=,Ki
CHEMBL118,CHEMBL230,CHEMBL900727,6.27,=,IC50
CHEMBL118,CHEMBL230,CHEMBL932255,6.52,=,IC50
CHEMBL122,CHEMBL230,CHEMBL947226,6.54,=,IC50
CHEMBL122,CHEMBL230,CHEMBL947228,6.68,=,IC50
CHEMBL118,CHEMBL230,CHEMBL969894,6.0,=,IC50
CHEMBL118,CHEMBL230,CHEMBL998270,7.1,=,IC50
CHEMBL118,CHEMBL230,CHEMBL980986,6.27,=,IC50
CHEMBL118,CHEMBL230,CHEMBL1003657,6.1,=,IC50
CHEMBL118,CHEMBL3025,CHEMBL1031355,7.03,=,Ki
CHEMBL118,CHEMBL230,CHEMBL985925,6.92,=,IC50
CHEMBL118,CHEMBL230,CHEMBL1015216,6.92,=,IC50
CHEMBL122,CHEMBL230,CHEMBL1010181,7.13,=,IC50
CHEMBL122,CHEMBL230,CHEMBL1059944,6.97,=,IC50
CHEMBL118,CHEMBL230,CHEMBL1059944,7.2,=,IC50
CHEMBL122,CHEMBL230,CHEMBL1059941,7.5,=,IC50
CHEMBL118,CHEMBL230,CHEMBL1059941,7.17,=,IC50
CHEMBL118,CHEMBL230,CHEMBL1059947,6.47,=,IC50
CHEMBL122,CHEMBL230,CHEMBL1059947,6.58,=,IC50
CHEMBL118,CHEMBL230,CHEMBL1050788,6.92,=,IC50
CHEMBL118,CHEMBL230,CHEMBL1073129,6.92,=,IC50
CHEMBL118,CHEMBL230,CHEMBL1071442,6.27,=,IC50
CHEMBL118,CHEMBL230,CHEMBL1106771,6.46,=,IC50
CHEMBL118,CHEMBL230,CHEMBL1168969,6.1,=,IC50
CHEMBL118,CHEMBL230,CHEMBL1211654,7.19,=,IC50
CHEMBL118,CHEMBL3729,CHEMBL1211825,6.06,=,Ki
CHEMBL118,CHEMBL4789,CHEMBL1211826,6.1,=,Ki
CHEMBL118,CHEMBL3969,CHEMBL1211827,7.03,=,Ki
CHEMBL118,CHEMBL3025,CHEMBL1211828,7.03,=,Ki
CHEMBL118,CHEMBL3242,CHEMBL1211831,7.75,=,Ki
CHEMBL118,CHEMBL3912,CHEMBL1211832,7.01,=,Ki
CHEMBL118,CHEMBL230,CHEMBL1227392,7.19,=,IC50
CHEMBL118,CHEMBL230,CHEMBL1671271,7.4,=,IC50
CHEMBL118,CHEMBL230,CHEMBL1686812,7.52,=,IC50
CHEMBL118,CHEMBL230,CHEMBL1768320,8.0,=,IC50
CHEMBL118,CHEMBL230,CHEMBL1799869,7.16,=,IC50
CHEMBL122,CHEMBL230,CHEMBL1799869,6.3,=,IC50
CHEMBL118,CHEMBL230,CHEMBL1816061,6.72,=,IC50
CHEMBL122,CHEMBL230,CHEMBL1817369,6.81,=,IC50
CHEMBL118,CHEMBL3242,CHEMBL1839824,7.75,=,Ki
CHEMBL118,CHEMBL205,CHEMBL1909123,6.74,=,IC50
CHEMBL118,CHEMBL221,CHEMBL1909130,6.14,=,IC50
CHEMBL122,CHEMBL230,CHEMBL1917972,6.77,=,IC50
CHEMBL1201335,CHEMBL211,CHEMBL1924274,9.8,=,IC50
CHEMBL1201335,CHEMBL245,CHEMBL1924273,9.6,=,IC50
CHEMBL118,CHEMBL230,CHEMBL1929730,7.0,=,IC50
CHEMBL118,CHEMBL230,CHEMBL1941192,6.27,=,IC50
CHEMBL118,CHEMBL230,CHEMBL1960469,7.4,=,IC50
CHEMBL118,CHEMBL230,CHEMBL1958678,7.16,=,IC50
CHEMBL118,CHEMBL230,CHEMBL1960446,7.22,=,IC50
CHEMBL118,CHEMBL205,CHEMBL1960461,6.38,=,Ki
CHEMBL118,CHEMBL205,CHEMBL1960462,7.12,=,Ki
CHEMBL118,CHEMBL230,CHEMBL2038427,7.22,=,IC50
CHEMBL1231,CHEMBL2035,CHEMBL2045513,7.85,=,Ki
CHEMBL1231,CHEMBL1821,CHEMBL2045512,8.44,=,Ki
CHEMBL1231,CHEMBL245,CHEMBL2045511,8.82,=,Ki
CHEMBL1231,CHEMBL211,CHEMBL2045510,7.93,=,Ki
CHEMBL1231,CHEMBL216,CHEMBL2045509,8.62,=,Ki
CHEMBL118,CHEMBL230,CHEMBL2061526,6.85,=,IC50
CHEMBL122,CHEMBL230,CHEMBL2066346,6.47,=,IC50
CHEMBL118,CHEMBL230,CHEMBL2066346,7.4,=,IC50
CHEMBL118,CHEMBL230,CHEMBL2066354,7.27,=,IC50
CHEMBL118,CHEMBL230,CHEMBL2161532,7.38,=,IC50
CHEMBL122,CHEMBL230,CHEMBL2175784,6.77,=,IC50
CHEMBL118,CHEMBL3912,CHEMBL2183719,7.01,=,Ki
CHEMBL118,CHEMBL3242,CHEMBL2183721,7.75,=,Ki
CHEMBL118,CHEMBL3025,CHEMBL2183723,7.03,=,Ki
CHEMBL118,CHEMBL3969,CHEMBL2183724,7.03,=,Ki
CHEMBL118,CHEMBL4789,CHEMBL2183725,6.1,=,Ki
CHEMBL118,CHEMBL3729,CHEMBL2183726,6.06,=,Ki
CHEMBL1200374,CHEMBL1978,CHEMBL2185145,7.3,=,IC50
CHEMBL118,CHEMBL230,CHEMBL3076632,7.24,=,IC50
CHEMBL118,CHEMBL230,CHEMBL2317149,7.16,=,IC50
CHEMBL122,CHEMBL230,CHEMBL2317149,6.32,=,IC50
CHEMBL118,CHEMBL230,CHEMBL2340595,7.0,=,IC50
CHEMBL118,CHEMBL230,CHEMBL2353244,6.06,=,IC50
CHEMBL118,CHEMBL230,CHEMBL2400366,7.7,=,IC50
CHEMBL118,CHEMBL3242,CHEMBL2429044,7.75,=,Ki
CHEMBL1201335,CHEMBL245,CHEMBL3091164,9.9,=,IC50
CHEMBL118,CHEMBL230,CHEMBL3090866,6.5,=,IC50
CHEMBL118,CHEMBL230,CHEMBL3100233,7.4,=,IC50
CHEMBL118,CHEMBL230,CHEMBL3102295,7.24,=,IC50
CHEMBL118,CHEMBL230,CHEMBL3107402,6.27,=,IC50
CHEMBL118,CHEMBL230,CHEMBL3119935,6.46,=,IC50
CHEMBL118,CHEMBL3242,CHEMBL3116663,7.75,=,Ki
CHEMBL118,CHEMBL230,CHEMBL3128908,7.4,=,IC50
CHEMBL118,CHEMBL230,CHEMBL3128455,6.55,=,IC50
CHEMBL118,CHEMBL230,CHEMBL3240512,7.14,=,IC50
CHEMBL118,CHEMBL230,CHEMBL3240193,7.16,=,IC50
CHEMBL122,CHEMBL230,CHEMBL3240193,6.44,=,IC50
CHEMBL118,CHEMBL230,CHEMBL3269583,7.4,=,IC50
CHEMBL118,CHEMBL230,CHEMBL3269085,6.57,=,IC50
CHEMBL118,CHEMBL230,CHEMBL3268342,6.55,=,IC50
CHEMBL118,CHEMBL230,CHEMBL3292560,6.54,=,IC50
CHEMBL118,CHEMBL230,CHEMBL3380375,7.4,=,IC50
CHEMBL118,CHEMBL230,CHEMBL3363266,7.4,=,IC50
CHEMBL118,CHEMBL230,CHEMBL3384119,7.3,=,IC50
CHEMBL118,CHEMBL230,CHEMBL3406723,7.72,=,IC50
CHEMBL118,CHEMBL3242,CHEMBL3405435,7.75,=,Ki
CHEMBL1200374,CHEMBL1978,CHEMBL3414093,6.05,=,IC50
CHEMBL1200374,CHEMBL1978,CHEMBL3414091,7.3,=,IC50
CHEMBL118,CHEMBL230,CHEMBL3413347,7.28,=,IC50
CHEMBL118,CHEMBL230,CHEMBL3428611,7.8,=,IC50
CHEMBL118,CHEMBL230,CHEMBL3579883,7.4,=,IC50
CHEMBL118,CHEMBL230,CHEMBL3603087,6.89,=,IC50
CHEMBL118,CHEMBL230,CHEMBL3626933,7.72,=,IC50
CHEMBL118,CHEMBL230,CHEMBL3738374,6.05,=,IC50
CHEMBL118,CHEMBL230,CHEMBL3748620,6.58,=,IC50
CHEMBL118,CHEMBL230,CHEMBL3748425,6.06,=,IC50
CHEMBL1200374,CHEMBL1978,CHEMBL3755854,7.58,=,Ki
CHEMBL1200374,CHEMBL1978,CHEMBL3755855,7.99,=,Ki
CHEMBL1200374,CHEMBL1978,CHEMBL3756944,6.64,=,IC50
CHEMBL118,CHEMBL230,CHEMBL3772153,7.4,=,IC50
CHEMBL118,CHEMBL230,CHEMBL3778467,7.4,=,IC50
CHEMBL118,CHEMBL230,CHEMBL3778470,7.4,=,IC50
CHEMBL118,CHEMBL230,CHEMBL3811631,7.4,=,IC50
CHEMBL118,CHEMBL230,CHEMBL3825741,6.51,=,IC50
CHEMBL118,CHEMBL230,CHEMBL3874648,6.47,=,IC50
CHEMBL118,CHEMBL230,CHEMBL3993240,6.11,=,IC50
CHEMBL118,CHEMBL230,CHEMBL4004015,6.19,=,IC50
CHEMBL118,CHEMBL230,CHEMBL4004893,6.06,=,IC50
CHEMBL118,CHEMBL3729,CHEMBL4007128,6.54,=,Ki
CHEMBL118,CHEMBL3594,CHEMBL4007130,7.7,=,Ki
CHEMBL118,CHEMBL230,CHEMBL4010832,7.52,=,IC50
CHEMBL1200374,CHEMBL1978,CHEMBL4022281,7.37,=,IC50
CHEMBL118,CHEMBL221,CHEMBL4030006,6.9,=,IC50
CHEMBL118,CHEMBL230,CHEMBL4030007,8.32,=,IC50
CHEMBL118,CHEMBL230,CHEMBL4044390,6.06,=,IC50
CHEMBL118,CHEMBL230,CHEMBL4047088,7.3,=,IC50
CHEMBL118,CHEMBL230,CHEMBL4052362,8.15,=,IC50
CHEMBL118,CHEMBL230,CHEMBL4057989,6.39,=,IC50
CHEMBL118,CHEMBL230,CHEMBL4125665,6.44,=,IC50
CHEMBL118,CHEMBL6174,CHEMBL4133558,6.27,=,IC50
CHEMBL118,CHEMBL230,CHEMBL4135370,6.52,=,IC50
CHEMBL118,CHEMBL230,CHEMBL4138612,6.06,=,IC50
CHEMBL118,CHEMBL230,CHEMBL4138613,7.16,=,IC50
CHEMBL118,CHEMBL230,CHEMBL4138616,7.22,=,IC50
CHEMBL118,CHEMBL230,CHEMBL4151937,7.4,=,IC50
CHEMBL118,CHEMBL230,CHEMBL4182320,7.92,=,IC50
CHEMBL118,CHEMBL230,CHEMBL4187828,6.82,=,IC50
CHEMBL118,CHEMBL1865,CHEMBL4221576,6.19,=,IC50
CHEMBL118,CHEMBL230,CHEMBL4234507,6.44,=,IC50
CHEMBL118,CHEMBL230,CHEMBL4254481,7.3,=,IC50
CHEMBL118,CHEMBL230,CHEMBL4276175,6.58,=,IC50
CHEMBL118,CHEMBL230,CHEMBL4313651,7.31,=,IC50
CHEMBL118,CHEMBL230,CHEMBL4315495,6.6,=,IC50
CHEMBL118,CHEMBL230,CHEMBL4328892,7.4,=,IC50
CHEMBL122,CHEMBL230,CHEMBL4328897,6.3,=,IC50
CHEMBL118,CHEMBL230,CHEMBL4347182,6.6,=,IC50
CHEMBL118,CHEMBL230,CHEMBL4347975,7.75,=,IC50
CHEMBL118,CHEMBL230,CHEMBL4357321,7.16,=,IC50
CHEMBL118,CHEMBL230,CHEMBL4357322,7.05,=,IC50
CHEMBL118,CHEMBL6174,CHEMBL4363122,6.53,=,IC50
CHEMBL122,CHEMBL6174,CHEMBL4363182,7.7,=,IC50
CHEMBL118,CHEMBL230,CHEMBL4366856,7.4,=,IC50
CHEMBL118,CHEMBL230,CHEMBL4367856,7.95,=,IC50
CHEMBL118,CHEMBL230,CHEMBL4390103,6.66,=,IC50
CHEMBL118,CHEMBL230,CHEMBL4391715,7.3,=,IC50
CHEMBL1200374,CHEMBL1978,CHEMBL4392024,7.58,=,Ki
CHEMBL118,CHEMBL221,CHEMBL4394179,6.88,=,IC50
CHEMBL118,CHEMBL230,CHEMBL4394180,7.45,=,IC50
CHEMBL12,CHEMBL1962,CHEMBL4403718,7.8,=,Ki
CHEMBL12,CHEMBL4956,CHEMBL4403717,7.77,=,Ki
CHEMBL12,CHEMBL3026,CHEMBL4403719,7.77,=,Ki
CHEMBL12,CHEMBL5112,CHEMBL4403720,7.82,=,Ki
CHEMBL1200374,CHEMBL1978,CHEMBL4406484,7.58,=,Ki
CHEMBL118,CHEMBL230,CHEMBL4407741,6.08,=,IC50
CHEMBL118,CHEMBL230,CHEMBL4432969,7.7,=,IC50
CHEMBL118,CHEMBL230,CHEMBL4610810,7.4,=,IC50
CHEMBL118,CHEMBL230,CHEMBL4628530,7.35,=,IC50
CHEMBL118,CHEMBL230,CHEMBL4679101,6.62,=,IC50
CHEMBL118,CHEMBL230,CHEMBL4684643,6.16,=,IC50
CHEMBL118,CHEMBL230,CHEMBL4715099,7.05,=,IC50
CHEMBL118,CHEMBL6174,CHEMBL4722423,6.55,=,IC50
CHEMBL118,CHEMBL230,CHEMBL4727330,6.57,=,IC50
CHEMBL118,CHEMBL230,CHEMBL4733649,6.88,=,IC50
CHEMBL118,CHEMBL230,CHEMBL4770893,7.3,=,IC50
CHEMBL118,CHEMBL230,CHEMBL4810361,7.24,=,IC50
CHEMBL118,CHEMBL230,CHEMBL4810363,7.55,=,IC50
CHEMBL118,CHEMBL230,CHEMBL4810382,9.33,=,Ki
CHEMBL118,CHEMBL230,CHEMBL4810396,6.36,=,IC50
CHEMBL118,CHEMBL230,CHEMBL4810974,7.25,=,IC50
CHEMBL118,CHEMBL230,CHEMBL4822089,7.35,=,IC50
CHEMBL118,CHEMBL230,CHEMBL4826558,6.8,=,IC50
CHEMBL1200374,CHEMBL1978,CHEMBL4836470,7.64,=,IC50
CHEMBL118,CHEMBL230,CHEMBL4843079,8.22,=,IC50
CHEMBL118,CHEMBL230,CHEMBL5033143,7.4,=,IC50
CHEMBL118,CHEMBL3729,CHEMBL5104266,6.54,=,Ki
CHEMBL118,CHEMBL3594,CHEMBL5104268,7.83,=,Ki
CHEMBL118,CHEMBL230,CHEMBL5109601,7.91,=,IC50
CHEMBL1200374,CHEMBL1978,CHEMBL5110673,7.82,=,IC50
CHEMBL118,CHEMBL230,CHEMBL5114141,6.55,=,IC50
CHEMBL1200374,CHEMBL1978,CHEMBL5118295,7.3,=,IC50
CHEMBL118,CHEMBL230,CHEMBL5152276,7.4,=,IC50
CHEMBL118,CHEMBL230,CHEMBL5158619,6.4,=,IC50
CHEMBL118,CHEMBL230,CHEMBL5232629,6.42,=,IC50
CHEMBL118,CHEMBL230,CHEMBL5234668,6.11,=,IC50
CHEMBL118,CHEMBL230,CHEMBL5234680,7.16,=,IC50
CHEMBL118,CHEMBL230,CHEMBL5234689,7.32,=,IC50
CHEMBL118,CHEMBL230,CHEMBL5234720,6.06,=,IC50
CHEMBL118,CHEMBL230,CHEMBL5234797,6.52,=,IC50
CHEMBL118,CHEMBL221,CHEMBL5239812,7.89,=,IC50
CHEMBL1200374,CHEMBL1978,CHEMBL5241252,9.02,=,Ki
CHEMBL118,CHEMBL230,CHEMBL5243068,7.99,=,IC50
CHEMBL118,CHEMBL230,CHEMBL5243069,6.08,=,IC50
CHEMBL118,CHEMBL230,CHEMBL5243075,6.92,=,IC50
CHEMBL118,CHEMBL230,CHEMBL5243076,7.26,=,IC50
CHEMBL118,CHEMBL230,CHEMBL5243088,6.96,=,IC50
CHEMBL118,CHEMBL230,CHEMBL5243090,7.31,=,IC50
CHEMBL118,CHEMBL2903,CHEMBL5243091,7.31,=,IC50
CHEMBL118,CHEMBL230,CHEMBL5243106,6.94,=,IC50
CHEMBL118,CHEMBL230,CHEMBL5258300,6.1,=,IC50
CHEMBL118,CHEMBL230,CHEMBL5356424,7.1,=,IC50
CHEMBL118,CHEMBL230,CHEMBL5371685,7.4,=,IC50
CHEMBL118,CHEMBL230,CHEMBL5371689,7.4,=,IC50
CHEMBL118,CHEMBL230,CHEMBL5387958,7.35,=,IC50
CHEMBL122,CHEMBL230,CHEMBL5387958,7.57,=,IC50
CHEMBL118,CHEMBL230,CHEMBL5391660,7.39,=,IC50
CHEMBL118,CHEMBL230,CHEMBL5391665,7.82,=,IC50
CHEMBL118,CHEMBL230,CHEMBL5507906,6.15,=,IC50
CHEMBL118,CHEMBL230,CHEMBL5524644,7.55,=,IC50
CHEMBL118,CHEMBL230,CHEMBL5543502,7.31,=,IC50
CHEMBL118,CHEMBL230,CHEMBL5543878,7.35,=,IC50
CHEMBL118,CHEMBL205,CHEMBL5587984,7.8,=,Kd
CHEMBL118,CHEMBL230,CHEMBL5621161,7.2,=,IC50
CHEMBL118,CHEMBL230,CHEMBL5628477,7.32,=,IC50
CHEMBL118,CHEMBL230,CHEMBL6081306,7.2,=,IC50
CHEMBL118,CHEMBL230,CHEMBL6092516,7.37,=,IC50
CHEMBL118,CHEMBL230,CHEMBL6104963,7.21,=,IC50
CHEMBL118,CHEMBL230,CHEMBL6105642,7.51,=,IC50
CHEMBL118,CHEMBL230,CHEMBL6120130,6.3,=,IC50
CHEMBL118,CHEMBL230,CHEMBL6178075,7.22,=,IC50
CHEMBL118,CHEMBL230,CHEMBL6183487,7.33,=,IC50
CHEMBL118,CHEMBL221,CHEMBL6183488,6.91,=,IC50
CHEMBL118,CHEMBL221,CHEMBL6183497,6.73,=,IC50
CHEMBL118,CHEMBL230,CHEMBL6183498,7.02,=,IC50
CHEMBL118,CHEMBL230,CHEMBL6183500,7.1,=,IC50
CHEMBL1265,CHEMBL2008,CHEMBL798918,7.47,=,Ki
CHEMBL1265,CHEMBL2003,CHEMBL798023,6.89,=,Ki
CHEMBL128,CHEMBL1983,CHEMBL616909,8.17,=,IC50
CHEMBL128,CHEMBL1983,CHEMBL616903,8.3,=,IC50
CHEMBL128,CHEMBL1898,CHEMBL616636,7.8,=,IC50
CHEMBL128,CHEMBL214,CHEMBL616139,6.36,=,Ki
CHEMBL128,CHEMBL1983,CHEMBL616938,7.96,=,Ki
CHEMBL128,CHEMBL1898,CHEMBL616434,7.44,=,Ki
CHEMBL128,CHEMBL1983,CHEMBL616935,8.26,=,Ki
CHEMBL128,CHEMBL1898,CHEMBL616432,7.32,=,Ki
CHEMBL1237044,CHEMBL222,CHEMBL865923,6.1,=,IC50
CHEMBL1237044,CHEMBL237,CHEMBL1019878,7.85,=,Ki
CHEMBL1237044,CHEMBL236,CHEMBL1019877,8.03,=,Ki
CHEMBL128,CHEMBL1983,CHEMBL965238,8.92,=,Ki
CHEMBL128,CHEMBL1898,CHEMBL965237,8.04,=,Ki
CHEMBL1256786,CHEMBL213,CHEMBL1227593,6.5,=,Ki
CHEMBL1263,CHEMBL213,CHEMBL1227593,6.1,=,Ki
CHEMBL1263,CHEMBL213,CHEMBL3129863,6.1,=,EC50
CHEMBL1263,CHEMBL213,CHEMBL3378138,6.11,=,Ki
CHEMBL1256786,CHEMBL213,CHEMBL3378138,6.5,=,Ki
CHEMBL13,CHEMBL213,CHEMBL3591363,7.8,=,Kd
CHEMBL1265,CHEMBL2003,CHEMBL4195063,8.51,=,EC50
CHEMBL1265,CHEMBL2008,CHEMBL4195066,8.7,=,EC50
CHEMBL128,CHEMBL3155,CHEMBL4343395,6.0,=,Ki
CHEMBL1263,CHEMBL213,CHEMBL4397564,6.7,=,EC50
CHEMBL13,CHEMBL213,CHEMBL4402769,7.26,=,Ki
CHEMBL1282,CHEMBL3708265,CHEMBL4673830,6.19,=,IC50
CHEMBL128,CHEMBL1898,CHEMBL5346609,9.3,=,Ki
CHEMBL1278,CHEMBL1898,CHEMBL5346609,8.82,=,Ki
CHEMBL1279,CHEMBL1898,CHEMBL5346609,8.36,=,Ki
CHEMBL128,CHEMBL1983,CHEMBL5346610,9.3,=,Ki
CHEMBL1278,CHEMBL1983,CHEMBL5346610,8.82,=,Ki
CHEMBL1279,CHEMBL1983,CHEMBL5346610,8.36,=,Ki
CHEMBL1263,CHEMBL229,CHEMBL5442203,6.26,=,Ki
CHEMBL1263,CHEMBL223,CHEMBL5442201,6.02,=,Ki
CHEMBL1263,CHEMBL213,CHEMBL5442213,6.16,=,Ki
CHEMBL1263,CHEMBL2035,CHEMBL5442176,6.01,=,Ki
CHEMBL1263,CHEMBL3155,CHEMBL5442182,6.59,=,Ki
CHEMBL1263,CHEMBL222,CHEMBL5442183,6.42,=,Ki
CHEMBL1263,CHEMBL238,CHEMBL5442184,6.83,=,Ki
CHEMBL1263,CHEMBL228,CHEMBL5442191,6.53,=,Ki
CHEMBL1282,CHEMBL5936,CHEMBL5516758,6.7,=,EC50
CHEMBL134,CHEMBL1867,CHEMBL647726,6.07,=,Ki
CHEMBL134,CHEMBL1916,CHEMBL873182,6.8,=,Ki
CHEMBL1358,CHEMBL206,CHEMBL679325,8.22,=,IC50
CHEMBL1358,CHEMBL242,CHEMBL673656,8.15,=,IC50
CHEMBL134,CHEMBL1867,CHEMBL647962,8.42,=,Ki
CHEMBL134,CHEMBL1916,CHEMBL648617,7.52,=,Ki
CHEMBL1358,CHEMBL206,CHEMBL681151,8.98,=,Ki
CHEMBL1358,CHEMBL242,CHEMBL678663,8.86,=,Ki
CHEMBL1358,CHEMBL242,CHEMBL832939,8.08,=,IC50
CHEMBL1336,CHEMBL4204,CHEMBL860651,6.6,=,Kd
CHEMBL1336,CHEMBL1955,CHEMBL860889,7.8,=,Kd
CHEMBL1336,CHEMBL1974,CHEMBL860797,7.7,=,Kd
CHEMBL1336,CHEMBL1913,CHEMBL860919,7.39,=,Kd
CHEMBL1336,CHEMBL279,CHEMBL860900,7.03,=,Kd
CHEMBL1336,CHEMBL1862,CHEMBL859868,6.89,=,Kd
CHEMBL1336,CHEMBL3981,CHEMBL860781,6.85,=,Kd
CHEMBL1336,CHEMBL1862,CHEMBL859873,6.77,=,Kd
CHEMBL1336,CHEMBL3961,CHEMBL860916,6.7,=,Kd
CHEMBL1336,CHEMBL1862,CHEMBL859872,6.64,=,Kd
CHEMBL1336,CHEMBL4526,CHEMBL859486,6.62,=,Kd
CHEMBL1336,CHEMBL260,CHEMBL860914,6.58,=,Kd
CHEMBL1336,CHEMBL4223,CHEMBL860775,6.36,=,Kd
CHEMBL1336,CHEMBL1862,CHEMBL859869,6.35,=,Kd
CHEMBL1336,CHEMBL1862,CHEMBL861044,6.24,=,Kd
CHEMBL1336,CHEMBL1936,CHEMBL860918,6.13,=,Kd
CHEMBL1336,CHEMBL4134,CHEMBL860777,6.02,=,Kd
CHEMBL1399,CHEMBL1978,CHEMBL865872,6.22,=,IC50
CHEMBL1444,CHEMBL1978,CHEMBL915480,7.28,=,IC50
CHEMBL1399,CHEMBL1978,CHEMBL915480,7.82,=,IC50
CHEMBL1358,CHEMBL206,CHEMBL895878,8.31,=,IC50
CHEMBL1358,CHEMBL242,CHEMBL895879,7.36,=,IC50
CHEMBL1444,CHEMBL1978,CHEMBL1011777,8.21,=,IC50
CHEMBL1444,CHEMBL1978,CHEMBL1011778,8.66,=,Ki
CHEMBL1399,CHEMBL1978,CHEMBL967987,8.0,=,IC50
CHEMBL1444,CHEMBL1978,CHEMBL967987,7.94,=,IC50
CHEMBL1444,CHEMBL1978,CHEMBL988317,9.05,=,IC50
CHEMBL1336,CHEMBL1974,CHEMBL1063729,7.1,=,Kd
CHEMBL1336,CHEMBL1974,CHEMBL1061073,7.96,=,Kd
CHEMBL1336,CHEMBL1955,CHEMBL1060246,7.02,=,Kd
CHEMBL1336,CHEMBL279,CHEMBL1051261,7.23,=,Kd
CHEMBL1336,CHEMBL3886,CHEMBL1051317,8.2,=,Kd
CHEMBL1336,CHEMBL5274,CHEMBL1061930,7.17,=,Kd
CHEMBL1336,CHEMBL5608,CHEMBL1041998,6.22,=,Kd
CHEMBL1336,CHEMBL4718,CHEMBL1063804,6.64,=,Kd
CHEMBL1336,CHEMBL1862,CHEMBL1061129,6.17,=,Kd
CHEMBL1336,CHEMBL5364,CHEMBL1063809,6.19,=,Kd
CHEMBL1336,CHEMBL260,CHEMBL1061091,6.43,=,Kd
CHEMBL1336,CHEMBL3961,CHEMBL1062864,6.64,=,Kd
CHEMBL1336,CHEMBL1862,CHEMBL1062829,6.6,=,Kd
CHEMBL1336,CHEMBL1862,CHEMBL1062830,6.32,=,Kd
CHEMBL1336,CHEMBL1862,CHEMBL1051277,6.8,=,Kd
CHEMBL1336,CHEMBL1862,CHEMBL1061130,6.38,=,Kd
CHEMBL1336,CHEMBL1936,CHEMBL1060197,7.51,=,Kd
CHEMBL1336,CHEMBL5260,CHEMBL1061932,6.55,=,Kd
CHEMBL1336,CHEMBL1936,CHEMBL1060198,6.51,=,Kd
CHEMBL1336,CHEMBL1936,CHEMBL1051336,7.75,=,Kd
CHEMBL1336,CHEMBL1936,CHEMBL1061901,6.62,=,Kd
CHEMBL1336,CHEMBL1906,CHEMBL1051322,6.43,=,IC50
CHEMBL1336,CHEMBL5122,CHEMBL1060180,8.18,=,Kd
CHEMBL1336,CHEMBL1936,CHEMBL1061077,7.8,=,Kd
CHEMBL1336,CHEMBL3981,CHEMBL1051338,6.82,=,Kd
CHEMBL1336,CHEMBL2007,CHEMBL1062783,7.21,=,Kd
CHEMBL1336,CHEMBL1913,CHEMBL1051304,7.43,=,Kd
CHEMBL1336,CHEMBL2185,CHEMBL1062834,6.36,=,Kd
CHEMBL1336,CHEMBL6002,CHEMBL1062837,6.6,=,Kd
CHEMBL1336,CHEMBL5719,CHEMBL1051283,6.51,=,Kd
CHEMBL1336,CHEMBL4204,CHEMBL1050830,6.89,=,Kd
CHEMBL1336,CHEMBL5684,CHEMBL1051339,6.89,=,Kd
CHEMBL1336,CHEMBL1844,CHEMBL1063702,7.55,=,Kd
CHEMBL1336,CHEMBL4223,CHEMBL1060247,6.29,=,Kd
CHEMBL1336,CHEMBL3935,CHEMBL1060236,6.68,=,Kd
CHEMBL1336,CHEMBL3055,CHEMBL1063700,6.85,=,Kd
CHEMBL1336,CHEMBL4526,CHEMBL1060244,6.43,=,Kd
CHEMBL1336,CHEMBL5198,CHEMBL1060193,7.34,=,Kd
CHEMBL1336,CHEMBL1906,CHEMBL1062868,6.64,=,Kd
CHEMBL1336,CHEMBL2041,CHEMBL1061179,7.89,=,Kd
CHEMBL1336,CHEMBL2041,CHEMBL1051257,8.13,=,Kd
CHEMBL1336,CHEMBL1868,CHEMBL1061174,7.51,=,Kd
CHEMBL1336,CHEMBL1974,CHEMBL1061898,7.89,=,Kd
CHEMBL1336,CHEMBL1974,CHEMBL1060194,7.52,=,Kd
CHEMBL1336,CHEMBL1974,CHEMBL1050826,7.09,=,Kd
CHEMBL1444,CHEMBL1978,CHEMBL1067556,9.05,=,IC50
CHEMBL1399,CHEMBL1978,CHEMBL1067556,8.82,=,IC50
CHEMBL1336,CHEMBL260,CHEMBL1073514,7.08,=,IC50
CHEMBL1399,CHEMBL1978,CHEMBL1105634,7.82,=,IC50
CHEMBL1444,CHEMBL1978,CHEMBL1105634,7.94,=,IC50
CHEMBL1336,CHEMBL260,CHEMBL1217288,7.07,=,IC50
CHEMBL1336,CHEMBL1974,CHEMBL1244697,8.7,=,IC50
CHEMBL1336,CHEMBL1974,CHEMBL1244698,8.49,=,IC50
CHEMBL1336,CHEMBL1862,CHEMBL1244704,6.44,=,Kd
CHEMBL1336,CHEMBL1862,CHEMBL1244705,6.21,=,Kd
CHEMBL1336,CHEMBL1862,CHEMBL1244707,6.6,=,Kd
CHEMBL1336,CHEMBL1862,CHEMBL1244708,6.32,=,Kd
CHEMBL1336,CHEMBL1862,CHEMBL1244709,6.8,=,Kd
CHEMBL1336,CHEMBL1862,CHEMBL1244710,6.38,=,Kd
CHEMBL1336,CHEMBL1974,CHEMBL1244846,7.52,=,Kd
CHEMBL1336,CHEMBL1974,CHEMBL1244847,7.09,=,Kd
CHEMBL1336,CHEMBL1974,CHEMBL1244849,8.35,=,Kd
CHEMBL1336,CHEMBL1974,CHEMBL1244850,7.96,=,Kd
CHEMBL1336,CHEMBL1936,CHEMBL1244473,6.51,=,Kd
CHEMBL1336,CHEMBL1936,CHEMBL1244474,7.96,=,Kd
CHEMBL1336,CHEMBL1936,CHEMBL1244475,7.8,=,Kd
CHEMBL1336,CHEMBL1936,CHEMBL1244476,7.75,=,Kd
CHEMBL1336,CHEMBL1936,CHEMBL1244477,6.62,=,Kd
CHEMBL1336,CHEMBL2041,CHEMBL1244952,8.13,=,Kd
CHEMBL1336,CHEMBL2041,CHEMBL1244953,7.41,=,Kd
CHEMBL1336,CHEMBL2041,CHEMBL1244954,7.66,=,Kd
CHEMBL1336,CHEMBL1906,CHEMBL1763782,7.4,=,IC50
CHEMBL1444,CHEMBL1978,CHEMBL1787614,7.75,=,IC50
CHEMBL1336,CHEMBL1936,CHEMBL1787525,7.51,=,Kd
CHEMBL1336,CHEMBL1936,CHEMBL1787527,6.51,=,Kd
CHEMBL1444,CHEMBL1978,CHEMBL1785943,8.38,=,IC50
CHEMBL1336,CHEMBL279,CHEMBL1821203,7.64,=,IC50
CHEMBL1336,CHEMBL279,CHEMBL1821204,9.8,=,IC50
CHEMBL1336,CHEMBL279,CHEMBL1821205,7.0,=,IC50
CHEMBL1336,CHEMBL279,CHEMBL1821206,8.21,=,IC50
CHEMBL1336,CHEMBL279,CHEMBL1821207,7.66,=,Ki
CHEMBL1336,CHEMBL279,CHEMBL1821211,10.68,=,Ki
CHEMBL1336,CHEMBL279,CHEMBL1821212,9.92,=,Ki
CHEMBL1444,CHEMBL1978,CHEMBL1958525,9.0,=,IC50
CHEMBL1444,CHEMBL1978,CHEMBL1961307,8.7,=,IC50
CHEMBL1399,CHEMBL1978,CHEMBL1961307,8.1,=,IC50
CHEMBL1444,CHEMBL1978,CHEMBL1961308,10.7,=,Ki
CHEMBL1399,CHEMBL1978,CHEMBL1961308,9.89,=,Ki
CHEMBL134,CHEMBL1867,CHEMBL2060407,8.06,=,Ki
CHEMBL134,CHEMBL1942,CHEMBL2060408,7.5,=,Ki
CHEMBL134,CHEMBL1916,CHEMBL2060409,8.03,=,Ki
CHEMBL1336,CHEMBL1974,CHEMBL2066303,7.27,=,IC50
CHEMBL1336,CHEMBL1868,CHEMBL2066304,6.78,=,IC50
CHEMBL1336,CHEMBL279,CHEMBL2066305,7.7,=,IC50
CHEMBL1444,CHEMBL1978,CHEMBL2185145,8.0,=,IC50
CHEMBL1444,CHEMBL1978,CHEMBL2321525,7.44,=,IC50
CHEMBL1358,CHEMBL3429,CHEMBL2330132,8.7,=,IC50
CHEMBL1336,CHEMBL1974,CHEMBL2344825,7.1,=,Kd
CHEMBL1336,CHEMBL279,CHEMBL2344829,7.05,=,IC50
CHEMBL1336,CHEMBL1974,CHEMBL2344828,7.48,=,IC50
CHEMBL1336,CHEMBL1974,CHEMBL2344827,8.15,=,IC50
CHEMBL1444,CHEMBL1978,CHEMBL2344743,7.78,=,IC50
CHEMBL1336,CHEMBL279,CHEMBL2382764,7.05,=,IC50
CHEMBL1336,CHEMBL279,CHEMBL2390017,7.7,=,IC50
CHEMBL1336,CHEMBL1974,CHEMBL2390018,7.27,=,IC50
CHEMBL1358,CHEMBL2047,CHEMBL2399380,6.1,=,IC50
CHEMBL1336,CHEMBL1906,CHEMBL2399720,7.35,=,IC50
CHEMBL1428,CHEMBL3401,CHEMBL2399371,6.41,=,EC50
CHEMBL1444,CHEMBL1978,CHEMBL2444880,8.47,=,IC50
CHEMBL1336,CHEMBL279,CHEMBL3102332,8.97,=,IC50
CHEMBL1444,CHEMBL1978,CHEMBL3106967,8.55,=,IC50
CHEMBL1444,CHEMBL1978,CHEMBL3135122,8.96,=,IC50
CHEMBL1336,CHEMBL279,CHEMBL3136337,7.28,=,IC50
CHEMBL1444,CHEMBL1978,CHEMBL3225086,7.44,=,IC50
CHEMBL1336,CHEMBL279,CHEMBL3222612,8.97,=,IC50
CHEMBL1336,CHEMBL1974,CHEMBL3240326,8.4,=,IC50
CHEMBL1336,CHEMBL1974,CHEMBL3242592,8.7,=,IC50
CHEMBL1336,CHEMBL1906,CHEMBL3266155,7.66,=,IC50
CHEMBL1336,CHEMBL5122,CHEMBL3265733,6.5,=,Kd
CHEMBL1336,CHEMBL5122,CHEMBL3265735,8.15,=,IC50
CHEMBL1336,CHEMBL5122,CHEMBL3265736,7.44,=,IC50
CHEMBL1336,CHEMBL5122,CHEMBL3265739,8.15,=,Kd
CHEMBL1336,CHEMBL279,CHEMBL3378499,7.48,=,Kd
CHEMBL1336,CHEMBL1906,CHEMBL3371131,8.22,=,IC50
CHEMBL1336,CHEMBL1906,CHEMBL3387486,8.22,=,IC50
CHEMBL1336,CHEMBL279,CHEMBL3396150,7.05,=,IC50
CHEMBL1336,CHEMBL279,CHEMBL3399480,9.07,=,IC50
CHEMBL1336,CHEMBL279,CHEMBL3411015,7.05,=,IC50
CHEMBL1444,CHEMBL1978,CHEMBL3425269,8.28,=,IC50
CHEMBL1336,CHEMBL5122,CHEMBL3424166,8.18,=,Kd
CHEMBL1336,CHEMBL2041,CHEMBL3428795,8.22,=,IC50
CHEMBL1336,CHEMBL260,CHEMBL3580221,7.43,=,IC50
CHEMBL1336,CHEMBL3385,CHEMBL3580222,7.74,=,IC50
CHEMBL1336,CHEMBL4040,CHEMBL3580223,6.96,=,IC50
CHEMBL1358,CHEMBL206,CHEMBL3582719,9.4,=,EC50
CHEMBL1358,CHEMBL206,CHEMBL3582785,7.62,=,IC50
CHEMBL1358,CHEMBL242,CHEMBL3582786,7.68,=,IC50
CHEMBL1336,CHEMBL279,CHEMBL3587278,9.32,=,IC50
CHEMBL1444,CHEMBL1978,CHEMBL3592237,8.48,=,IC50
CHEMBL1336,CHEMBL279,CHEMBL3590864,7.0,=,IC50
CHEMBL1336,CHEMBL279,CHEMBL3595190,7.38,=,IC50
CHEMBL1336,CHEMBL1974,CHEMBL3595189,7.36,=,IC50
CHEMBL1336,CHEMBL279,CHEMBL3614227,7.05,=,IC50
CHEMBL1358,CHEMBL208,CHEMBL3624761,9.68,=,IC50
CHEMBL1358,CHEMBL206,CHEMBL3624759,10.2,=,IC50
CHEMBL1358,CHEMBL206,CHEMBL3624758,9.09,=,IC50
CHEMBL1444,CHEMBL1978,CHEMBL3627341,9.05,=,IC50
CHEMBL1399,CHEMBL1978,CHEMBL3627343,8.82,=,IC50
CHEMBL1336,CHEMBL279,CHEMBL3636058,9.32,=,IC50
CHEMBL1336,CHEMBL1906,CHEMBL3705982,7.35,=,IC50
CHEMBL1336,CHEMBL279,CHEMBL3745462,8.92,=,IC50
CHEMBL1336,CHEMBL279,CHEMBL3756334,7.0,=,IC50
CHEMBL1336,CHEMBL279,CHEMBL3756969,8.85,=,IC50
CHEMBL1336,CHEMBL279,CHEMBL3757594,7.05,=,IC50
CHEMBL1336,CHEMBL279,CHEMBL3760416,8.0,=,IC50
CHEMBL1336,CHEMBL279,CHEMBL3766503,7.14,=,IC50
CHEMBL1336,CHEMBL279,CHEMBL3784202,7.05,=,IC50
CHEMBL1336,CHEMBL1862,CHEMBL3801100,6.89,=,Kd
CHEMBL1336,CHEMBL1974,CHEMBL3801101,7.89,=,Kd
CHEMBL1336,CHEMBL1906,CHEMBL3802394,8.22,=,IC50
CHEMBL1444,CHEMBL1978,CHEMBL3806799,8.4,=,IC50
CHEMBL1399,CHEMBL1978,CHEMBL3820543,8.44,=,IC50
CHEMBL1324,CHEMBL2023,CHEMBL3821389,6.9,=,IC50
CHEMBL1444,CHEMBL1978,CHEMBL3861285,8.28,=,IC50
CHEMBL1336,CHEMBL279,CHEMBL3863843,6.77,=,IC50
CHEMBL1373,CHEMBL238,CHEMBL3863999,6.03,=,Ki
CHEMBL1336,CHEMBL279,CHEMBL3865779,6.77,=,IC50
CHEMBL1336,CHEMBL2041,CHEMBL3991867,6.93,=,Kd
CHEMBL1336,CHEMBL3886,CHEMBL3991926,6.14,=,Kd
CHEMBL1336,CHEMBL279,CHEMBL3993539,9.35,=,IC50
CHEMBL1336,CHEMBL4128,CHEMBL3993540,9.08,=,IC50
CHEMBL1336,CHEMBL5147,CHEMBL3993541,9.7,=,IC50
CHEMBL1358,CHEMBL206,CHEMBL4011149,8.47,=,IC50
CHEMBL1358,CHEMBL206,CHEMBL4011151,9.0,=,IC50
CHEMBL1358,CHEMBL206,CHEMBL4011175,10.22,=,IC50
CHEMBL1358,CHEMBL206,CHEMBL4011208,8.92,=,IC50
CHEMBL1358,CHEMBL206,CHEMBL4013740,9.52,=,IC50
CHEMBL1358,CHEMBL206,CHEMBL4024644,8.47,=,IC50
CHEMBL1358,CHEMBL206,CHEMBL4024646,8.92,=,IC50
CHEMBL1358,CHEMBL206,CHEMBL4024656,8.42,=,IC50
CHEMBL1336,CHEMBL279,CHEMBL4033254,7.05,=,IC50
CHEMBL1336,CHEMBL279,CHEMBL4033253,7.33,=,IC50
CHEMBL1336,CHEMBL1169596,CHEMBL4050073,8.15,=,IC50
CHEMBL1336,CHEMBL1906,CHEMBL4050075,8.21,=,IC50
CHEMBL1336,CHEMBL1974,CHEMBL4059187,7.81,=,IC50
CHEMBL1336,CHEMBL279,CHEMBL4135859,9.07,=,IC50
CHEMBL1336,CHEMBL4128,CHEMBL4135860,8.17,=,IC50
CHEMBL1336,CHEMBL5147,CHEMBL4135861,8.35,=,IC50
CHEMBL1336,CHEMBL279,CHEMBL4139350,7.0,=,IC50
CHEMBL1336,CHEMBL279,CHEMBL4140580,8.9,=,IC50
CHEMBL1336,CHEMBL4128,CHEMBL4140581,8.11,=,IC50
CHEMBL1336,CHEMBL5147,CHEMBL4140582,8.34,=,IC50
CHEMBL1444,CHEMBL1978,CHEMBL4142230,8.72,=,IC50
CHEMBL1444,CHEMBL1978,CHEMBL4143196,7.3,=,IC50
CHEMBL1336,CHEMBL279,CHEMBL4155774,7.75,=,IC50
CHEMBL1336,CHEMBL279,CHEMBL4179085,6.77,=,IC50
CHEMBL1336,CHEMBL1906,CHEMBL4179087,6.92,=,IC50
CHEMBL1444,CHEMBL1978,CHEMBL4186378,8.0,=,IC50
CHEMBL1324,CHEMBL3194,CHEMBL4200690,7.69,=,Kd
CHEMBL1324,CHEMBL3194,CHEMBL4200710,7.25,=,Kd
CHEMBL1336,CHEMBL5719,CHEMBL4220244,6.7,=,IC50
CHEMBL1336,CHEMBL6002,CHEMBL4220245,6.69,=,IC50
CHEMBL1336,CHEMBL1906,CHEMBL4220247,8.22,=,IC50
CHEMBL1336,CHEMBL279,CHEMBL4220250,7.05,=,IC50
CHEMBL1336,CHEMBL1974,CHEMBL4220252,7.24,=,IC50
CHEMBL1399,CHEMBL1978,CHEMBL4222101,8.82,=,IC50
CHEMBL1336,CHEMBL279,CHEMBL4223322,7.52,=,IC50
CHEMBL1336,CHEMBL279,CHEMBL4223401,7.17,=,IC50
CHEMBL1336,CHEMBL4204,CHEMBL4236037,6.58,=,IC50
CHEMBL1336,CHEMBL279,CHEMBL4252289,6.38,=,IC50
CHEMBL1336,CHEMBL279,CHEMBL4259013,6.02,=,IC50
CHEMBL1336,CHEMBL279,CHEMBL4272805,6.5,=,IC50
CHEMBL1336,CHEMBL279,CHEMBL4307557,6.85,=,IC50
CHEMBL1336,CHEMBL1913,CHEMBL4307558,6.24,=,IC50
CHEMBL1444,CHEMBL1978,CHEMBL4316326,8.72,=,IC50
CHEMBL1336,CHEMBL4128,CHEMBL4330409,9.41,=,IC50
CHEMBL1336,CHEMBL5147,CHEMBL4330410,9.66,=,IC50
CHEMBL1336,CHEMBL279,CHEMBL4330587,6.96,=,IC50
CHEMBL1336,CHEMBL1913,CHEMBL4330589,6.89,=,IC50
CHEMBL1336,CHEMBL279,CHEMBL4330595,7.05,=,IC50
CHEMBL1336,CHEMBL1169596,CHEMBL4331497,8.15,=,IC50
CHEMBL1336,CHEMBL1906,CHEMBL4331499,8.21,=,IC50
CHEMBL1358,CHEMBL206,CHEMBL4332083,9.4,=,EC50
CHEMBL1336,CHEMBL279,CHEMBL4332288,7.82,=,IC50
CHEMBL1336,CHEMBL1974,CHEMBL4353138,8.89,=,IC50
CHEMBL1358,CHEMBL206,CHEMBL4356683,8.8,=,IC50
CHEMBL1444,CHEMBL1978,CHEMBL4362640,8.72,=,IC50
CHEMBL1358,CHEMBL206,CHEMBL4370347,8.3,=,IC50
CHEMBL1336,CHEMBL279,CHEMBL4375978,7.72,=,IC50
CHEMBL1336,CHEMBL279,CHEMBL4383827,6.98,=,IC50
CHEMBL1444,CHEMBL1978,CHEMBL4391749,8.0,=,IC50
CHEMBL1336,CHEMBL1169596,CHEMBL4392745,7.92,=,IC50
CHEMBL1336,CHEMBL1906,CHEMBL4392746,7.26,=,IC50
CHEMBL1358,CHEMBL206,CHEMBL4393302,9.11,=,IC50
CHEMBL1358,CHEMBL206,CHEMBL4393303,8.85,=,EC50
CHEMBL1358,CHEMBL206,CHEMBL4393308,8.33,=,Kd
CHEMBL1336,CHEMBL279,CHEMBL4398894,7.42,=,IC50
CHEMBL1336,CHEMBL279,CHEMBL4399178,7.0,=,IC50
CHEMBL1336,CHEMBL1913,CHEMBL4399180,7.22,=,IC50
CHEMBL1336,CHEMBL1936,CHEMBL4399183,7.1,=,IC50
CHEMBL1336,CHEMBL1906,CHEMBL4399184,8.15,=,IC50
CHEMBL1336,CHEMBL1974,CHEMBL4401421,7.96,=,Kd
CHEMBL1336,CHEMBL1974,CHEMBL4401422,7.02,=,Kd
CHEMBL1336,CHEMBL1974,CHEMBL4401423,6.2,=,Kd
CHEMBL1336,CHEMBL1974,CHEMBL4401424,6.07,=,Kd
CHEMBL1336,CHEMBL1974,CHEMBL4401425,7.89,=,Kd
CHEMBL1336,CHEMBL279,CHEMBL4410428,7.59,=,IC50
CHEMBL1336,CHEMBL4223,CHEMBL4419202,6.36,=,Kd
CHEMBL1336,CHEMBL4128,CHEMBL4423709,9.41,=,IC50
CHEMBL1336,CHEMBL5147,CHEMBL4423710,9.66,=,IC50
CHEMBL1358,CHEMBL206,CHEMBL4429354,8.52,=,IC50
CHEMBL1358,CHEMBL206,CHEMBL4429355,8.03,=,IC50
CHEMBL1358,CHEMBL206,CHEMBL4429356,8.07,=,IC50
CHEMBL1336,CHEMBL279,CHEMBL4433475,7.05,=,IC50
CHEMBL1336,CHEMBL279,CHEMBL4433477,6.75,=,IC50
CHEMBL1444,CHEMBL1978,CHEMBL4480339,8.66,=,IC50
CHEMBL1444,CHEMBL1978,CHEMBL4480339,8.66,=,IC50
CHEMBL1444,CHEMBL1978,CHEMBL4612451,8.0,=,IC50
CHEMBL1336,CHEMBL2508,CHEMBL4613408,6.89,=,IC50
CHEMBL1358,CHEMBL206,CHEMBL4619351,9.49,=,IC50
CHEMBL1358,CHEMBL206,CHEMBL4619355,9.08,=,IC50
CHEMBL1336,CHEMBL279,CHEMBL4672268,7.1,=,IC50
CHEMBL1336,CHEMBL279,CHEMBL4684708,6.98,=,IC50
CHEMBL1358,CHEMBL206,CHEMBL4685966,8.54,=,IC50
CHEMBL1358,CHEMBL242,CHEMBL4685967,7.99,=,IC50
CHEMBL1336,CHEMBL1955,CHEMBL4735615,7.44,=,IC50
CHEMBL1336,CHEMBL279,CHEMBL4735616,7.04,=,IC50
CHEMBL1336,CHEMBL2007,CHEMBL4735618,6.37,=,IC50
CHEMBL1336,CHEMBL279,CHEMBL4736486,7.68,=,IC50
CHEMBL1336,CHEMBL5427,CHEMBL4739039,7.0,=,IC50
CHEMBL1336,CHEMBL4576,CHEMBL4739040,7.0,=,IC50
CHEMBL1336,CHEMBL4577,CHEMBL4739041,7.0,=,IC50
CHEMBL1336,CHEMBL1075167,CHEMBL4739042,7.0,=,IC50
CHEMBL1336,CHEMBL2041,CHEMBL4766671,8.05,=,IC50
CHEMBL1336,CHEMBL2041,CHEMBL4766672,7.96,=,IC50
CHEMBL1336,CHEMBL2041,CHEMBL4766673,8.05,=,IC50
CHEMBL1336,CHEMBL1974,CHEMBL4768827,7.24,=,IC50
CHEMBL1336,CHEMBL1844,CHEMBL4770451,7.55,=,Kd
CHEMBL1336,CHEMBL1868,CHEMBL4770454,7.51,=,Kd
CHEMBL1336,CHEMBL2007,CHEMBL4770455,7.21,=,Kd
CHEMBL1336,CHEMBL2041,CHEMBL4770456,7.21,=,Kd
CHEMBL1336,CHEMBL5719,CHEMBL4771288,7.44,=,IC50
CHEMBL1336,CHEMBL1075167,CHEMBL4808052,8.52,=,IC50
CHEMBL1336,CHEMBL279,CHEMBL4811110,8.51,=,IC50
CHEMBL1336,CHEMBL279,CHEMBL4820638,7.55,=,IC50
CHEMBL1336,CHEMBL279,CHEMBL4822643,7.29,=,IC50
CHEMBL1358,CHEMBL206,CHEMBL4827352,9.6,=,IC50
CHEMBL1336,CHEMBL1974,CHEMBL4831021,7.21,=,IC50
CHEMBL1324,CHEMBL3194,CHEMBL4833458,6.01,=,Kd
CHEMBL1324,CHEMBL3194,CHEMBL4833467,7.02,=,Kd
CHEMBL1444,CHEMBL1978,CHEMBL4836470,9.0,=,IC50
CHEMBL1336,CHEMBL279,CHEMBL4839222,7.05,=,IC50
CHEMBL1336,CHEMBL1955,CHEMBL4839223,7.7,=,IC50
CHEMBL1336,CHEMBL1913,CHEMBL4839225,7.24,=,IC50
CHEMBL1336,CHEMBL1936,CHEMBL4839226,7.17,=,IC50
CHEMBL1336,CHEMBL5260,CHEMBL4841800,7.0,=,IC50
CHEMBL1336,CHEMBL5260,CHEMBL4841800,6.55,=,Kd
CHEMBL1336,CHEMBL5260,CHEMBL4841801,6.6,=,IC50
CHEMBL1336,CHEMBL260,CHEMBL4841803,7.42,=,IC50
CHEMBL1336,CHEMBL279,CHEMBL4841816,7.05,=,IC50
CHEMBL1358,CHEMBL206,CHEMBL5033716,7.05,=,IC50
CHEMBL1444,CHEMBL1978,CHEMBL5037521,8.4,=,IC50
CHEMBL1336,CHEMBL2041,CHEMBL5048418,6.82,=,IC50
CHEMBL1358,CHEMBL206,CHEMBL5053639,8.54,=,IC50
CHEMBL1358,CHEMBL242,CHEMBL5053640,7.99,=,IC50
CHEMBL1336,CHEMBL279,CHEMBL5057122,6.95,=,IC50
CHEMBL1444,CHEMBL1978,CHEMBL5097761,8.55,=,IC50
CHEMBL1324,CHEMBL3194,CHEMBL5099649,7.47,=,Kd
CHEMBL1324,CHEMBL3194,CHEMBL5099650,7.47,=,Kd
CHEMBL1336,CHEMBL279,CHEMBL5104356,10.22,=,IC50
CHEMBL1336,CHEMBL5719,CHEMBL5106814,6.73,=,IC50
CHEMBL1336,CHEMBL1824,CHEMBL5110648,6.88,=,IC50
CHEMBL1399,CHEMBL1978,CHEMBL5110673,8.1,=,IC50
CHEMBL1444,CHEMBL1978,CHEMBL5110673,8.7,=,IC50
CHEMBL1336,CHEMBL279,CHEMBL5113200,7.05,=,IC50
CHEMBL1336,CHEMBL279,CHEMBL5114110,8.49,=,IC50
CHEMBL1336,CHEMBL1906,CHEMBL5115266,8.15,=,IC50
CHEMBL1444,CHEMBL1978,CHEMBL5118295,9.15,=,IC50
CHEMBL1336,CHEMBL5719,CHEMBL5119586,7.15,=,IC50
CHEMBL1336,CHEMBL279,CHEMBL5133604,6.92,=,IC50
CHEMBL1336,CHEMBL1974,CHEMBL5133737,7.49,=,IC50
CHEMBL1336,CHEMBL1974,CHEMBL5133740,7.31,=,IC50
CHEMBL1336,CHEMBL1974,CHEMBL5133785,8.55,=,IC50
CHEMBL1336,CHEMBL1974,CHEMBL5133786,6.99,=,IC50
CHEMBL1336,CHEMBL2041,CHEMBL5151901,8.23,=,IC50
CHEMBL1336,CHEMBL1906,CHEMBL5151903,8.22,=,IC50
CHEMBL1336,CHEMBL1868,CHEMBL5151910,7.58,=,IC50
CHEMBL1336,CHEMBL279,CHEMBL5151911,7.05,=,IC50
CHEMBL1336,CHEMBL1955,CHEMBL5151912,7.7,=,IC50
CHEMBL1336,CHEMBL1913,CHEMBL5151913,7.24,=,IC50
CHEMBL1336,CHEMBL1974,CHEMBL5151915,7.48,=,IC50
CHEMBL1336,CHEMBL1936,CHEMBL5151917,7.17,=,IC50
CHEMBL1444,CHEMBL1978,CHEMBL5157477,7.58,=,IC50
CHEMBL1336,CHEMBL2041,CHEMBL5162128,8.23,=,IC50
CHEMBL1358,CHEMBL206,CHEMBL5163409,9.0,=,IC50
CHEMBL1358,CHEMBL242,CHEMBL5163411,9.52,=,IC50
CHEMBL1336,CHEMBL1974,CHEMBL5230501,7.7,=,IC50
CHEMBL1336,CHEMBL1974,CHEMBL5230502,7.24,=,IC50
CHEMBL1336,CHEMBL1824,CHEMBL5230847,6.89,=,IC50
CHEMBL1336,CHEMBL279,CHEMBL5230848,6.77,=,IC50
CHEMBL1444,CHEMBL1978,CHEMBL5232960,9.15,=,IC50
CHEMBL1444,CHEMBL1978,CHEMBL5233505,8.55,=,IC50
CHEMBL1336,CHEMBL279,CHEMBL5237475,7.24,=,IC50
CHEMBL1336,CHEMBL1913,CHEMBL5237476,7.05,=,IC50
CHEMBL1336,CHEMBL5719,CHEMBL5241254,7.52,=,IC50
CHEMBL1336,CHEMBL1906,CHEMBL5241255,8.22,=,IC50
CHEMBL1336,CHEMBL1955,CHEMBL5241257,7.05,=,IC50
CHEMBL1336,CHEMBL279,CHEMBL5241258,7.82,=,IC50
CHEMBL1336,CHEMBL1974,CHEMBL5241259,7.24,=,IC50
CHEMBL1444,CHEMBL1978,CHEMBL5249085,8.0,=,IC50
CHEMBL1336,CHEMBL1955,CHEMBL5252744,6.61,=,IC50
CHEMBL1336,CHEMBL1868,CHEMBL5252745,6.4,=,IC50
CHEMBL1336,CHEMBL279,CHEMBL5252748,8.11,=,IC50
CHEMBL1336,CHEMBL279,CHEMBL5252777,8.1,=,IC50
CHEMBL1336,CHEMBL1906,CHEMBL5257628,8.22,=,IC50
CHEMBL1336,CHEMBL260,CHEMBL5257630,7.42,=,IC50
CHEMBL1358,CHEMBL206,CHEMBL5326439,9.38,=,EC50
CHEMBL1358,CHEMBL242,CHEMBL5326443,9.18,=,EC50
CHEMBL1324,CHEMBL3194,CHEMBL5336761,7.32,=,Kd
CHEMBL1324,CHEMBL3194,CHEMBL5336765,6.36,=,Kd
CHEMBL1324,CHEMBL3194,CHEMBL5336769,7.3,=,Kd
CHEMBL1358,CHEMBL206,CHEMBL5337707,7.89,=,IC50
CHEMBL1358,CHEMBL206,CHEMBL5342100,7.4,=,Ki
CHEMBL1358,CHEMBL242,CHEMBL5342101,6.72,=,Ki
CHEMBL1358,CHEMBL206,CHEMBL5350395,8.8,=,IC50
CHEMBL1358,CHEMBL206,CHEMBL5350396,8.48,=,IC50
CHEMBL1358,CHEMBL206,CHEMBL5350397,8.42,=,IC50
CHEMBL1358,CHEMBL206,CHEMBL5350410,9.3,=,IC50
CHEMBL1358,CHEMBL242,CHEMBL5350411,9.05,=,IC50
CHEMBL1358,CHEMBL206,CHEMBL5350412,9.7,=,EC50
CHEMBL1336,CHEMBL5014,CHEMBL5374190,7.12,=,IC50
CHEMBL1336,CHEMBL1906,CHEMBL5374192,8.22,=,IC50
CHEMBL1336,CHEMBL279,CHEMBL5380324,8.51,=,IC50
CHEMBL1336,CHEMBL279,CHEMBL5386908,7.23,=,IC50
CHEMBL1336,CHEMBL1974,CHEMBL5386990,7.48,=,IC50
CHEMBL1336,CHEMBL279,CHEMBL5503164,7.24,=,IC50
CHEMBL1336,CHEMBL1913,CHEMBL5503165,7.4,=,IC50
CHEMBL1336,CHEMBL279,CHEMBL5503175,7.37,=,IC50
CHEMBL134,CHEMBL229,CHEMBL5504541,6.06,=,Ki
CHEMBL1336,CHEMBL279,CHEMBL5509606,7.52,=,IC50
CHEMBL1336,CHEMBL279,CHEMBL5509693,7.52,=,IC50
CHEMBL1444,CHEMBL1978,CHEMBL5510342,8.1,=,IC50
CHEMBL1336,CHEMBL279,CHEMBL5513666,7.72,=,IC50
CHEMBL1336,CHEMBL1824,CHEMBL5513678,6.89,=,IC50
CHEMBL1444,CHEMBL1978,CHEMBL5516992,8.74,=,IC50
CHEMBL1444,CHEMBL1978,CHEMBL5519992,6.55,=,IC50
CHEMBL1444,CHEMBL1978,CHEMBL5523978,7.58,=,IC50
CHEMBL1336,CHEMBL279,CHEMBL5525061,7.05,=,IC50
CHEMBL1358,CHEMBL206,CHEMBL5528325,9.22,=,Ki
CHEMBL1358,CHEMBL206,CHEMBL5528326,8.54,=,IC50
CHEMBL1421,CHEMBL5122,CHEMBL5529236,7.27,=,IC50
CHEMBL1336,CHEMBL2041,CHEMBL5531835,8.23,=,IC50
CHEMBL1421,CHEMBL2331044,CHEMBL5534753,6.65,=,IC50
CHEMBL1336,CHEMBL279,CHEMBL5536182,7.22,=,IC50
CHEMBL1336,CHEMBL279,CHEMBL5536193,7.45,=,IC50
CHEMBL134,CHEMBL1867,CHEMBL5547464,7.58,=,Ki
CHEMBL134,CHEMBL1867,CHEMBL5547464,7.59,=,Ki
CHEMBL134,CHEMBL1942,CHEMBL5547465,7.92,=,Ki
CHEMBL134,CHEMBL1942,CHEMBL5547465,7.91,=,Ki
CHEMBL1336,CHEMBL279,CHEMBL5553573,7.05,=,IC50
CHEMBL1336,CHEMBL5719,CHEMBL5580819,7.49,=,IC50
CHEMBL1336,CHEMBL1906,CHEMBL5581707,8.22,=,IC50
CHEMBL1336,CHEMBL1974,CHEMBL5585339,6.75,=,IC50
CHEMBL1336,CHEMBL1955,CHEMBL5585340,6.12,=,IC50
CHEMBL1336,CHEMBL1844,CHEMBL5585341,7.1,=,IC50
CHEMBL1336,CHEMBL2007,CHEMBL5585342,6.99,=,IC50
CHEMBL1336,CHEMBL5608,CHEMBL5585344,7.43,=,IC50
CHEMBL1421,CHEMBL1844,CHEMBL5585347,7.72,=,IC50
CHEMBL1336,CHEMBL279,CHEMBL5614892,7.35,=,IC50
CHEMBL1336,CHEMBL1974,CHEMBL5615451,7.49,=,IC50
CHEMBL1336,CHEMBL1974,CHEMBL5615452,8.55,=,IC50
CHEMBL1336,CHEMBL1974,CHEMBL5615453,6.99,=,IC50
CHEMBL1336,CHEMBL279,CHEMBL5626127,7.35,=,IC50
CHEMBL1336,CHEMBL279,CHEMBL5626139,7.0,=,IC50
CHEMBL1336,CHEMBL279,CHEMBL5626171,9.26,=,IC50
CHEMBL1336,CHEMBL279,CHEMBL5627965,7.39,=,IC50
CHEMBL1421,CHEMBL1844,CHEMBL5638750,8.7,=,IC50
CHEMBL1421,CHEMBL2068,CHEMBL5650779,8.49,=,Kd
CHEMBL1421,CHEMBL2068,CHEMBL5650782,8.35,=,IC50
CHEMBL1421,CHEMBL4134,CHEMBL5650788,8.89,=,IC50
CHEMBL1421,CHEMBL3290,CHEMBL5650789,8.57,=,IC50
CHEMBL1421,CHEMBL4901,CHEMBL5650790,7.76,=,IC50
CHEMBL1421,CHEMBL5147,CHEMBL5650791,8.68,=,IC50
CHEMBL1421,CHEMBL5836,CHEMBL5650792,6.83,=,IC50
CHEMBL1421,CHEMBL2068,CHEMBL5650794,8.23,=,Kd
CHEMBL1421,CHEMBL2068,CHEMBL5650794,8.23,=,Kd
CHEMBL1421,CHEMBL5147,CHEMBL5650799,8.43,=,Kd
CHEMBL1421,CHEMBL5147,CHEMBL5650799,8.43,=,Kd
CHEMBL1421,CHEMBL4901,CHEMBL5650800,7.54,=,Kd
CHEMBL1421,CHEMBL4901,CHEMBL5650800,7.54,=,Kd
CHEMBL1421,CHEMBL3290,CHEMBL5650801,8.41,=,Kd
CHEMBL1421,CHEMBL3290,CHEMBL5650801,8.4,=,Kd
CHEMBL1421,CHEMBL5836,CHEMBL5650804,7.47,=,Kd
CHEMBL1421,CHEMBL5836,CHEMBL5650804,7.46,=,Kd
CHEMBL1421,CHEMBL1862,CHEMBL5650815,8.33,=,Kd
CHEMBL1421,CHEMBL1862,CHEMBL5650815,8.3,=,Kd
CHEMBL1421,CHEMBL5122,CHEMBL5651254,7.15,=,Kd
CHEMBL1421,CHEMBL5122,CHEMBL5651254,7.16,=,Kd
CHEMBL1421,CHEMBL4223,CHEMBL5651441,8.34,=,Kd
CHEMBL1421,CHEMBL4223,CHEMBL5651441,8.3,=,Kd
CHEMBL1421,CHEMBL1841,CHEMBL5651448,8.43,=,Kd
CHEMBL1421,CHEMBL1841,CHEMBL5651448,8.4,=,Kd
CHEMBL1421,CHEMBL3234,CHEMBL5651535,7.54,=,Kd
CHEMBL1421,CHEMBL3234,CHEMBL5651535,7.54,=,Kd
CHEMBL1421,CHEMBL3905,CHEMBL5651718,8.09,=,Kd
CHEMBL1421,CHEMBL3905,CHEMBL5651718,8.1,=,Kd
CHEMBL1421,CHEMBL260,CHEMBL5651748,6.02,=,Kd
CHEMBL1421,CHEMBL260,CHEMBL5651748,6.03,=,Kd
CHEMBL1421,CHEMBL267,CHEMBL5652522,8.56,=,Kd
CHEMBL1421,CHEMBL267,CHEMBL5652522,8.52,=,Kd
CHEMBL1421,CHEMBL2073,CHEMBL5652838,8.43,=,Kd
CHEMBL1421,CHEMBL2073,CHEMBL5652838,8.4,=,Kd
CHEMBL1421,CHEMBL3886,CHEMBL5652847,6.66,=,Kd
CHEMBL1421,CHEMBL3886,CHEMBL5652847,6.66,=,Kd
CHEMBL1336,CHEMBL1906,CHEMBL5662550,8.22,=,Ki
CHEMBL1421,CHEMBL1862,CHEMBL5680953,8.96,=,IC50
CHEMBL1421,CHEMBL1862,CHEMBL5680954,9.15,=,IC50
CHEMBL1421,CHEMBL1862,CHEMBL5680957,9.3,=,IC50
CHEMBL1421,CHEMBL1862,CHEMBL5681148,8.96,=,IC50
CHEMBL1421,CHEMBL1862,CHEMBL5681149,9.0,=,IC50
CHEMBL1421,CHEMBL1862,CHEMBL5716084,9.22,=,IC50
CHEMBL1421,CHEMBL1862,CHEMBL5716085,9.1,=,IC50
CHEMBL1421,CHEMBL1862,CHEMBL5716086,9.52,=,IC50
CHEMBL1421,CHEMBL1862,CHEMBL5716088,9.4,=,IC50
CHEMBL1421,CHEMBL1862,CHEMBL5716089,8.74,=,IC50
CHEMBL1421,CHEMBL1862,CHEMBL5716090,9.7,=,IC50
CHEMBL1421,CHEMBL1862,CHEMBL5716091,9.22,=,IC50
CHEMBL1421,CHEMBL1862,CHEMBL5716092,9.05,=,IC50
CHEMBL1421,CHEMBL1862,CHEMBL5716094,9.05,=,IC50
CHEMBL1421,CHEMBL1862,CHEMBL5716095,10.0,=,IC50
CHEMBL1421,CHEMBL1862,CHEMBL5716096,9.3,=,IC50
CHEMBL1421,CHEMBL1862,CHEMBL5716097,9.15,=,IC50
CHEMBL1421,CHEMBL1862,CHEMBL5716098,9.3,=,IC50
CHEMBL1421,CHEMBL1862,CHEMBL5716099,9.3,=,IC50
CHEMBL1421,CHEMBL1862,CHEMBL5716100,9.1,=,IC50
CHEMBL1421,CHEMBL267,CHEMBL5716101,9.1,=,IC50
CHEMBL1421,CHEMBL3905,CHEMBL5716102,8.55,=,IC50
CHEMBL1421,CHEMBL1862,CHEMBL5716119,9.1,=,IC50
CHEMBL1421,CHEMBL1862,CHEMBL5716120,9.05,=,IC50
CHEMBL1421,CHEMBL1862,CHEMBL5716121,8.7,=,IC50
CHEMBL1421,CHEMBL1862,CHEMBL5716123,8.51,=,IC50
CHEMBL1421,CHEMBL1862,CHEMBL5716124,8.85,=,IC50
CHEMBL1421,CHEMBL1862,CHEMBL5716125,8.82,=,IC50
CHEMBL1421,CHEMBL1862,CHEMBL5716126,8.77,=,IC50
CHEMBL1421,CHEMBL1862,CHEMBL5716127,9.3,=,IC50
CHEMBL1421,CHEMBL1862,CHEMBL5716129,8.94,=,IC50
CHEMBL1421,CHEMBL1862,CHEMBL5716130,8.8,=,IC50
CHEMBL1421,CHEMBL1862,CHEMBL5716131,8.77,=,IC50
CHEMBL1421,CHEMBL1862,CHEMBL5716132,8.65,=,IC50
CHEMBL1421,CHEMBL1862,CHEMBL5716133,8.43,=,IC50
CHEMBL1421,CHEMBL1862,CHEMBL5716134,8.52,=,IC50
CHEMBL1421,CHEMBL1862,CHEMBL5716135,8.7,=,IC50
CHEMBL1421,CHEMBL267,CHEMBL5716136,8.22,=,IC50
CHEMBL1421,CHEMBL3905,CHEMBL5716137,8.36,=,IC50
CHEMBL1421,CHEMBL267,CHEMBL5719134,6.0,=,IC50
CHEMBL1421,CHEMBL1936,CHEMBL5719182,6.0,=,IC50
CHEMBL1421,CHEMBL1936,CHEMBL5719200,6.0,=,IC50
CHEMBL1421,CHEMBL267,CHEMBL5719262,6.0,=,IC50
CHEMBL1421,CHEMBL1936,CHEMBL5719346,6.0,=,IC50
CHEMBL1421,CHEMBL267,CHEMBL5719356,6.0,=,IC50
CHEMBL1421,CHEMBL1936,CHEMBL5719388,6.0,=,IC50
CHEMBL1421,CHEMBL267,CHEMBL5719449,6.0,=,IC50
CHEMBL1421,CHEMBL1936,CHEMBL5719481,6.0,=,IC50
CHEMBL1421,CHEMBL267,CHEMBL5719542,6.0,=,IC50
CHEMBL1421,CHEMBL1936,CHEMBL5719574,6.0,=,IC50
CHEMBL1421,CHEMBL267,CHEMBL5719635,6.0,=,IC50
CHEMBL1336,CHEMBL2041,CHEMBL5732227,8.1,=,IC50
CHEMBL1336,CHEMBL2041,CHEMBL5732739,8.1,=,IC50
CHEMBL1336,CHEMBL2041,CHEMBL5733221,8.1,=,IC50
CHEMBL1336,CHEMBL279,CHEMBL5733333,7.05,=,IC50
CHEMBL1421,CHEMBL4601,CHEMBL5733738,7.26,=,IC50
CHEMBL1421,CHEMBL4601,CHEMBL5733738,7.26,=,IC50
CHEMBL1421,CHEMBL2041,CHEMBL5733748,6.26,=,IC50
CHEMBL1336,CHEMBL2041,CHEMBL5734960,8.1,=,IC50
CHEMBL1336,CHEMBL2041,CHEMBL5735728,8.1,=,IC50
CHEMBL1336,CHEMBL1906,CHEMBL5736677,7.33,=,IC50
CHEMBL1336,CHEMBL2041,CHEMBL5737928,8.1,=,IC50
CHEMBL1336,CHEMBL1824,CHEMBL5738726,9.25,=,IC50
CHEMBL1336,CHEMBL1913,CHEMBL5738727,9.59,=,IC50
CHEMBL1336,CHEMBL279,CHEMBL5738728,9.47,=,IC50
CHEMBL1336,CHEMBL1868,CHEMBL6074901,7.58,=,IC50
CHEMBL1336,CHEMBL279,CHEMBL6074902,7.05,=,IC50
CHEMBL1336,CHEMBL1955,CHEMBL6074903,7.7,=,IC50
CHEMBL1336,CHEMBL1913,CHEMBL6074904,7.24,=,IC50
CHEMBL1336,CHEMBL1936,CHEMBL6074905,7.17,=,IC50
CHEMBL1336,CHEMBL279,CHEMBL6074965,7.05,=,IC50
CHEMBL1336,CHEMBL1913,CHEMBL6074966,7.24,=,IC50
CHEMBL1336,CHEMBL1906,CHEMBL6074967,8.22,=,IC50
CHEMBL1336,CHEMBL279,CHEMBL6077527,7.05,=,IC50
CHEMBL1336,CHEMBL279,CHEMBL6077528,7.38,=,IC50
CHEMBL1336,CHEMBL279,CHEMBL6077528,7.39,=,IC50
CHEMBL1421,CHEMBL3984,CHEMBL6079420,7.2,=,IC50
CHEMBL1336,CHEMBL1868,CHEMBL6084694,7.72,=,IC50
CHEMBL1336,CHEMBL279,CHEMBL6084695,7.96,=,IC50
CHEMBL1336,CHEMBL1955,CHEMBL6084696,7.96,=,IC50
CHEMBL1336,CHEMBL1974,CHEMBL6084697,7.25,=,IC50
CHEMBL1336,CHEMBL2007,CHEMBL6084698,8.7,=,IC50
CHEMBL1336,CHEMBL1913,CHEMBL6084699,7.77,=,IC50
CHEMBL1421,CHEMBL267,CHEMBL6093930,9.1,=,IC50
CHEMBL1421,CHEMBL267,CHEMBL6093930,7.7,=,IC50
CHEMBL1421,CHEMBL267,CHEMBL6093932,7.7,=,IC50
CHEMBL1336,CHEMBL1974,CHEMBL6094528,7.43,=,IC50
CHEMBL1336,CHEMBL1974,CHEMBL6094533,6.74,=,IC50
CHEMBL1336,CHEMBL1974,CHEMBL6106209,6.7,=,IC50
CHEMBL1336,CHEMBL279,CHEMBL6106210,7.27,=,IC50
CHEMBL1336,CHEMBL279,CHEMBL6117371,7.05,=,IC50
CHEMBL1336,CHEMBL2041,CHEMBL6129469,8.23,=,IC50
CHEMBL1358,CHEMBL206,CHEMBL6130015,8.36,=,IC50
CHEMBL1358,CHEMBL206,CHEMBL6131401,6.57,=,EC50
CHEMBL1358,CHEMBL242,CHEMBL6131403,6.96,=,EC50
CHEMBL1358,CHEMBL206,CHEMBL6131405,6.72,=,IC50
CHEMBL1358,CHEMBL242,CHEMBL6131407,6.17,=,IC50
CHEMBL1520,CHEMBL1827,CHEMBL762826,9.15,=,IC50
CHEMBL1520,CHEMBL1827,CHEMBL830357,9.0,=,Ki
CHEMBL1520,CHEMBL4409,CHEMBL832406,6.1,=,IC50
CHEMBL1520,CHEMBL2717,CHEMBL876977,6.89,=,IC50
CHEMBL1520,CHEMBL1827,CHEMBL831692,9.7,=,IC50
CHEMBL1513,CHEMBL227,CHEMBL884734,9.1,=,Ki
CHEMBL1520,CHEMBL2717,CHEMBL2345121,6.62,=,IC50
CHEMBL1520,CHEMBL4409,CHEMBL2345123,6.06,=,IC50
CHEMBL1520,CHEMBL1827,CHEMBL2345130,9.0,=,IC50
CHEMBL1520,CHEMBL1827,CHEMBL3860975,9.05,=,IC50
CHEMBL1520,CHEMBL1827,CHEMBL4028018,9.77,=,IC50
CHEMBL1520,CHEMBL1827,CHEMBL4194770,9.3,=,IC50
CHEMBL1520,CHEMBL1827,CHEMBL4198895,9.05,=,IC50
CHEMBL1520,CHEMBL1827,CHEMBL4268472,9.15,=,Ki
CHEMBL1520,CHEMBL1827,CHEMBL4709736,10.54,=,IC50
CHEMBL1515,CHEMBL5898,CHEMBL5516149,6.29,=,IC50
CHEMBL1657,CHEMBL2055,CHEMBL1011984,7.2,=,EC50
CHEMBL1657,CHEMBL2008,CHEMBL1011986,9.1,=,EC50
CHEMBL1657,CHEMBL2003,CHEMBL1029012,7.4,=,EC50
CHEMBL1639,CHEMBL286,CHEMBL957840,9.22,=,IC50
CHEMBL1639,CHEMBL286,CHEMBL957839,9.3,=,IC50
CHEMBL1639,CHEMBL286,CHEMBL975288,9.22,=,IC50
CHEMBL1639,CHEMBL286,CHEMBL1054383,9.22,=,IC50
CHEMBL1639,CHEMBL286,CHEMBL1054384,9.22,=,IC50
CHEMBL1639,CHEMBL286,CHEMBL1039372,9.28,=,IC50
CHEMBL1639,CHEMBL286,CHEMBL1039373,9.19,=,IC50
CHEMBL1639,CHEMBL286,CHEMBL1787617,9.22,=,IC50
CHEMBL1628227,CHEMBL231,CHEMBL1926406,9.75,=,Ki
CHEMBL1639,CHEMBL286,CHEMBL2027646,9.19,=,IC50
CHEMBL1639,CHEMBL286,CHEMBL2027645,9.28,=,IC50
CHEMBL1639,CHEMBL286,CHEMBL2027644,9.4,=,IC50
CHEMBL1628227,CHEMBL3371,CHEMBL2157129,6.98,=,Ki
CHEMBL1639,CHEMBL286,CHEMBL2155780,9.22,=,IC50
CHEMBL1639,CHEMBL286,CHEMBL3406559,9.22,=,IC50
CHEMBL1639,CHEMBL286,CHEMBL3637515,8.64,=,IC50
CHEMBL1628227,CHEMBL231,CHEMBL3867266,9.6,=,Ki
CHEMBL1639,CHEMBL286,CHEMBL4055661,8.52,=,IC50
CHEMBL1639,CHEMBL286,CHEMBL4055662,9.22,=,IC50
CHEMBL1639,CHEMBL286,CHEMBL4122880,9.08,=,IC50
CHEMBL1639,CHEMBL286,CHEMBL5142317,8.6,=,IC50
CHEMBL1639,CHEMBL286,CHEMBL5142318,9.15,=,IC50
CHEMBL1639,CHEMBL286,CHEMBL5149784,9.22,=,IC50
CHEMBL1639,CHEMBL286,CHEMBL5149785,9.22,=,IC50
CHEMBL1639,CHEMBL286,CHEMBL5149787,9.15,=,IC50
CHEMBL1639,CHEMBL286,CHEMBL5149788,8.6,=,IC50
CHEMBL1621,CHEMBL1850,CHEMBL5527103,7.54,=,Ki
CHEMBL1621,CHEMBL2056,CHEMBL5527104,6.26,=,Ki
CHEMBL1621,CHEMBL217,CHEMBL5527105,8.8,=,Ki
CHEMBL1621,CHEMBL234,CHEMBL5527106,8.12,=,Ki
CHEMBL1621,CHEMBL224,CHEMBL5527108,9.08,=,Ki
CHEMBL1621,CHEMBL3155,CHEMBL5527109,8.17,=,Ki
CHEMBL1621,CHEMBL1898,CHEMBL5527110,6.96,=,Ki
CHEMBL1621,CHEMBL1983,CHEMBL5527112,8.14,=,Ki
CHEMBL1621,CHEMBL225,CHEMBL5527113,7.72,=,Ki
CHEMBL1621,CHEMBL229,CHEMBL5527115,7.96,=,Ki
CHEMBL1621,CHEMBL1942,CHEMBL5527116,8.4,=,Ki
CHEMBL1621,CHEMBL1916,CHEMBL5527117,8.57,=,Ki
CHEMBL1621,CHEMBL1867,CHEMBL5527118,7.96,=,Ki
CHEMBL1621,CHEMBL231,CHEMBL5527119,7.47,=,Ki
CHEMBL192,CHEMBL1827,CHEMBL762496,8.73,=,Ki
CHEMBL2,CHEMBL223,CHEMBL643573,9.49,=,Ki
CHEMBL2,CHEMBL232,CHEMBL651997,9.49,=,Ki
CHEMBL2,CHEMBL229,CHEMBL647665,9.29,=,Ki
CHEMBL2,CHEMBL1942,CHEMBL644764,6.44,=,Ki
CHEMBL2,CHEMBL1916,CHEMBL648703,7.02,=,Ki
CHEMBL20,CHEMBL261,CHEMBL657818,6.05,=,Ki
CHEMBL20,CHEMBL205,CHEMBL657143,7.92,=,Ki
CHEMBL192,CHEMBL1827,CHEMBL762822,8.8,=,IC50
CHEMBL192,CHEMBL1827,CHEMBL762826,8.8,=,IC50
CHEMBL192,CHEMBL1827,CHEMBL762823,8.52,=,IC50
CHEMBL192,CHEMBL1827,CHEMBL762828,8.18,=,IC50
CHEMBL192,CHEMBL1827,CHEMBL757897,8.8,=,IC50
CHEMBL192,CHEMBL1827,CHEMBL762820,8.8,=,IC50
CHEMBL2,CHEMBL229,CHEMBL643755,9.23,=,Ki
CHEMBL2,CHEMBL232,CHEMBL859454,9.39,=,Ki
CHEMBL2,CHEMBL223,CHEMBL640171,9.65,=,Ki
CHEMBL192,CHEMBL1827,CHEMBL762831,8.8,=,IC50
CHEMBL20,CHEMBL205,CHEMBL840040,8.48,=,Ki
CHEMBL20,CHEMBL205,CHEMBL840039,7.75,=,Ki
CHEMBL20,CHEMBL261,CHEMBL827891,6.6,=,Ki
CHEMBL20,CHEMBL205,CHEMBL828777,7.92,=,Ki
CHEMBL20,CHEMBL3594,CHEMBL828778,7.6,=,Ki
CHEMBL2,CHEMBL229,CHEMBL838523,9.23,=,Ki
CHEMBL2,CHEMBL232,CHEMBL840166,9.39,=,Ki
CHEMBL2,CHEMBL223,CHEMBL840167,9.65,=,Ki
CHEMBL20,CHEMBL3594,CHEMBL829822,7.6,=,Ki
CHEMBL20,CHEMBL3242,CHEMBL827186,8.24,=,Ki
CHEMBL20,CHEMBL261,CHEMBL830245,6.6,=,Ki
CHEMBL20,CHEMBL205,CHEMBL830410,7.92,=,Ki
CHEMBL20,CHEMBL261,CHEMBL830383,6.6,=,Ki
CHEMBL20,CHEMBL205,CHEMBL841779,7.92,=,Ki
CHEMBL20,CHEMBL3242,CHEMBL877449,8.24,=,Ki
CHEMBL20,CHEMBL261,CHEMBL839585,6.05,=,Ki
CHEMBL20,CHEMBL205,CHEMBL838677,7.92,=,Ki
CHEMBL20,CHEMBL3594,CHEMBL829116,7.6,=,Ki
CHEMBL20,CHEMBL261,CHEMBL876385,6.05,=,Ki
CHEMBL20,CHEMBL205,CHEMBL840150,7.92,=,Ki
CHEMBL20,CHEMBL3594,CHEMBL839630,7.6,=,Ki
CHEMBL20,CHEMBL261,CHEMBL830340,6.6,=,Ki
CHEMBL20,CHEMBL205,CHEMBL828932,7.92,=,Ki
CHEMBL20,CHEMBL2326,CHEMBL828814,8.6,=,Ki
CHEMBL20,CHEMBL261,CHEMBL828925,6.6,=,Ki
CHEMBL20,CHEMBL205,CHEMBL828932,7.92,=,Ki
CHEMBL20,CHEMBL261,CHEMBL830339,6.6,=,Ki
CHEMBL20,CHEMBL205,CHEMBL829640,7.92,=,Ki
CHEMBL20,CHEMBL3242,CHEMBL828815,8.24,=,Ki
CHEMBL20,CHEMBL261,CHEMBL876689,6.6,=,Ki
CHEMBL20,CHEMBL205,CHEMBL839012,7.92,=,Ki
CHEMBL20,CHEMBL3729,CHEMBL839013,7.13,=,Ki
CHEMBL20,CHEMBL261,CHEMBL828779,6.6,=,Ki
CHEMBL20,CHEMBL205,CHEMBL828795,7.92,=,Ki
CHEMBL20,CHEMBL3594,CHEMBL828796,7.6,=,Ki
CHEMBL20,CHEMBL261,CHEMBL828771,6.05,=,Ki
CHEMBL20,CHEMBL205,CHEMBL828782,7.92,=,Ki
CHEMBL20,CHEMBL261,CHEMBL828770,6.05,=,Ki
CHEMBL20,CHEMBL205,CHEMBL828781,7.92,=,Ki
CHEMBL20,CHEMBL3594,CHEMBL828783,7.6,=,Ki
CHEMBL20,CHEMBL261,CHEMBL876374,6.6,=,Ki
CHEMBL20,CHEMBL261,CHEMBL875202,6.05,=,Ki
CHEMBL20,CHEMBL205,CHEMBL828821,7.92,=,Ki
CHEMBL20,CHEMBL261,CHEMBL827063,6.6,=,Ki
CHEMBL20,CHEMBL205,CHEMBL828903,7.92,=,Ki
CHEMBL20,CHEMBL3594,CHEMBL828906,7.6,=,Ki
CHEMBL20,CHEMBL261,CHEMBL830213,6.05,=,Ki
CHEMBL20,CHEMBL205,CHEMBL830081,7.92,=,Ki
CHEMBL20,CHEMBL3594,CHEMBL830080,7.6,=,Ki
CHEMBL192,CHEMBL1827,CHEMBL827173,8.0,=,Ki
CHEMBL20,CHEMBL261,CHEMBL827065,6.05,=,Ki
CHEMBL20,CHEMBL205,CHEMBL828905,7.92,=,Ki
CHEMBL20,CHEMBL3594,CHEMBL828908,7.6,=,Ki
CHEMBL192,CHEMBL1827,CHEMBL831692,8.46,=,IC50
CHEMBL20,CHEMBL205,CHEMBL841781,7.91,=,Ki
CHEMBL20,CHEMBL261,CHEMBL875191,6.6,=,Ki
CHEMBL20,CHEMBL205,CHEMBL840829,7.92,=,Ki
CHEMBL20,CHEMBL3594,CHEMBL828907,7.6,=,Ki
CHEMBL192,CHEMBL1827,CHEMBL832838,8.52,=,IC50
CHEMBL20,CHEMBL261,CHEMBL828219,6.6,=,Ki
CHEMBL20,CHEMBL205,CHEMBL827383,7.92,=,Ki
CHEMBL20,CHEMBL3594,CHEMBL827384,7.6,=,Ki
CHEMBL20,CHEMBL3242,CHEMBL839523,8.24,=,Ki
CHEMBL192,CHEMBL1827,CHEMBL827930,7.7,=,IC50
CHEMBL20,CHEMBL261,CHEMBL881703,6.6,=,Ki
CHEMBL20,CHEMBL205,CHEMBL881704,7.92,=,Ki
CHEMBL20,CHEMBL3594,CHEMBL881705,7.6,=,Ki
CHEMBL20,CHEMBL3242,CHEMBL881706,8.24,=,Ki
CHEMBL20,CHEMBL261,CHEMBL881701,6.05,=,Ki
CHEMBL20,CHEMBL205,CHEMBL881702,7.92,=,Ki
CHEMBL20,CHEMBL3594,CHEMBL881707,7.6,=,Ki
CHEMBL20,CHEMBL205,CHEMBL862669,7.92,=,Ki
CHEMBL20,CHEMBL4789,CHEMBL862670,7.2,=,Ki
CHEMBL20,CHEMBL3969,CHEMBL862671,7.27,=,Ki
CHEMBL20,CHEMBL261,CHEMBL869401,6.6,=,Ki
CHEMBL20,CHEMBL205,CHEMBL869402,7.92,=,Ki
CHEMBL20,CHEMBL4789,CHEMBL869403,7.22,=,Ki
CHEMBL20,CHEMBL3594,CHEMBL869404,7.6,=,Ki
CHEMBL20,CHEMBL261,CHEMBL865817,6.6,=,Ki
CHEMBL20,CHEMBL205,CHEMBL865819,7.92,=,Ki
CHEMBL20,CHEMBL3594,CHEMBL864590,7.6,=,Ki
CHEMBL20,CHEMBL3242,CHEMBL864594,8.24,=,Ki
CHEMBL20,CHEMBL261,CHEMBL864357,6.6,=,Ki
CHEMBL20,CHEMBL205,CHEMBL861559,7.92,=,Ki
CHEMBL20,CHEMBL261,CHEMBL863823,6.6,=,Ki
CHEMBL20,CHEMBL205,CHEMBL863824,7.92,=,Ki
CHEMBL20,CHEMBL261,CHEMBL861131,6.05,=,Ki
CHEMBL20,CHEMBL205,CHEMBL859952,7.92,=,Ki
CHEMBL20,CHEMBL3594,CHEMBL859953,7.6,=,Ki
CHEMBL192,CHEMBL1827,CHEMBL860521,8.46,=,IC50
CHEMBL192,CHEMBL1827,CHEMBL871523,7.7,=,IC50
CHEMBL20,CHEMBL3594,CHEMBL867417,7.6,=,Ki
CHEMBL20,CHEMBL205,CHEMBL867416,7.92,=,Ki
CHEMBL20,CHEMBL261,CHEMBL867415,6.6,=,Ki
CHEMBL20,CHEMBL261,CHEMBL912679,6.05,=,Ki
CHEMBL20,CHEMBL205,CHEMBL912680,7.92,=,Ki
CHEMBL20,CHEMBL3594,CHEMBL912681,7.6,=,Ki
CHEMBL20,CHEMBL3242,CHEMBL912682,8.24,=,Ki
CHEMBL20,CHEMBL261,CHEMBL907133,6.05,=,Ki
CHEMBL20,CHEMBL205,CHEMBL907134,7.92,=,Ki
CHEMBL20,CHEMBL3594,CHEMBL907135,7.6,=,Ki
CHEMBL20,CHEMBL3594,CHEMBL856736,7.6,=,Ki
CHEMBL20,CHEMBL2326,CHEMBL856735,8.6,=,Ki
CHEMBL20,CHEMBL261,CHEMBL856729,6.6,=,Ki
CHEMBL20,CHEMBL205,CHEMBL856730,7.92,=,Ki
CHEMBL20,CHEMBL3729,CHEMBL856732,7.13,=,Ki
CHEMBL20,CHEMBL4789,CHEMBL856733,7.2,=,Ki
CHEMBL20,CHEMBL3969,CHEMBL856734,7.27,=,Ki
CHEMBL20,CHEMBL3242,CHEMBL856737,8.24,=,Ki
CHEMBL20,CHEMBL3025,CHEMBL911283,7.96,=,Ki
CHEMBL20,CHEMBL261,CHEMBL911284,6.6,=,Ki
CHEMBL20,CHEMBL205,CHEMBL911285,7.92,=,Ki
CHEMBL20,CHEMBL3594,CHEMBL911286,7.6,=,Ki
CHEMBL20,CHEMBL4789,CHEMBL911289,7.2,=,Ki
CHEMBL20,CHEMBL3969,CHEMBL911290,7.27,=,Ki
CHEMBL20,CHEMBL3242,CHEMBL911291,8.24,=,Ki
CHEMBL20,CHEMBL261,CHEMBL919950,6.05,=,Ki
CHEMBL20,CHEMBL205,CHEMBL919951,7.92,=,Ki
CHEMBL20,CHEMBL3594,CHEMBL919952,7.6,=,Ki
CHEMBL20,CHEMBL261,CHEMBL904077,6.51,=,Ki
CHEMBL20,CHEMBL205,CHEMBL904078,7.92,=,Ki
CHEMBL20,CHEMBL3594,CHEMBL904079,7.6,=,Ki
CHEMBL20,CHEMBL3242,CHEMBL891443,8.24,=,Ki
CHEMBL20,CHEMBL261,CHEMBL893563,6.6,=,Ki
CHEMBL20,CHEMBL205,CHEMBL893564,7.92,=,Ki
CHEMBL20,CHEMBL3729,CHEMBL893565,7.13,=,Ki
CHEMBL20,CHEMBL4789,CHEMBL893566,7.2,=,Ki
CHEMBL20,CHEMBL2326,CHEMBL893567,8.6,=,Ki
CHEMBL20,CHEMBL3594,CHEMBL893568,7.6,=,Ki
CHEMBL20,CHEMBL261,CHEMBL898039,6.6,=,Ki
CHEMBL20,CHEMBL205,CHEMBL898040,7.92,=,Ki
CHEMBL20,CHEMBL3594,CHEMBL898041,7.6,=,Ki
CHEMBL20,CHEMBL261,CHEMBL899813,6.6,=,Ki
CHEMBL20,CHEMBL205,CHEMBL899814,7.92,=,Ki
CHEMBL20,CHEMBL3594,CHEMBL899815,7.6,=,Ki
CHEMBL20,CHEMBL261,CHEMBL898697,6.6,=,Ki
CHEMBL20,CHEMBL205,CHEMBL898698,7.92,=,Ki
CHEMBL20,CHEMBL261,CHEMBL925141,6.6,=,Ki
CHEMBL20,CHEMBL205,CHEMBL925142,7.92,=,Ki
CHEMBL20,CHEMBL2885,CHEMBL925143,8.51,=,Ki
CHEMBL20,CHEMBL3729,CHEMBL925144,7.13,=,Ki
CHEMBL20,CHEMBL4789,CHEMBL925145,7.2,=,Ki
CHEMBL20,CHEMBL3969,CHEMBL925146,7.27,=,Ki
CHEMBL20,CHEMBL3025,CHEMBL925147,7.96,=,Ki
CHEMBL20,CHEMBL2326,CHEMBL925148,8.6,=,Ki
CHEMBL20,CHEMBL3594,CHEMBL925149,7.6,=,Ki
CHEMBL20,CHEMBL3242,CHEMBL925150,8.24,=,Ki
CHEMBL20,CHEMBL205,CHEMBL929806,7.16,=,IC50
CHEMBL20,CHEMBL3594,CHEMBL929796,6.5,=,IC50
CHEMBL20,CHEMBL3594,CHEMBL929804,6.7,=,IC50
CHEMBL20,CHEMBL3594,CHEMBL929805,7.28,=,IC50
CHEMBL20,CHEMBL205,CHEMBL929797,7.25,=,IC50
CHEMBL20,CHEMBL205,CHEMBL929803,7.44,=,IC50
CHEMBL20,CHEMBL3594,CHEMBL929799,6.13,=,IC50
CHEMBL20,CHEMBL3594,CHEMBL929802,7.43,=,IC50
CHEMBL20,CHEMBL3594,CHEMBL929801,6.74,=,IC50
CHEMBL20,CHEMBL205,CHEMBL929800,7.73,=,IC50
CHEMBL20,CHEMBL205,CHEMBL929747,8.05,=,IC50
CHEMBL20,CHEMBL3594,CHEMBL929748,7.5,=,IC50
CHEMBL20,CHEMBL3594,CHEMBL929749,7.68,=,IC50
CHEMBL20,CHEMBL205,CHEMBL929750,7.17,=,IC50
CHEMBL20,CHEMBL3594,CHEMBL929751,7.09,=,IC50
CHEMBL20,CHEMBL205,CHEMBL929753,6.55,=,IC50
CHEMBL20,CHEMBL3594,CHEMBL929752,6.88,=,IC50
CHEMBL20,CHEMBL3594,CHEMBL929754,6.16,=,IC50
CHEMBL20,CHEMBL3594,CHEMBL929755,6.01,=,IC50
CHEMBL20,CHEMBL205,CHEMBL929756,6.54,=,IC50
CHEMBL20,CHEMBL3594,CHEMBL928708,6.14,=,IC50
CHEMBL20,CHEMBL205,CHEMBL928710,6.46,=,IC50
CHEMBL20,CHEMBL3594,CHEMBL928711,6.13,=,IC50
CHEMBL20,CHEMBL205,CHEMBL928713,6.44,=,IC50
CHEMBL20,CHEMBL3594,CHEMBL928714,6.12,=,IC50
CHEMBL20,CHEMBL205,CHEMBL928716,6.36,=,IC50
CHEMBL20,CHEMBL3594,CHEMBL928717,6.11,=,IC50
CHEMBL20,CHEMBL205,CHEMBL928719,7.79,=,IC50
CHEMBL20,CHEMBL3594,CHEMBL928720,7.35,=,IC50
CHEMBL20,CHEMBL3594,CHEMBL928721,7.38,=,IC50
CHEMBL20,CHEMBL205,CHEMBL928722,7.31,=,IC50
CHEMBL20,CHEMBL3594,CHEMBL928723,6.76,=,IC50
CHEMBL20,CHEMBL3594,CHEMBL928724,7.27,=,IC50
CHEMBL20,CHEMBL205,CHEMBL928725,7.28,=,IC50
CHEMBL20,CHEMBL3594,CHEMBL928726,6.61,=,IC50
CHEMBL20,CHEMBL3594,CHEMBL928727,6.52,=,IC50
CHEMBL20,CHEMBL205,CHEMBL928728,7.22,=,IC50
CHEMBL20,CHEMBL3594,CHEMBL928729,6.54,=,IC50
CHEMBL20,CHEMBL3594,CHEMBL928730,6.39,=,IC50
CHEMBL20,CHEMBL205,CHEMBL928731,7.16,=,IC50
CHEMBL20,CHEMBL3594,CHEMBL928733,6.21,=,IC50
CHEMBL20,CHEMBL205,CHEMBL928734,7.01,=,IC50
CHEMBL20,CHEMBL3594,CHEMBL928736,6.17,=,IC50
CHEMBL20,CHEMBL205,CHEMBL928737,7.79,=,IC50
CHEMBL20,CHEMBL3594,CHEMBL928738,6.66,=,IC50
CHEMBL20,CHEMBL3594,CHEMBL928739,7.44,=,IC50
CHEMBL20,CHEMBL205,CHEMBL928740,7.46,=,IC50
CHEMBL20,CHEMBL3594,CHEMBL928741,6.17,=,IC50
CHEMBL20,CHEMBL3594,CHEMBL928742,7.31,=,IC50
CHEMBL20,CHEMBL205,CHEMBL928743,7.32,=,IC50
CHEMBL20,CHEMBL3594,CHEMBL928745,7.27,=,IC50
CHEMBL20,CHEMBL205,CHEMBL929791,7.32,=,IC50
CHEMBL20,CHEMBL3594,CHEMBL929793,7.19,=,IC50
CHEMBL20,CHEMBL205,CHEMBL929794,7.32,=,IC50
CHEMBL20,CHEMBL3594,CHEMBL929807,6.63,=,IC50
CHEMBL20,CHEMBL3594,CHEMBL929808,7.25,=,IC50
CHEMBL20,CHEMBL205,CHEMBL929809,7.11,=,IC50
CHEMBL20,CHEMBL3594,CHEMBL929810,6.0,=,IC50
CHEMBL20,CHEMBL3594,CHEMBL929811,6.91,=,IC50
CHEMBL20,CHEMBL205,CHEMBL929812,7.05,=,IC50
CHEMBL20,CHEMBL3594,CHEMBL929814,6.75,=,IC50
CHEMBL20,CHEMBL205,CHEMBL929815,7.03,=,IC50
CHEMBL20,CHEMBL3594,CHEMBL928777,6.68,=,IC50
CHEMBL20,CHEMBL3594,CHEMBL928744,6.16,=,IC50
CHEMBL20,CHEMBL205,CHEMBL930029,7.55,=,IC50
CHEMBL20,CHEMBL261,CHEMBL929037,6.48,=,IC50
CHEMBL20,CHEMBL205,CHEMBL929038,7.2,=,IC50
CHEMBL20,CHEMBL261,CHEMBL932207,6.6,=,Ki
CHEMBL20,CHEMBL205,CHEMBL932208,8.0,=,Ki
CHEMBL20,CHEMBL3594,CHEMBL932209,7.6,=,Ki
CHEMBL20,CHEMBL3242,CHEMBL932210,8.24,=,Ki
CHEMBL20,CHEMBL261,CHEMBL951055,6.6,=,Ki
CHEMBL20,CHEMBL205,CHEMBL951056,7.92,=,Ki
CHEMBL20,CHEMBL3594,CHEMBL951057,7.6,=,Ki
CHEMBL20,CHEMBL261,CHEMBL935609,6.6,=,Ki
CHEMBL20,CHEMBL205,CHEMBL935610,7.92,=,Ki
CHEMBL20,CHEMBL3729,CHEMBL935612,7.13,=,Ki
CHEMBL20,CHEMBL4789,CHEMBL935613,7.2,=,Ki
CHEMBL20,CHEMBL3969,CHEMBL935614,7.27,=,Ki
CHEMBL20,CHEMBL3025,CHEMBL935615,7.96,=,Ki
CHEMBL20,CHEMBL2326,CHEMBL935616,8.6,=,Ki
CHEMBL20,CHEMBL3594,CHEMBL935617,7.6,=,Ki
CHEMBL20,CHEMBL3242,CHEMBL935618,8.24,=,Ki
CHEMBL20,CHEMBL261,CHEMBL933689,6.6,=,Ki
CHEMBL20,CHEMBL205,CHEMBL933690,7.92,=,Ki
CHEMBL20,CHEMBL205,CHEMBL924880,7.92,=,Ki
CHEMBL20,CHEMBL261,CHEMBL924879,6.05,=,Ki
CHEMBL20,CHEMBL3594,CHEMBL930512,7.6,=,Ki
CHEMBL192,CHEMBL1827,CHEMBL989632,7.28,=,IC50
CHEMBL192,CHEMBL1827,CHEMBL998833,7.12,=,IC50
CHEMBL192,CHEMBL3977,CHEMBL998838,6.8,=,IC50
CHEMBL20,CHEMBL261,CHEMBL959277,6.6,=,Ki
CHEMBL20,CHEMBL205,CHEMBL959278,7.92,=,Ki
CHEMBL20,CHEMBL3729,CHEMBL959280,7.13,=,Ki
CHEMBL20,CHEMBL4789,CHEMBL959281,7.2,=,Ki
CHEMBL20,CHEMBL3969,CHEMBL959282,7.27,=,Ki
CHEMBL20,CHEMBL3025,CHEMBL959283,7.96,=,Ki
CHEMBL20,CHEMBL2326,CHEMBL959284,8.6,=,Ki
CHEMBL20,CHEMBL3594,CHEMBL959285,7.6,=,Ki
CHEMBL20,CHEMBL3242,CHEMBL959286,8.24,=,Ki
CHEMBL20,CHEMBL261,CHEMBL1005299,6.05,=,Ki
CHEMBL20,CHEMBL205,CHEMBL1005300,7.92,=,Ki
CHEMBL20,CHEMBL3594,CHEMBL1005301,7.6,=,Ki
CHEMBL20,CHEMBL3242,CHEMBL976162,8.24,=,Ki
CHEMBL20,CHEMBL205,CHEMBL976160,7.92,=,Ki
CHEMBL20,CHEMBL3594,CHEMBL976161,7.6,=,Ki
CHEMBL20,CHEMBL261,CHEMBL976159,6.05,=,Ki
CHEMBL20,CHEMBL205,CHEMBL956075,6.43,=,Ki
CHEMBL20,CHEMBL3969,CHEMBL1015325,7.27,=,Ki
CHEMBL20,CHEMBL4789,CHEMBL1015324,7.2,=,Ki
CHEMBL20,CHEMBL261,CHEMBL1015321,6.6,=,Ki
CHEMBL20,CHEMBL205,CHEMBL1015322,7.92,=,Ki
CHEMBL20,CHEMBL261,CHEMBL1029729,6.6,=,Ki
CHEMBL20,CHEMBL205,CHEMBL1029730,7.92,=,Ki
CHEMBL20,CHEMBL3729,CHEMBL1029732,7.13,=,Ki
CHEMBL20,CHEMBL4789,CHEMBL1029733,7.2,=,Ki
CHEMBL20,CHEMBL3969,CHEMBL1029734,7.27,=,Ki
CHEMBL20,CHEMBL3025,CHEMBL1029735,7.96,=,Ki
CHEMBL20,CHEMBL2326,CHEMBL1029736,8.6,=,Ki
CHEMBL20,CHEMBL3594,CHEMBL1029737,7.6,=,Ki
CHEMBL20,CHEMBL3242,CHEMBL1029738,8.24,=,Ki
CHEMBL20,CHEMBL261,CHEMBL993070,6.6,=,Ki
CHEMBL20,CHEMBL205,CHEMBL993071,7.92,=,Ki
CHEMBL20,CHEMBL3729,CHEMBL993072,7.96,=,Ki
CHEMBL20,CHEMBL261,CHEMBL993108,6.6,=,Ki
CHEMBL20,CHEMBL205,CHEMBL993109,7.92,=,Ki
CHEMBL20,CHEMBL261,CHEMBL1031353,6.6,=,Ki
CHEMBL20,CHEMBL205,CHEMBL1031354,7.92,=,Ki
CHEMBL20,CHEMBL3025,CHEMBL1031355,7.96,=,Ki
CHEMBL20,CHEMBL3594,CHEMBL1031356,7.6,=,Ki
CHEMBL20,CHEMBL261,CHEMBL943658,6.6,=,Ki
CHEMBL20,CHEMBL205,CHEMBL943659,7.92,=,Ki
CHEMBL20,CHEMBL3729,CHEMBL943660,7.13,=,Ki
CHEMBL20,CHEMBL261,CHEMBL1002983,6.6,=,Ki
CHEMBL20,CHEMBL205,CHEMBL1002984,7.92,=,Ki
CHEMBL20,CHEMBL261,CHEMBL976322,6.6,=,Ki
CHEMBL20,CHEMBL205,CHEMBL976323,7.92,=,Ki
CHEMBL20,CHEMBL3729,CHEMBL976325,7.13,=,Ki
CHEMBL20,CHEMBL4789,CHEMBL976326,7.2,=,Ki
CHEMBL20,CHEMBL3969,CHEMBL976327,7.27,=,Ki
CHEMBL20,CHEMBL3025,CHEMBL976328,7.96,=,Ki
CHEMBL20,CHEMBL2326,CHEMBL976329,8.6,=,Ki
CHEMBL20,CHEMBL3594,CHEMBL976330,7.6,=,Ki
CHEMBL20,CHEMBL3242,CHEMBL976331,8.24,=,Ki
CHEMBL20,CHEMBL3242,CHEMBL992759,8.24,=,Ki
CHEMBL20,CHEMBL3594,CHEMBL992758,7.6,=,Ki
CHEMBL20,CHEMBL2326,CHEMBL992757,8.6,=,Ki
CHEMBL20,CHEMBL3025,CHEMBL992756,7.96,=,Ki
CHEMBL20,CHEMBL3969,CHEMBL992755,7.27,=,Ki
CHEMBL20,CHEMBL4789,CHEMBL992754,7.2,=,Ki
CHEMBL20,CHEMBL3729,CHEMBL991858,7.13,=,Ki
CHEMBL20,CHEMBL205,CHEMBL991856,7.92,=,Ki
CHEMBL20,CHEMBL261,CHEMBL991855,6.6,=,Ki
CHEMBL192,CHEMBL1827,CHEMBL962323,8.46,=,IC50
CHEMBL20,CHEMBL261,CHEMBL1010056,6.6,=,Ki
CHEMBL20,CHEMBL205,CHEMBL1010057,7.92,=,Ki
CHEMBL20,CHEMBL3594,CHEMBL1010058,7.6,=,Ki
CHEMBL20,CHEMBL3242,CHEMBL1009246,8.24,=,Ki
CHEMBL20,CHEMBL2326,CHEMBL1009248,8.6,=,Ki
CHEMBL20,CHEMBL205,CHEMBL938998,6.98,=,Ki
CHEMBL20,CHEMBL261,CHEMBL938997,6.32,=,Ki
CHEMBL20,CHEMBL261,CHEMBL1034440,6.6,=,Ki
CHEMBL20,CHEMBL205,CHEMBL1034441,7.92,=,Ki
CHEMBL20,CHEMBL261,CHEMBL950886,6.6,=,Ki
CHEMBL20,CHEMBL205,CHEMBL950887,7.92,=,Ki
CHEMBL20,CHEMBL261,CHEMBL1063128,6.6,=,Ki
CHEMBL20,CHEMBL205,CHEMBL1063129,7.92,=,Ki
CHEMBL20,CHEMBL4789,CHEMBL1063131,7.2,=,Ki
CHEMBL20,CHEMBL3969,CHEMBL1063132,7.27,=,Ki
CHEMBL20,CHEMBL3594,CHEMBL1063133,7.8,=,Ki
CHEMBL20,CHEMBL261,CHEMBL1053951,6.6,=,Ki
CHEMBL20,CHEMBL205,CHEMBL1053952,7.92,=,Ki
CHEMBL20,CHEMBL3729,CHEMBL1053954,7.13,=,Ki
CHEMBL20,CHEMBL4789,CHEMBL1053955,7.2,=,Ki
CHEMBL20,CHEMBL3969,CHEMBL1053956,7.27,=,Ki
CHEMBL20,CHEMBL3025,CHEMBL1053957,7.96,=,Ki
CHEMBL20,CHEMBL2326,CHEMBL1053958,8.6,=,Ki
CHEMBL20,CHEMBL3594,CHEMBL1053959,7.6,=,Ki
CHEMBL20,CHEMBL3242,CHEMBL1059702,8.24,=,Ki
CHEMBL20,CHEMBL261,CHEMBL1038577,6.6,=,Ki
CHEMBL20,CHEMBL205,CHEMBL1038578,7.92,=,Ki
CHEMBL20,CHEMBL261,CHEMBL1046597,6.6,=,Ki
CHEMBL20,CHEMBL205,CHEMBL1046598,7.92,=,Ki
CHEMBL20,CHEMBL4789,CHEMBL1046599,7.2,=,Ki
CHEMBL20,CHEMBL3969,CHEMBL1046600,7.27,=,Ki
CHEMBL20,CHEMBL261,CHEMBL1055316,6.6,=,Ki
CHEMBL20,CHEMBL205,CHEMBL1055317,7.92,=,Ki
CHEMBL20,CHEMBL3729,CHEMBL1055319,7.13,=,Ki
CHEMBL20,CHEMBL4789,CHEMBL1040333,7.2,=,Ki
CHEMBL20,CHEMBL3969,CHEMBL1040334,7.27,=,Ki
CHEMBL20,CHEMBL3025,CHEMBL1040335,7.96,=,Ki
CHEMBL20,CHEMBL2326,CHEMBL1041179,8.6,=,Ki
CHEMBL20,CHEMBL3594,CHEMBL1041180,7.6,=,Ki
CHEMBL20,CHEMBL3242,CHEMBL1041181,8.24,=,Ki
CHEMBL20,CHEMBL261,CHEMBL1036957,6.6,=,Ki
CHEMBL20,CHEMBL205,CHEMBL1036958,7.92,=,Ki
CHEMBL20,CHEMBL3594,CHEMBL1036959,7.6,=,Ki
CHEMBL20,CHEMBL3242,CHEMBL1036960,8.24,=,Ki
CHEMBL20,CHEMBL261,CHEMBL1063850,6.6,=,Ki
CHEMBL20,CHEMBL205,CHEMBL1063842,7.92,=,Ki
CHEMBL20,CHEMBL261,CHEMBL1046628,6.6,=,Ki
CHEMBL20,CHEMBL205,CHEMBL1046629,7.92,=,Ki
CHEMBL20,CHEMBL3729,CHEMBL1046631,7.13,=,Ki
CHEMBL20,CHEMBL4789,CHEMBL1046632,7.2,=,Ki
CHEMBL20,CHEMBL3969,CHEMBL1046633,7.27,=,Ki
CHEMBL20,CHEMBL3025,CHEMBL1046634,7.96,=,Ki
CHEMBL20,CHEMBL2326,CHEMBL1046635,8.6,=,Ki
CHEMBL20,CHEMBL3594,CHEMBL1046636,7.6,=,Ki
CHEMBL20,CHEMBL3242,CHEMBL1046637,8.24,=,Ki
CHEMBL20,CHEMBL3912,CHEMBL1048396,7.77,=,Ki
CHEMBL20,CHEMBL261,CHEMBL1050576,6.6,=,Ki
CHEMBL20,CHEMBL205,CHEMBL1039066,7.92,=,Ki
CHEMBL20,CHEMBL3594,CHEMBL1039067,8.05,=,Ki
CHEMBL20,CHEMBL3594,CHEMBL1039068,7.8,=,Ki
CHEMBL20,CHEMBL3242,CHEMBL1039069,8.24,=,Ki
CHEMBL20,CHEMBL205,CHEMBL1048174,7.92,=,Ki
CHEMBL20,CHEMBL3594,CHEMBL1046494,7.6,=,Ki
CHEMBL20,CHEMBL3242,CHEMBL1046495,8.24,=,Ki
CHEMBL20,CHEMBL3242,CHEMBL1074274,8.24,=,Ki
CHEMBL20,CHEMBL3594,CHEMBL1074273,7.6,=,Ki
CHEMBL20,CHEMBL2326,CHEMBL1074272,8.6,=,Ki
CHEMBL20,CHEMBL3025,CHEMBL1074271,7.96,=,Ki
CHEMBL20,CHEMBL3969,CHEMBL1074270,7.27,=,Ki
CHEMBL20,CHEMBL4789,CHEMBL1074269,7.2,=,Ki
CHEMBL20,CHEMBL3729,CHEMBL1074268,7.13,=,Ki
CHEMBL20,CHEMBL205,CHEMBL1074266,7.92,=,Ki
CHEMBL20,CHEMBL261,CHEMBL1074265,6.6,=,Ki
CHEMBL20,CHEMBL205,CHEMBL1105195,6.82,=,IC50
CHEMBL20,CHEMBL261,CHEMBL1106333,6.6,=,Ki
CHEMBL20,CHEMBL205,CHEMBL1106334,7.92,=,Ki
CHEMBL20,CHEMBL3242,CHEMBL1112522,8.24,=,Ki
CHEMBL20,CHEMBL205,CHEMBL1112520,7.92,=,Ki
CHEMBL20,CHEMBL3594,CHEMBL1112521,7.6,=,Ki
CHEMBL20,CHEMBL261,CHEMBL1112519,6.6,=,Ki
CHEMBL20,CHEMBL261,CHEMBL1118580,6.6,=,Ki
CHEMBL20,CHEMBL205,CHEMBL1118581,7.92,=,Ki
CHEMBL20,CHEMBL3729,CHEMBL1118583,7.13,=,Ki
CHEMBL20,CHEMBL4789,CHEMBL1118584,7.2,=,Ki
CHEMBL20,CHEMBL3969,CHEMBL1118585,7.27,=,Ki
CHEMBL20,CHEMBL3025,CHEMBL1118586,7.96,=,Ki
CHEMBL20,CHEMBL2326,CHEMBL1118587,8.6,=,Ki
CHEMBL20,CHEMBL3594,CHEMBL1118588,7.6,=,Ki
CHEMBL20,CHEMBL3242,CHEMBL1118589,8.24,=,Ki
CHEMBL20,CHEMBL261,CHEMBL1119398,6.6,=,Ki
CHEMBL20,CHEMBL205,CHEMBL1119399,7.92,=,Ki
CHEMBL20,CHEMBL3594,CHEMBL1119400,7.6,=,Ki
CHEMBL20,CHEMBL261,CHEMBL1167751,6.43,=,Ki
CHEMBL20,CHEMBL3242,CHEMBL1167309,8.24,=,Ki
CHEMBL20,CHEMBL3594,CHEMBL1167308,7.6,=,Ki
CHEMBL20,CHEMBL205,CHEMBL1167307,7.92,=,Ki
CHEMBL20,CHEMBL261,CHEMBL1167306,6.51,=,Ki
CHEMBL20,CHEMBL261,CHEMBL1177456,6.6,=,Ki
CHEMBL20,CHEMBL205,CHEMBL1177457,7.92,=,Ki
CHEMBL20,CHEMBL3594,CHEMBL1177458,7.6,=,Ki
CHEMBL20,CHEMBL3242,CHEMBL1177459,8.6,=,Ki
CHEMBL20,CHEMBL261,CHEMBL1211822,6.6,=,Ki
CHEMBL20,CHEMBL205,CHEMBL1211823,7.92,=,Ki
CHEMBL20,CHEMBL3729,CHEMBL1211825,7.13,=,Ki
CHEMBL20,CHEMBL4789,CHEMBL1211826,7.2,=,Ki
CHEMBL20,CHEMBL3969,CHEMBL1211827,7.27,=,Ki
CHEMBL20,CHEMBL3025,CHEMBL1211828,7.96,=,Ki
CHEMBL20,CHEMBL2326,CHEMBL1211829,8.6,=,Ki
CHEMBL20,CHEMBL3594,CHEMBL1211830,7.6,=,Ki
CHEMBL20,CHEMBL3242,CHEMBL1211831,8.24,=,Ki
CHEMBL20,CHEMBL3912,CHEMBL1211832,7.77,=,Ki
CHEMBL20,CHEMBL261,CHEMBL1217094,6.6,=,Ki
CHEMBL20,CHEMBL205,CHEMBL1217095,7.92,=,Ki
CHEMBL20,CHEMBL3729,CHEMBL1217097,7.13,=,Ki
CHEMBL20,CHEMBL4789,CHEMBL1217098,7.2,=,Ki
CHEMBL20,CHEMBL3969,CHEMBL1217099,7.27,=,Ki
CHEMBL20,CHEMBL3025,CHEMBL1217100,7.96,=,Ki
CHEMBL20,CHEMBL2326,CHEMBL1217101,8.6,=,Ki
CHEMBL20,CHEMBL3594,CHEMBL1217102,7.6,=,Ki
CHEMBL20,CHEMBL3242,CHEMBL1217103,8.24,=,Ki
CHEMBL20,CHEMBL261,CHEMBL1217308,6.6,=,Ki
CHEMBL20,CHEMBL205,CHEMBL1217310,7.92,=,Ki
CHEMBL20,CHEMBL3242,CHEMBL1246743,8.24,=,Ki
CHEMBL20,CHEMBL3594,CHEMBL1246742,7.6,=,Ki
CHEMBL20,CHEMBL205,CHEMBL1246741,7.92,=,Ki
CHEMBL20,CHEMBL261,CHEMBL1246740,6.51,=,Ki
CHEMBL20,CHEMBL261,CHEMBL1251874,6.6,=,Ki
CHEMBL20,CHEMBL205,CHEMBL1251875,7.92,=,Ki
CHEMBL20,CHEMBL3594,CHEMBL1251876,7.6,=,Ki
CHEMBL20,CHEMBL261,CHEMBL1273994,6.11,=,Kd
CHEMBL20,CHEMBL205,CHEMBL1273995,7.77,=,Kd
CHEMBL20,CHEMBL205,CHEMBL1273996,7.75,=,Kd
CHEMBL20,CHEMBL3912,CHEMBL1273999,7.3,=,Kd
CHEMBL20,CHEMBL3912,CHEMBL1274000,7.19,=,Kd
CHEMBL20,CHEMBL205,CHEMBL1646987,7.92,=,Ki
CHEMBL20,CHEMBL261,CHEMBL1645694,6.6,=,Ki
CHEMBL20,CHEMBL261,CHEMBL1648929,6.6,=,Ki
CHEMBL20,CHEMBL205,CHEMBL1648930,7.92,=,Ki
CHEMBL20,CHEMBL205,CHEMBL1645695,7.92,=,Ki
CHEMBL20,CHEMBL3025,CHEMBL1645696,7.96,=,Ki
CHEMBL20,CHEMBL261,CHEMBL1678662,6.6,=,Ki
CHEMBL20,CHEMBL205,CHEMBL1678663,7.92,=,Ki
CHEMBL20,CHEMBL4789,CHEMBL1678664,7.2,=,Ki
CHEMBL20,CHEMBL3242,CHEMBL1678665,8.24,=,Ki
CHEMBL20,CHEMBL261,CHEMBL1686235,6.6,=,Ki
CHEMBL20,CHEMBL205,CHEMBL1686236,7.92,=,Ki
CHEMBL20,CHEMBL4789,CHEMBL1686237,7.2,=,Ki
CHEMBL20,CHEMBL3969,CHEMBL1686238,7.27,=,Ki
CHEMBL20,CHEMBL261,CHEMBL1693044,6.6,=,Ki
CHEMBL20,CHEMBL205,CHEMBL1693045,7.92,=,Ki
CHEMBL20,CHEMBL3594,CHEMBL1693046,7.6,=,Ki
CHEMBL20,CHEMBL3242,CHEMBL1693047,8.24,=,Ki
CHEMBL20,CHEMBL261,CHEMBL1693479,6.6,=,Ki
CHEMBL20,CHEMBL205,CHEMBL1693480,7.92,=,Ki
CHEMBL20,CHEMBL3729,CHEMBL1693482,7.13,=,Ki
CHEMBL20,CHEMBL261,CHEMBL1693485,6.6,=,Ki
CHEMBL20,CHEMBL205,CHEMBL1693486,7.92,=,Ki
CHEMBL20,CHEMBL261,CHEMBL1695107,6.6,=,Ki
CHEMBL20,CHEMBL205,CHEMBL1695108,7.92,=,Ki
CHEMBL20,CHEMBL261,CHEMBL1762938,6.6,=,Ki
CHEMBL20,CHEMBL205,CHEMBL1762939,7.92,=,Ki
CHEMBL20,CHEMBL261,CHEMBL1764017,6.05,=,Ki
CHEMBL20,CHEMBL205,CHEMBL1764018,7.92,=,Ki
CHEMBL20,CHEMBL2326,CHEMBL1767828,8.6,=,Ki
CHEMBL20,CHEMBL261,CHEMBL1781041,6.6,=,Ki
CHEMBL20,CHEMBL205,CHEMBL1781043,7.92,=,Ki
CHEMBL20,CHEMBL261,CHEMBL1781743,6.6,=,Ki
CHEMBL20,CHEMBL205,CHEMBL1781744,7.92,=,Ki
CHEMBL20,CHEMBL3729,CHEMBL1781745,7.13,=,Ki
CHEMBL20,CHEMBL3594,CHEMBL1781844,7.6,=,Ki
CHEMBL20,CHEMBL3242,CHEMBL1781845,8.24,=,Ki
CHEMBL20,CHEMBL2326,CHEMBL1788074,8.6,=,Ki
CHEMBL20,CHEMBL205,CHEMBL1787522,7.92,=,Ki
CHEMBL20,CHEMBL261,CHEMBL1787521,6.6,=,Ki
CHEMBL20,CHEMBL261,CHEMBL1785906,6.6,=,Ki
CHEMBL20,CHEMBL205,CHEMBL1785907,7.92,=,Ki
CHEMBL20,CHEMBL2326,CHEMBL1785908,8.6,=,Ki
CHEMBL20,CHEMBL261,CHEMBL1799889,6.6,=,Ki
CHEMBL20,CHEMBL3594,CHEMBL1799890,7.6,=,Ki
CHEMBL20,CHEMBL3242,CHEMBL1799891,8.24,=,Ki
CHEMBL20,CHEMBL205,CHEMBL1799888,7.92,=,Ki
CHEMBL20,CHEMBL261,CHEMBL1799005,6.6,=,Ki
CHEMBL20,CHEMBL205,CHEMBL1799006,7.92,=,Ki
CHEMBL20,CHEMBL2326,CHEMBL1799008,8.6,=,Ki
CHEMBL20,CHEMBL3912,CHEMBL1799009,7.77,=,Ki
CHEMBL20,CHEMBL3025,CHEMBL1804479,6.47,=,Ki
CHEMBL20,CHEMBL261,CHEMBL1815531,6.6,=,Ki
CHEMBL20,CHEMBL205,CHEMBL1815532,7.92,=,Ki
CHEMBL20,CHEMBL3594,CHEMBL1815533,7.6,=,Ki
CHEMBL20,CHEMBL3242,CHEMBL1815534,8.24,=,Ki
CHEMBL20,CHEMBL3729,CHEMBL1815536,7.13,=,Ki
CHEMBL20,CHEMBL4789,CHEMBL1815537,7.2,=,Ki
CHEMBL20,CHEMBL3969,CHEMBL1815538,7.27,=,Ki
CHEMBL20,CHEMBL3025,CHEMBL1815539,7.96,=,Ki
CHEMBL20,CHEMBL2326,CHEMBL1815540,8.6,=,Ki
CHEMBL20,CHEMBL3912,CHEMBL1815541,8.24,=,Ki
CHEMBL20,CHEMBL261,CHEMBL1815987,6.6,=,Ki
CHEMBL20,CHEMBL205,CHEMBL1815988,7.92,=,Ki
CHEMBL20,CHEMBL3242,CHEMBL1821330,8.24,=,Ki
CHEMBL20,CHEMBL3594,CHEMBL1821329,7.6,=,Ki
CHEMBL20,CHEMBL205,CHEMBL1821328,7.92,=,Ki
CHEMBL20,CHEMBL261,CHEMBL1821327,6.51,=,Ki
CHEMBL20,CHEMBL261,CHEMBL1826743,6.6,=,Ki
CHEMBL20,CHEMBL205,CHEMBL1826744,7.92,=,Ki
CHEMBL20,CHEMBL3729,CHEMBL1826746,7.13,=,Ki
CHEMBL20,CHEMBL4789,CHEMBL1826747,7.2,=,Ki
CHEMBL20,CHEMBL3969,CHEMBL1826748,7.27,=,Ki
CHEMBL20,CHEMBL3025,CHEMBL1826749,7.96,=,Ki
CHEMBL20,CHEMBL2326,CHEMBL1826750,8.6,=,Ki
CHEMBL20,CHEMBL3594,CHEMBL1826751,7.6,=,Ki
CHEMBL20,CHEMBL3242,CHEMBL1826752,8.24,=,Ki
CHEMBL20,CHEMBL3912,CHEMBL1826756,7.77,=,Ki
CHEMBL20,CHEMBL3242,CHEMBL1837603,8.24,=,Ki
CHEMBL20,CHEMBL3594,CHEMBL1837602,7.6,=,Ki
CHEMBL20,CHEMBL205,CHEMBL1837601,7.92,=,Ki
CHEMBL20,CHEMBL261,CHEMBL1837600,6.6,=,Ki
CHEMBL20,CHEMBL261,CHEMBL1839821,6.6,=,Ki
CHEMBL20,CHEMBL205,CHEMBL1839822,7.92,=,Ki
CHEMBL20,CHEMBL3594,CHEMBL1839823,7.6,=,Ki
CHEMBL20,CHEMBL3242,CHEMBL1839824,8.24,=,Ki
CHEMBL20,CHEMBL205,CHEMBL1909123,7.0,=,IC50
CHEMBL192,CHEMBL1827,CHEMBL1909186,8.34,=,IC50
CHEMBL20,CHEMBL205,CHEMBL1948410,6.43,=,Ki
CHEMBL20,CHEMBL3729,CHEMBL1948411,6.24,=,Ki
CHEMBL20,CHEMBL3025,CHEMBL1948304,6.47,=,Ki
CHEMBL20,CHEMBL205,CHEMBL1948547,6.43,=,Ki
CHEMBL20,CHEMBL3729,CHEMBL1948548,6.24,=,Ki
CHEMBL20,CHEMBL3025,CHEMBL1948549,6.47,=,Ki
CHEMBL20,CHEMBL2326,CHEMBL1953729,8.55,=,Ki
CHEMBL20,CHEMBL2326,CHEMBL1953731,8.57,=,Ki
CHEMBL20,CHEMBL2885,CHEMBL1953732,6.08,=,IC50
CHEMBL20,CHEMBL2326,CHEMBL1953733,6.45,=,IC50
CHEMBL20,CHEMBL2326,CHEMBL1953735,6.58,=,IC50
CHEMBL20,CHEMBL261,CHEMBL1959870,6.6,=,Ki
CHEMBL20,CHEMBL205,CHEMBL1959871,7.92,=,Ki
CHEMBL20,CHEMBL3594,CHEMBL1959872,7.6,=,Ki
CHEMBL20,CHEMBL3242,CHEMBL1959873,8.24,=,Ki
CHEMBL20,CHEMBL205,CHEMBL1960461,7.27,=,Ki
CHEMBL20,CHEMBL205,CHEMBL1960462,7.53,=,Ki
CHEMBL20,CHEMBL261,CHEMBL2025934,6.6,=,Ki
CHEMBL20,CHEMBL205,CHEMBL2027661,7.92,=,Ki
CHEMBL20,CHEMBL3594,CHEMBL2027662,7.6,=,Ki
CHEMBL20,CHEMBL3242,CHEMBL2027663,8.24,=,Ki
CHEMBL20,CHEMBL3729,CHEMBL2045823,6.24,=,Ki
CHEMBL20,CHEMBL261,CHEMBL2049248,6.6,=,Ki
CHEMBL20,CHEMBL205,CHEMBL2049249,7.92,=,Ki
CHEMBL20,CHEMBL261,CHEMBL2049494,6.6,=,Ki
CHEMBL20,CHEMBL205,CHEMBL2049495,7.92,=,Ki
CHEMBL20,CHEMBL2326,CHEMBL2050862,8.6,=,Ki
CHEMBL20,CHEMBL3594,CHEMBL2050863,7.6,=,Ki
CHEMBL191,CHEMBL227,CHEMBL2061970,7.79,=,IC50
CHEMBL191,CHEMBL227,CHEMBL2061975,9.48,=,IC50
CHEMBL191,CHEMBL227,CHEMBL2067441,8.25,=,IC50
CHEMBL191,CHEMBL227,CHEMBL2067441,8.22,=,IC50
CHEMBL192,CHEMBL251,CHEMBL2073146,6.7,=,Ki
CHEMBL20,CHEMBL261,CHEMBL2071765,6.6,=,Ki
CHEMBL20,CHEMBL205,CHEMBL2071766,7.92,=,Ki
CHEMBL20,CHEMBL3594,CHEMBL2071767,7.6,=,Ki
CHEMBL20,CHEMBL3242,CHEMBL2071768,8.22,=,Ki
CHEMBL20,CHEMBL205,CHEMBL2166491,6.8,=,Ki
CHEMBL20,CHEMBL261,CHEMBL2166492,6.47,=,Ki
CHEMBL20,CHEMBL3242,CHEMBL2166493,8.24,=,Ki
CHEMBL20,CHEMBL3594,CHEMBL2166494,7.6,=,Ki
CHEMBL20,CHEMBL205,CHEMBL2166495,7.92,=,Ki
CHEMBL20,CHEMBL261,CHEMBL2166496,6.6,=,Ki
CHEMBL20,CHEMBL205,CHEMBL2183333,7.54,=,IC50
CHEMBL192,CHEMBL3977,CHEMBL2184506,7.41,=,IC50
CHEMBL192,CHEMBL1827,CHEMBL2184512,8.41,=,IC50
CHEMBL20,CHEMBL261,CHEMBL2214976,6.6,=,Ki
CHEMBL20,CHEMBL205,CHEMBL2214975,7.92,=,Ki
CHEMBL2,CHEMBL229,CHEMBL3049693,9.23,=,Ki
CHEMBL2,CHEMBL229,CHEMBL3049693,9.23,=,Ki
CHEMBL1790041,CHEMBL1941,CHEMBL3058111,7.2,=,Kd
CHEMBL20,CHEMBL205,CHEMBL2319050,7.92,=,Ki
CHEMBL20,CHEMBL261,CHEMBL2319051,6.6,=,Ki
CHEMBL20,CHEMBL3242,CHEMBL2329435,8.3,=,Ki
CHEMBL20,CHEMBL3594,CHEMBL2329436,7.6,=,Ki
CHEMBL20,CHEMBL205,CHEMBL2329437,7.92,=,Ki
CHEMBL20,CHEMBL261,CHEMBL2329438,6.6,=,Ki
CHEMBL20,CHEMBL205,CHEMBL2327206,7.92,=,Ki
CHEMBL20,CHEMBL261,CHEMBL2327205,6.6,=,Ki
CHEMBL20,CHEMBL205,CHEMBL2329241,8.1,=,Ki
CHEMBL20,CHEMBL3242,CHEMBL2328241,8.24,=,Ki
CHEMBL20,CHEMBL3594,CHEMBL2328240,7.6,=,Ki
CHEMBL20,CHEMBL205,CHEMBL2328242,7.92,=,Ki
CHEMBL20,CHEMBL261,CHEMBL2328243,6.6,=,Ki
CHEMBL20,CHEMBL3242,CHEMBL2343565,8.25,=,Ki
CHEMBL20,CHEMBL3594,CHEMBL2344043,7.59,=,Ki
CHEMBL20,CHEMBL205,CHEMBL2344044,7.92,=,Ki
CHEMBL20,CHEMBL261,CHEMBL2344045,6.6,=,Ki
CHEMBL20,CHEMBL205,CHEMBL2341887,7.92,=,Ki
CHEMBL20,CHEMBL3594,CHEMBL2344100,8.11,=,IC50
CHEMBL20,CHEMBL205,CHEMBL2344101,7.43,=,IC50
CHEMBL192,CHEMBL1827,CHEMBL2345130,8.66,=,IC50
CHEMBL20,CHEMBL261,CHEMBL2344102,6.29,=,IC50
CHEMBL20,CHEMBL3594,CHEMBL2340415,7.6,=,Ki
CHEMBL20,CHEMBL205,CHEMBL2340416,7.92,=,Ki
CHEMBL20,CHEMBL261,CHEMBL2340417,6.6,=,Ki
CHEMBL20,CHEMBL205,CHEMBL2343319,7.92,=,Ki
CHEMBL20,CHEMBL261,CHEMBL2343320,6.6,=,Ki
CHEMBL20,CHEMBL3912,CHEMBL2340475,7.3,=,Kd
CHEMBL20,CHEMBL3242,CHEMBL2340476,6.88,=,Kd
CHEMBL20,CHEMBL2326,CHEMBL2340477,7.77,=,Kd
CHEMBL20,CHEMBL205,CHEMBL2340478,7.42,=,Kd
CHEMBL20,CHEMBL3242,CHEMBL2339498,8.24,=,Ki
CHEMBL20,CHEMBL3594,CHEMBL2339499,7.6,=,Ki
CHEMBL20,CHEMBL205,CHEMBL2339500,7.92,=,Ki
CHEMBL20,CHEMBL261,CHEMBL2339501,6.6,=,Ki
CHEMBL191,CHEMBL227,CHEMBL2345156,8.25,=,IC50
CHEMBL20,CHEMBL3242,CHEMBL2353329,8.6,=,Ki
CHEMBL20,CHEMBL3594,CHEMBL2353330,7.6,=,Ki
CHEMBL20,CHEMBL205,CHEMBL2353332,7.92,=,Ki
CHEMBL20,CHEMBL261,CHEMBL2353333,6.6,=,Ki
CHEMBL20,CHEMBL205,CHEMBL2380060,7.92,=,Ki
CHEMBL20,CHEMBL261,CHEMBL2380061,6.6,=,Ki
CHEMBL20,CHEMBL3242,CHEMBL2384051,8.24,=,Ki
CHEMBL20,CHEMBL3594,CHEMBL2384052,7.6,=,Ki
CHEMBL20,CHEMBL205,CHEMBL2384053,7.92,=,Ki
CHEMBL20,CHEMBL261,CHEMBL2384054,6.6,=,Ki
CHEMBL20,CHEMBL3594,CHEMBL2388686,7.6,=,Ki
CHEMBL20,CHEMBL3242,CHEMBL2388684,8.22,=,Ki
CHEMBL20,CHEMBL261,CHEMBL2388687,6.6,=,Ki
CHEMBL20,CHEMBL205,CHEMBL2388688,7.92,=,Ki
CHEMBL20,CHEMBL4789,CHEMBL2388685,7.2,=,Ki
CHEMBL2,CHEMBL223,CHEMBL2395287,9.37,=,Ki
CHEMBL2,CHEMBL223,CHEMBL2395287,9.06,=,IC50
CHEMBL20,CHEMBL3594,CHEMBL2394009,8.59,=,IC50
CHEMBL20,CHEMBL205,CHEMBL2394010,7.7,=,IC50
CHEMBL20,CHEMBL261,CHEMBL2394011,6.79,=,IC50
CHEMBL20,CHEMBL205,CHEMBL2406403,7.92,=,Ki
CHEMBL20,CHEMBL261,CHEMBL2406404,6.6,=,Ki
CHEMBL20,CHEMBL205,CHEMBL2406030,7.92,=,Ki
CHEMBL20,CHEMBL261,CHEMBL2406031,6.6,=,Ki
CHEMBL20,CHEMBL3242,CHEMBL2405766,8.24,=,Ki
CHEMBL20,CHEMBL3594,CHEMBL2405765,7.6,=,Ki
CHEMBL20,CHEMBL205,CHEMBL2405767,7.92,=,Ki
CHEMBL20,CHEMBL261,CHEMBL2405768,6.6,=,Ki
CHEMBL20,CHEMBL3242,CHEMBL2410987,8.24,=,Ki
CHEMBL20,CHEMBL3594,CHEMBL2410988,7.6,=,Ki
CHEMBL20,CHEMBL4789,CHEMBL2410989,7.19,=,Ki
CHEMBL20,CHEMBL205,CHEMBL2410990,7.92,=,Ki
CHEMBL20,CHEMBL261,CHEMBL2410991,6.6,=,Ki
CHEMBL20,CHEMBL3594,CHEMBL2411709,7.55,=,IC50
CHEMBL20,CHEMBL205,CHEMBL2411710,7.8,=,IC50
CHEMBL20,CHEMBL3594,CHEMBL2412926,7.6,=,Ki
CHEMBL20,CHEMBL205,CHEMBL2412925,7.9,=,Ki
CHEMBL20,CHEMBL261,CHEMBL2412927,6.6,=,Ki
CHEMBL20,CHEMBL3242,CHEMBL2415307,8.25,=,Ki
CHEMBL20,CHEMBL3594,CHEMBL2415308,7.59,=,Ki
CHEMBL20,CHEMBL205,CHEMBL2415309,7.92,=,Ki
CHEMBL20,CHEMBL261,CHEMBL2415310,6.6,=,Ki
CHEMBL20,CHEMBL3242,CHEMBL2415550,8.25,=,Ki
CHEMBL20,CHEMBL3594,CHEMBL2415551,7.6,=,Ki
CHEMBL20,CHEMBL205,CHEMBL2415553,7.92,=,Ki
CHEMBL20,CHEMBL261,CHEMBL2415552,6.6,=,Ki
CHEMBL20,CHEMBL2326,CHEMBL2415806,8.6,=,Ki
CHEMBL20,CHEMBL205,CHEMBL2415807,7.92,=,Ki
CHEMBL20,CHEMBL261,CHEMBL2415808,6.6,=,Ki
CHEMBL20,CHEMBL2326,CHEMBL2424156,7.55,=,Ki
CHEMBL20,CHEMBL205,CHEMBL2424157,7.92,=,Ki
CHEMBL20,CHEMBL261,CHEMBL2424158,6.6,=,Ki
CHEMBL20,CHEMBL3242,CHEMBL2429044,8.24,=,Ki
CHEMBL20,CHEMBL3594,CHEMBL2429045,7.6,=,Ki
CHEMBL20,CHEMBL2326,CHEMBL2429046,8.6,=,Ki
CHEMBL20,CHEMBL205,CHEMBL2429047,7.92,=,Ki
CHEMBL20,CHEMBL261,CHEMBL2429048,6.6,=,Ki
CHEMBL20,CHEMBL3242,CHEMBL2433432,8.24,=,Ki
CHEMBL20,CHEMBL3594,CHEMBL2433433,7.6,=,Ki
CHEMBL191,CHEMBL227,CHEMBL2439561,7.79,=,IC50
CHEMBL20,CHEMBL205,CHEMBL2439838,7.6,=,IC50
CHEMBL20,CHEMBL3912,CHEMBL2446501,7.3,=,Kd
CHEMBL20,CHEMBL3242,CHEMBL2446502,6.88,=,Kd
CHEMBL20,CHEMBL2326,CHEMBL2446503,7.77,=,Kd
CHEMBL20,CHEMBL3025,CHEMBL2446504,6.75,=,Kd
CHEMBL20,CHEMBL205,CHEMBL2446505,7.77,=,Kd
CHEMBL20,CHEMBL3242,CHEMBL2446191,8.24,=,Ki
CHEMBL20,CHEMBL3912,CHEMBL2446190,7.77,=,Ki
CHEMBL20,CHEMBL3594,CHEMBL2446192,7.6,=,Ki
CHEMBL20,CHEMBL205,CHEMBL2446195,7.92,=,Ki
CHEMBL20,CHEMBL3025,CHEMBL2446194,7.96,=,Ki
CHEMBL20,CHEMBL2326,CHEMBL2446193,8.6,=,Ki
CHEMBL20,CHEMBL3242,CHEMBL3088560,8.25,=,Ki
CHEMBL20,CHEMBL3594,CHEMBL3088561,7.6,=,Ki
CHEMBL20,CHEMBL205,CHEMBL3088590,7.92,=,Ki
CHEMBL20,CHEMBL261,CHEMBL3088591,6.6,=,Ki
CHEMBL20,CHEMBL205,CHEMBL3095740,7.92,=,Ki
CHEMBL20,CHEMBL261,CHEMBL3095741,6.6,=,Ki
CHEMBL20,CHEMBL3242,CHEMBL3095664,8.22,=,Ki
CHEMBL20,CHEMBL3594,CHEMBL3095665,7.6,=,Ki
CHEMBL20,CHEMBL205,CHEMBL3095666,7.92,=,Ki
CHEMBL20,CHEMBL261,CHEMBL3095667,6.6,=,Ki
CHEMBL20,CHEMBL3242,CHEMBL3097253,8.24,=,Ki
CHEMBL20,CHEMBL3594,CHEMBL3097254,7.6,=,Ki
CHEMBL20,CHEMBL205,CHEMBL3097256,7.92,=,Ki
CHEMBL20,CHEMBL261,CHEMBL3097255,6.6,=,Ki
CHEMBL20,CHEMBL3594,CHEMBL3102437,7.6,=,Ki
CHEMBL20,CHEMBL2326,CHEMBL3102438,8.6,=,Ki
CHEMBL20,CHEMBL205,CHEMBL3102439,7.92,=,Ki
CHEMBL20,CHEMBL261,CHEMBL3102440,6.6,=,Ki
CHEMBL20,CHEMBL3912,CHEMBL3101062,7.77,=,Ki
CHEMBL20,CHEMBL3242,CHEMBL3101063,8.24,=,Ki
CHEMBL20,CHEMBL3594,CHEMBL3101064,7.6,=,Ki
CHEMBL20,CHEMBL2326,CHEMBL3101065,8.6,=,Ki
CHEMBL20,CHEMBL3025,CHEMBL3101066,7.96,=,Ki
CHEMBL20,CHEMBL4789,CHEMBL3101068,7.2,=,Ki
CHEMBL20,CHEMBL3729,CHEMBL3101067,7.13,=,Ki
CHEMBL20,CHEMBL205,CHEMBL3101070,7.92,=,Ki
CHEMBL20,CHEMBL261,CHEMBL3101071,6.6,=,Ki
CHEMBL20,CHEMBL205,CHEMBL3101837,7.92,=,Ki
CHEMBL20,CHEMBL261,CHEMBL3101838,6.6,=,Ki
CHEMBL20,CHEMBL205,CHEMBL3101213,7.92,=,Ki
CHEMBL20,CHEMBL205,CHEMBL3107031,7.92,=,Ki
CHEMBL20,CHEMBL261,CHEMBL3107032,6.6,=,Ki
CHEMBL2,CHEMBL223,CHEMBL3106124,9.34,=,Ki
CHEMBL2,CHEMBL232,CHEMBL3106126,8.1,=,Ki
CHEMBL2,CHEMBL229,CHEMBL3106125,8.73,=,Ki
CHEMBL2,CHEMBL223,CHEMBL3106124,9.38,=,Ki
CHEMBL2,CHEMBL232,CHEMBL3106126,9.0,=,Ki
CHEMBL2,CHEMBL229,CHEMBL3106125,9.23,=,Ki
CHEMBL20,CHEMBL3242,CHEMBL3107029,8.24,=,Ki
CHEMBL20,CHEMBL3594,CHEMBL3107030,7.6,=,Ki
CHEMBL20,CHEMBL205,CHEMBL3118986,7.92,=,Ki
CHEMBL20,CHEMBL261,CHEMBL3118985,6.6,=,Ki
CHEMBL20,CHEMBL3242,CHEMBL3116663,8.24,=,Ki
CHEMBL20,CHEMBL3594,CHEMBL3116664,7.6,=,Ki
CHEMBL20,CHEMBL205,CHEMBL3116665,7.92,=,Ki
CHEMBL20,CHEMBL261,CHEMBL3116666,6.6,=,Ki
CHEMBL20,CHEMBL3242,CHEMBL3118003,8.24,=,Ki
CHEMBL20,CHEMBL3594,CHEMBL3118004,7.6,=,Ki
CHEMBL20,CHEMBL205,CHEMBL3118005,7.92,=,Ki
CHEMBL20,CHEMBL261,CHEMBL3118006,6.6,=,Ki
CHEMBL20,CHEMBL3242,CHEMBL3122607,8.24,=,Ki
CHEMBL20,CHEMBL3594,CHEMBL3122608,7.6,=,Ki
CHEMBL20,CHEMBL205,CHEMBL3122609,7.92,=,Ki
CHEMBL20,CHEMBL261,CHEMBL3122610,6.6,=,Ki
CHEMBL20,CHEMBL3242,CHEMBL3122285,8.24,=,Ki
CHEMBL20,CHEMBL3594,CHEMBL3122286,7.6,=,Ki
CHEMBL20,CHEMBL205,CHEMBL3122287,7.92,=,Ki
CHEMBL20,CHEMBL261,CHEMBL3122288,6.6,=,Ki
CHEMBL20,CHEMBL3242,CHEMBL3131402,8.24,=,Ki
CHEMBL20,CHEMBL3594,CHEMBL3131403,7.6,=,Ki
CHEMBL20,CHEMBL205,CHEMBL3131404,7.92,=,Ki
CHEMBL20,CHEMBL261,CHEMBL3131405,6.6,=,Ki
CHEMBL20,CHEMBL3242,CHEMBL3129538,8.22,=,Ki
CHEMBL20,CHEMBL3594,CHEMBL3129539,7.6,=,Ki
CHEMBL20,CHEMBL205,CHEMBL3129541,7.92,=,Ki
CHEMBL20,CHEMBL261,CHEMBL3129540,6.6,=,Ki
CHEMBL20,CHEMBL3242,CHEMBL3130995,8.24,=,Ki
CHEMBL20,CHEMBL3594,CHEMBL3130996,7.6,=,Ki
CHEMBL20,CHEMBL205,CHEMBL3130997,7.92,=,Ki
CHEMBL20,CHEMBL261,CHEMBL3131164,6.6,=,Ki
CHEMBL20,CHEMBL261,CHEMBL3239310,6.6,=,Ki
CHEMBL20,CHEMBL205,CHEMBL3239311,7.92,=,Ki
CHEMBL20,CHEMBL3594,CHEMBL3239312,7.6,=,Ki
CHEMBL20,CHEMBL3242,CHEMBL3239313,8.24,=,Ki
CHEMBL20,CHEMBL261,CHEMBL3240043,7.32,=,IC50
CHEMBL20,CHEMBL205,CHEMBL3240045,6.66,=,IC50
CHEMBL20,CHEMBL3594,CHEMBL3240046,7.03,=,IC50
CHEMBL20,CHEMBL3242,CHEMBL3240047,7.21,=,IC50
CHEMBL20,CHEMBL261,CHEMBL3270521,6.6,=,Ki
CHEMBL20,CHEMBL205,CHEMBL3270522,7.92,=,Ki
CHEMBL20,CHEMBL3594,CHEMBL3270523,7.6,=,Ki
CHEMBL20,CHEMBL3242,CHEMBL3270524,8.24,=,Ki
CHEMBL20,CHEMBL205,CHEMBL3269990,6.6,=,Ki
CHEMBL20,CHEMBL261,CHEMBL3269991,7.92,=,Ki
CHEMBL20,CHEMBL261,CHEMBL3270415,6.6,=,Ki
CHEMBL20,CHEMBL205,CHEMBL3270416,7.92,=,Ki
CHEMBL20,CHEMBL261,CHEMBL3296582,6.6,=,Ki
CHEMBL20,CHEMBL205,CHEMBL3296583,7.92,=,Ki
CHEMBL20,CHEMBL3594,CHEMBL3296584,7.6,=,Ki
CHEMBL20,CHEMBL3242,CHEMBL3296585,8.24,=,Ki
CHEMBL20,CHEMBL261,CHEMBL3292801,6.52,=,IC50
CHEMBL20,CHEMBL205,CHEMBL3292802,7.64,=,IC50
CHEMBL20,CHEMBL3594,CHEMBL3292803,6.04,=,IC50
CHEMBL20,CHEMBL3242,CHEMBL3292804,7.06,=,IC50
CHEMBL2,CHEMBL229,CHEMBL3297339,10.4,=,Ki
CHEMBL20,CHEMBL261,CHEMBL3300908,6.6,=,Ki
CHEMBL20,CHEMBL205,CHEMBL3300909,7.92,=,Ki
CHEMBL20,CHEMBL3594,CHEMBL3300910,7.6,=,Ki
CHEMBL20,CHEMBL3242,CHEMBL3300911,8.24,=,Ki
CHEMBL20,CHEMBL205,CHEMBL3374772,7.92,=,Ki
CHEMBL20,CHEMBL261,CHEMBL3374771,6.6,=,Ki
CHEMBL20,CHEMBL3729,CHEMBL3374774,7.13,=,Ki
CHEMBL20,CHEMBL4789,CHEMBL3374775,7.2,=,Ki
CHEMBL20,CHEMBL3025,CHEMBL3374776,7.96,=,Ki
CHEMBL20,CHEMBL2326,CHEMBL3374777,8.6,=,Ki
CHEMBL20,CHEMBL3594,CHEMBL3374778,7.6,=,Ki
CHEMBL20,CHEMBL3242,CHEMBL3374779,8.24,=,Ki
CHEMBL20,CHEMBL3912,CHEMBL3374780,7.75,=,Ki
CHEMBL20,CHEMBL3242,CHEMBL3382964,8.24,=,Ki
CHEMBL20,CHEMBL3594,CHEMBL3382963,7.6,=,Ki
CHEMBL20,CHEMBL205,CHEMBL3382962,7.92,=,Ki
CHEMBL20,CHEMBL261,CHEMBL3382961,6.6,=,Ki
CHEMBL20,CHEMBL261,CHEMBL3377546,6.6,=,Ki
CHEMBL20,CHEMBL205,CHEMBL3377547,7.92,=,Ki
CHEMBL20,CHEMBL3594,CHEMBL3372050,7.6,=,Ki
CHEMBL20,CHEMBL205,CHEMBL3372049,7.92,=,Ki
CHEMBL20,CHEMBL261,CHEMBL3372048,6.6,=,Ki
CHEMBL20,CHEMBL3242,CHEMBL3372051,8.24,=,Ki
CHEMBL20,CHEMBL3242,CHEMBL3373765,7.22,=,IC50
CHEMBL20,CHEMBL3594,CHEMBL3373764,7.14,=,IC50
CHEMBL20,CHEMBL205,CHEMBL3373762,7.82,=,IC50
CHEMBL20,CHEMBL261,CHEMBL3373760,6.53,=,IC50
CHEMBL20,CHEMBL205,CHEMBL3362528,7.92,=,Ki
CHEMBL20,CHEMBL261,CHEMBL3362527,6.6,=,Ki
CHEMBL20,CHEMBL3594,CHEMBL3362529,7.6,=,Ki
CHEMBL20,CHEMBL3242,CHEMBL3362530,8.24,=,Ki
CHEMBL20,CHEMBL261,CHEMBL3366664,6.6,=,Ki
CHEMBL20,CHEMBL205,CHEMBL3366665,7.92,=,Ki
CHEMBL20,CHEMBL261,CHEMBL3367482,6.6,=,Ki
CHEMBL20,CHEMBL205,CHEMBL3367483,7.92,=,Ki
CHEMBL20,CHEMBL3594,CHEMBL3367484,7.6,=,Ki
CHEMBL20,CHEMBL3242,CHEMBL3367485,8.24,=,Ki
CHEMBL20,CHEMBL261,CHEMBL3368141,6.6,=,Ki
CHEMBL20,CHEMBL205,CHEMBL3368142,7.92,=,Ki
CHEMBL20,CHEMBL3594,CHEMBL3368143,7.6,=,Ki
CHEMBL20,CHEMBL3242,CHEMBL3368144,8.24,=,Ki
CHEMBL192,CHEMBL1827,CHEMBL3387063,8.8,=,IC50
CHEMBL20,CHEMBL261,CHEMBL3387072,6.6,=,Ki
CHEMBL20,CHEMBL205,CHEMBL3387073,7.92,=,Ki
CHEMBL20,CHEMBL3594,CHEMBL3387074,7.6,=,Ki
CHEMBL20,CHEMBL3242,CHEMBL3387075,8.24,=,Ki
CHEMBL20,CHEMBL3242,CHEMBL3389585,8.24,=,Ki
CHEMBL20,CHEMBL3594,CHEMBL3389584,7.6,=,Ki
CHEMBL20,CHEMBL205,CHEMBL3389583,7.92,=,Ki
CHEMBL20,CHEMBL261,CHEMBL3389582,6.6,=,Ki
CHEMBL20,CHEMBL261,CHEMBL3375179,6.6,=,Ki
CHEMBL20,CHEMBL205,CHEMBL3375180,7.92,=,Ki
CHEMBL20,CHEMBL3594,CHEMBL3375181,7.6,=,Ki
CHEMBL20,CHEMBL3242,CHEMBL3375182,8.24,=,Ki
CHEMBL20,CHEMBL205,CHEMBL3375187,7.42,=,Kd
CHEMBL20,CHEMBL3729,CHEMBL3377082,7.0,=,Kd
CHEMBL20,CHEMBL4789,CHEMBL3377083,6.0,=,Kd
CHEMBL20,CHEMBL3969,CHEMBL3377084,6.51,=,Kd
CHEMBL20,CHEMBL3025,CHEMBL3377085,6.51,=,Kd
CHEMBL20,CHEMBL2326,CHEMBL3377086,7.77,=,Kd
CHEMBL20,CHEMBL3594,CHEMBL3377087,7.7,=,Kd
CHEMBL20,CHEMBL3594,CHEMBL3377088,7.3,=,Kd
CHEMBL20,CHEMBL3242,CHEMBL3377089,6.89,=,Kd
CHEMBL20,CHEMBL3242,CHEMBL3377090,6.48,=,Kd
CHEMBL20,CHEMBL3912,CHEMBL3377091,7.3,=,Kd
CHEMBL20,CHEMBL261,CHEMBL3377093,6.09,=,Kd
CHEMBL20,CHEMBL205,CHEMBL3377094,7.34,=,Kd
CHEMBL20,CHEMBL2326,CHEMBL3377095,7.2,=,Kd
CHEMBL20,CHEMBL3594,CHEMBL3377627,7.66,=,Kd
CHEMBL20,CHEMBL3594,CHEMBL3377628,7.85,=,Kd
CHEMBL20,CHEMBL3242,CHEMBL3377629,6.89,=,Kd
CHEMBL20,CHEMBL3912,CHEMBL3377630,7.22,=,Kd
CHEMBL20,CHEMBL261,CHEMBL3377631,6.54,=,Kd
CHEMBL20,CHEMBL205,CHEMBL3377632,8.0,=,Kd
CHEMBL20,CHEMBL3594,CHEMBL3377633,8.17,=,Kd
CHEMBL20,CHEMBL3242,CHEMBL3377635,7.6,=,Kd
CHEMBL20,CHEMBL261,CHEMBL3375524,6.6,=,Ki
CHEMBL20,CHEMBL261,CHEMBL3390526,6.6,=,Ki
CHEMBL20,CHEMBL205,CHEMBL3390527,7.92,=,Ki
CHEMBL20,CHEMBL3594,CHEMBL3390528,7.6,=,Ki
CHEMBL20,CHEMBL3242,CHEMBL3390529,8.25,=,Ki
CHEMBL20,CHEMBL205,CHEMBL3375525,7.92,=,Ki
CHEMBL20,CHEMBL205,CHEMBL3375544,7.92,=,Ki
CHEMBL20,CHEMBL261,CHEMBL3376125,6.6,=,Ki
CHEMBL20,CHEMBL261,CHEMBL3367565,6.6,=,Ki
CHEMBL20,CHEMBL205,CHEMBL3367566,7.92,=,Ki
CHEMBL20,CHEMBL261,CHEMBL3382409,6.6,=,Ki
CHEMBL20,CHEMBL205,CHEMBL3382410,7.92,=,Ki
CHEMBL20,CHEMBL3594,CHEMBL3382411,7.6,=,Ki
CHEMBL20,CHEMBL3242,CHEMBL3382412,8.24,=,Ki
CHEMBL20,CHEMBL261,CHEMBL3385060,6.6,=,Ki
CHEMBL20,CHEMBL205,CHEMBL3385061,7.92,=,Ki
CHEMBL20,CHEMBL261,CHEMBL3385332,6.6,=,Ki
CHEMBL20,CHEMBL205,CHEMBL3385333,7.92,=,Ki
CHEMBL20,CHEMBL3594,CHEMBL3385334,7.6,=,Ki
CHEMBL20,CHEMBL3242,CHEMBL3385335,8.24,=,Ki
CHEMBL20,CHEMBL261,CHEMBL3395806,6.6,=,Ki
CHEMBL20,CHEMBL205,CHEMBL3395807,7.92,=,Ki
CHEMBL20,CHEMBL261,CHEMBL3407116,6.6,=,Ki
CHEMBL20,CHEMBL205,CHEMBL3407117,7.92,=,Ki
CHEMBL20,CHEMBL261,CHEMBL3406053,6.6,=,Ki
CHEMBL20,CHEMBL205,CHEMBL3406054,7.92,=,Ki
CHEMBL20,CHEMBL3594,CHEMBL3406463,7.6,=,Ki
CHEMBL20,CHEMBL3242,CHEMBL3406464,8.24,=,Ki
CHEMBL20,CHEMBL205,CHEMBL3404499,7.92,=,Ki
CHEMBL20,CHEMBL261,CHEMBL3404498,6.6,=,Ki
CHEMBL20,CHEMBL261,CHEMBL3407088,6.6,=,Ki
CHEMBL20,CHEMBL205,CHEMBL3407089,7.92,=,Ki
CHEMBL20,CHEMBL3594,CHEMBL3407090,7.6,=,Ki
CHEMBL20,CHEMBL3242,CHEMBL3407091,8.24,=,Ki
CHEMBL20,CHEMBL261,CHEMBL3406376,6.6,=,Ki
CHEMBL20,CHEMBL205,CHEMBL3406377,7.92,=,Ki
CHEMBL20,CHEMBL3594,CHEMBL3406378,7.6,=,Ki
CHEMBL20,CHEMBL3242,CHEMBL3406379,8.24,=,Ki
CHEMBL20,CHEMBL261,CHEMBL3405431,6.6,=,Ki
CHEMBL20,CHEMBL205,CHEMBL3405432,7.92,=,Ki
CHEMBL20,CHEMBL2326,CHEMBL3405433,8.6,=,Ki
CHEMBL20,CHEMBL3594,CHEMBL3405434,7.6,=,Ki
CHEMBL20,CHEMBL3242,CHEMBL3405435,8.24,=,Ki
CHEMBL192,CHEMBL1827,CHEMBL3405811,8.25,=,IC50
CHEMBL192,CHEMBL1827,CHEMBL3405816,8.25,=,IC50
CHEMBL192,CHEMBL3977,CHEMBL3405817,7.62,=,IC50
CHEMBL20,CHEMBL261,CHEMBL3406241,6.5,=,IC50
CHEMBL20,CHEMBL205,CHEMBL3406242,6.91,=,IC50
CHEMBL20,CHEMBL261,CHEMBL3406243,6.73,=,Ki
CHEMBL20,CHEMBL205,CHEMBL3406244,7.21,=,Ki
CHEMBL2,CHEMBL229,CHEMBL3413561,10.4,=,Ki
CHEMBL20,CHEMBL261,CHEMBL3411264,6.6,=,Ki
CHEMBL20,CHEMBL205,CHEMBL3411265,7.92,=,Ki
CHEMBL20,CHEMBL261,CHEMBL3418802,6.6,=,Ki
CHEMBL20,CHEMBL205,CHEMBL3418803,7.92,=,Ki
CHEMBL20,CHEMBL3594,CHEMBL3418804,7.6,=,Ki
CHEMBL20,CHEMBL3242,CHEMBL3418805,8.24,=,Ki
CHEMBL20,CHEMBL3242,CHEMBL3425068,8.22,=,Ki
CHEMBL20,CHEMBL261,CHEMBL3428830,6.6,=,Ki
CHEMBL20,CHEMBL205,CHEMBL3428962,7.92,=,Ki
CHEMBL20,CHEMBL3594,CHEMBL3428963,7.6,=,Ki
CHEMBL20,CHEMBL3242,CHEMBL3428964,8.24,=,Ki
CHEMBL20,CHEMBL261,CHEMBL3588511,6.6,=,Ki
CHEMBL20,CHEMBL205,CHEMBL3588512,6.6,=,Ki
CHEMBL20,CHEMBL3594,CHEMBL3588513,7.6,=,Ki
CHEMBL20,CHEMBL3242,CHEMBL3588514,8.24,=,Ki
CHEMBL20,CHEMBL3242,CHEMBL3588572,8.24,=,Ki
CHEMBL20,CHEMBL3594,CHEMBL3588571,7.6,=,Ki
CHEMBL20,CHEMBL205,CHEMBL3588570,7.92,=,Ki
CHEMBL20,CHEMBL261,CHEMBL3588569,6.6,=,Ki
CHEMBL20,CHEMBL261,CHEMBL3588576,7.21,=,Ki
CHEMBL20,CHEMBL205,CHEMBL3588577,6.73,=,Ki
CHEMBL20,CHEMBL205,CHEMBL3595047,7.92,=,Ki
CHEMBL20,CHEMBL261,CHEMBL3595052,6.6,=,Ki
CHEMBL20,CHEMBL261,CHEMBL3595787,6.6,=,Ki
CHEMBL20,CHEMBL205,CHEMBL3595788,7.92,=,Ki
CHEMBL20,CHEMBL3594,CHEMBL3595789,7.6,=,Ki
CHEMBL20,CHEMBL3242,CHEMBL3595790,8.24,=,Ki
CHEMBL20,CHEMBL261,CHEMBL3594605,6.6,=,Ki
CHEMBL20,CHEMBL205,CHEMBL3594606,7.92,=,Ki
CHEMBL20,CHEMBL3594,CHEMBL3594607,7.6,=,Ki
CHEMBL20,CHEMBL3242,CHEMBL3594608,8.22,=,Ki
CHEMBL20,CHEMBL205,CHEMBL3599982,7.92,=,Ki
CHEMBL20,CHEMBL261,CHEMBL3599985,6.6,=,Ki
CHEMBL20,CHEMBL3594,CHEMBL3602838,7.6,=,Ki
CHEMBL20,CHEMBL205,CHEMBL3602837,7.92,=,Ki
CHEMBL20,CHEMBL261,CHEMBL3602836,6.6,=,Ki
CHEMBL20,CHEMBL3242,CHEMBL3602839,8.24,=,Ki
CHEMBL20,CHEMBL3594,CHEMBL3603162,7.6,=,Ki
CHEMBL20,CHEMBL205,CHEMBL3603161,7.92,=,Ki
CHEMBL20,CHEMBL261,CHEMBL3603160,6.6,=,Ki
CHEMBL20,CHEMBL3242,CHEMBL3603163,8.22,=,Ki
CHEMBL20,CHEMBL205,CHEMBL3602570,6.43,=,Ki
CHEMBL20,CHEMBL261,CHEMBL3602572,6.6,=,Ki
CHEMBL20,CHEMBL205,CHEMBL3602573,7.92,=,Ki
CHEMBL20,CHEMBL3594,CHEMBL3602574,7.6,=,Ki
CHEMBL20,CHEMBL3242,CHEMBL3602575,8.24,=,Ki
CHEMBL20,CHEMBL261,CHEMBL3602142,6.6,=,Ki
CHEMBL20,CHEMBL205,CHEMBL3602143,7.92,=,Ki
CHEMBL20,CHEMBL3594,CHEMBL3602144,7.6,=,Ki
CHEMBL20,CHEMBL3242,CHEMBL3602145,8.24,=,Ki
CHEMBL20,CHEMBL205,CHEMBL3607055,7.92,=,Ki
CHEMBL20,CHEMBL205,CHEMBL3608011,7.92,=,Ki
CHEMBL20,CHEMBL261,CHEMBL3607714,6.6,=,Ki
CHEMBL20,CHEMBL3594,CHEMBL3608012,7.6,=,Ki
CHEMBL20,CHEMBL3242,CHEMBL3608013,8.24,=,Ki
CHEMBL20,CHEMBL205,CHEMBL3607048,7.92,=,Ki
CHEMBL20,CHEMBL261,CHEMBL3607047,6.6,=,Ki
CHEMBL20,CHEMBL261,CHEMBL3610542,6.6,=,Ki
CHEMBL20,CHEMBL205,CHEMBL3610543,7.92,=,Ki
CHEMBL20,CHEMBL3594,CHEMBL3610544,7.6,=,Ki
CHEMBL20,CHEMBL3242,CHEMBL3610545,8.25,=,Ki
CHEMBL20,CHEMBL205,CHEMBL3611445,7.92,=,Ki
CHEMBL20,CHEMBL261,CHEMBL3611444,6.6,=,Ki
CHEMBL20,CHEMBL3594,CHEMBL3611446,7.6,=,Ki
CHEMBL20,CHEMBL3242,CHEMBL3611447,8.22,=,Ki
CHEMBL20,CHEMBL3242,CHEMBL3615099,8.24,=,Ki
CHEMBL20,CHEMBL3594,CHEMBL3615098,7.6,=,Ki
CHEMBL20,CHEMBL3025,CHEMBL3615097,7.96,=,Ki
CHEMBL20,CHEMBL3729,CHEMBL3615096,7.13,=,Ki
CHEMBL20,CHEMBL3912,CHEMBL3615095,7.77,=,Ki
CHEMBL20,CHEMBL2326,CHEMBL3615094,8.6,=,Ki
CHEMBL20,CHEMBL3969,CHEMBL3615093,7.27,=,Ki
CHEMBL20,CHEMBL4789,CHEMBL3615092,7.2,=,Ki
CHEMBL20,CHEMBL205,CHEMBL3615090,7.92,=,Ki
CHEMBL20,CHEMBL261,CHEMBL3615089,6.6,=,Ki
CHEMBL20,CHEMBL261,CHEMBL3624910,6.6,=,Ki
CHEMBL20,CHEMBL205,CHEMBL3624911,7.92,=,Ki
CHEMBL20,CHEMBL3594,CHEMBL3624912,7.6,=,Ki
CHEMBL20,CHEMBL3242,CHEMBL3624913,8.22,=,Ki
CHEMBL20,CHEMBL261,CHEMBL3625046,6.6,=,Ki
CHEMBL20,CHEMBL205,CHEMBL3625047,7.92,=,Ki
CHEMBL20,CHEMBL3594,CHEMBL3625048,7.6,=,Ki
CHEMBL20,CHEMBL3242,CHEMBL3625049,8.24,=,Ki
CHEMBL20,CHEMBL261,CHEMBL3631188,6.6,=,Ki
CHEMBL20,CHEMBL205,CHEMBL3631189,7.92,=,Ki
CHEMBL20,CHEMBL3729,CHEMBL3631190,7.13,=,Ki
CHEMBL20,CHEMBL2326,CHEMBL3631191,8.6,=,Ki
CHEMBL20,CHEMBL3242,CHEMBL3631192,8.24,=,Ki
CHEMBL20,CHEMBL261,CHEMBL3635732,6.6,=,Ki
CHEMBL20,CHEMBL205,CHEMBL3635733,7.92,=,Ki
CHEMBL20,CHEMBL3594,CHEMBL3635734,7.6,=,Ki
CHEMBL20,CHEMBL3242,CHEMBL3635735,8.24,=,Ki
CHEMBL20,CHEMBL3594,CHEMBL3635395,7.6,=,Ki
CHEMBL20,CHEMBL205,CHEMBL3637535,7.92,=,Ki
CHEMBL20,CHEMBL261,CHEMBL3637534,6.6,=,Ki
CHEMBL20,CHEMBL205,CHEMBL3636830,7.92,=,Ki
CHEMBL20,CHEMBL261,CHEMBL3636829,6.6,=,Ki
CHEMBL20,CHEMBL3594,CHEMBL3636831,7.6,=,Ki
CHEMBL20,CHEMBL3242,CHEMBL3636832,8.24,=,Ki
CHEMBL20,CHEMBL261,CHEMBL3737169,6.6,=,Ki
CHEMBL20,CHEMBL205,CHEMBL3737170,7.92,=,Ki
CHEMBL191,CHEMBL227,CHEMBL3736606,7.54,=,IC50
CHEMBL20,CHEMBL261,CHEMBL3745424,6.6,=,Ki
CHEMBL20,CHEMBL205,CHEMBL3745425,7.92,=,Ki
CHEMBL20,CHEMBL3729,CHEMBL3745426,7.13,=,Ki
CHEMBL20,CHEMBL2326,CHEMBL3745427,8.6,=,Ki
CHEMBL20,CHEMBL3242,CHEMBL3745428,8.24,=,Ki
CHEMBL20,CHEMBL3594,CHEMBL3745439,10.22,=,Ki
CHEMBL20,CHEMBL3242,CHEMBL3745440,7.6,=,Ki
CHEMBL20,CHEMBL261,CHEMBL3748430,6.6,=,Ki
CHEMBL20,CHEMBL205,CHEMBL3748431,7.92,=,Ki
CHEMBL20,CHEMBL3242,CHEMBL3756219,8.25,=,Ki
CHEMBL20,CHEMBL3594,CHEMBL3756218,7.6,=,Ki
CHEMBL20,CHEMBL205,CHEMBL3756217,7.92,=,Ki
CHEMBL20,CHEMBL261,CHEMBL3756216,6.6,=,Ki
CHEMBL191,CHEMBL227,CHEMBL3757817,7.79,=,IC50
CHEMBL20,CHEMBL3594,CHEMBL3755044,7.6,=,Ki
CHEMBL20,CHEMBL2326,CHEMBL3755043,8.6,=,Ki
CHEMBL20,CHEMBL205,CHEMBL3755042,7.92,=,Ki
CHEMBL20,CHEMBL261,CHEMBL3755041,6.6,=,Ki
CHEMBL20,CHEMBL3242,CHEMBL3755045,8.24,=,Ki
CHEMBL20,CHEMBL205,CHEMBL3761241,7.92,=,Ki
CHEMBL20,CHEMBL261,CHEMBL3761623,6.6,=,Ki
CHEMBL20,CHEMBL205,CHEMBL3761624,7.92,=,Ki
CHEMBL20,CHEMBL3594,CHEMBL3761625,7.6,=,Ki
CHEMBL20,CHEMBL3242,CHEMBL3761626,8.22,=,Ki
CHEMBL20,CHEMBL261,CHEMBL3761631,6.6,=,Ki
CHEMBL20,CHEMBL205,CHEMBL3761632,7.92,=,Ki
CHEMBL20,CHEMBL261,CHEMBL3762501,6.6,=,Ki
CHEMBL20,CHEMBL205,CHEMBL3762502,7.92,=,Ki
CHEMBL20,CHEMBL3594,CHEMBL3762503,7.6,=,Ki
CHEMBL20,CHEMBL3242,CHEMBL3762504,8.22,=,Ki
CHEMBL20,CHEMBL261,CHEMBL3762505,6.6,=,Ki
CHEMBL20,CHEMBL205,CHEMBL3762506,7.92,=,Ki
CHEMBL20,CHEMBL3594,CHEMBL3762507,7.6,=,Ki
CHEMBL20,CHEMBL3242,CHEMBL3762508,8.25,=,Ki
CHEMBL20,CHEMBL261,CHEMBL3760248,6.7,=,Ki
CHEMBL20,CHEMBL205,CHEMBL3760249,7.92,=,Ki
CHEMBL20,CHEMBL3594,CHEMBL3760250,7.6,=,Ki
CHEMBL20,CHEMBL3242,CHEMBL3760251,8.22,=,Ki
CHEMBL20,CHEMBL261,CHEMBL3761242,6.6,=,Ki
CHEMBL20,CHEMBL261,CHEMBL3766367,6.6,=,Ki
CHEMBL20,CHEMBL205,CHEMBL3766368,7.92,=,Ki
CHEMBL20,CHEMBL3594,CHEMBL3766369,7.6,=,Ki
CHEMBL20,CHEMBL3242,CHEMBL3766370,8.24,=,Ki
CHEMBL20,CHEMBL261,CHEMBL3767104,6.6,=,Ki
CHEMBL20,CHEMBL205,CHEMBL3767105,7.92,=,Ki
CHEMBL20,CHEMBL3594,CHEMBL3767106,7.6,=,Ki
CHEMBL20,CHEMBL3242,CHEMBL3767107,8.24,=,Ki
CHEMBL20,CHEMBL205,CHEMBL3767548,7.92,=,Ki
CHEMBL20,CHEMBL261,CHEMBL3767545,6.6,=,Ki
CHEMBL20,CHEMBL261,CHEMBL3767219,6.6,=,Ki
CHEMBL20,CHEMBL205,CHEMBL3767220,7.92,=,Ki
CHEMBL20,CHEMBL3594,CHEMBL3767221,7.6,=,Ki
CHEMBL20,CHEMBL3242,CHEMBL3767222,8.24,=,Ki
CHEMBL20,CHEMBL205,CHEMBL3782910,7.92,=,Ki
CHEMBL20,CHEMBL261,CHEMBL3782909,6.6,=,Ki
CHEMBL20,CHEMBL261,CHEMBL3787805,6.6,=,Ki
CHEMBL20,CHEMBL205,CHEMBL3787806,7.92,=,Ki
CHEMBL191,CHEMBL227,CHEMBL3789066,7.92,=,Ki
CHEMBL191,CHEMBL227,CHEMBL3791116,7.77,=,Ki
CHEMBL20,CHEMBL261,CHEMBL3789777,6.68,=,IC50
CHEMBL20,CHEMBL205,CHEMBL3789778,7.43,=,IC50
CHEMBL20,CHEMBL261,CHEMBL3789780,6.69,=,Ki
CHEMBL20,CHEMBL205,CHEMBL3789781,7.48,=,Ki
CHEMBL20,CHEMBL261,CHEMBL3806791,6.6,=,Ki
CHEMBL20,CHEMBL205,CHEMBL3806792,7.92,=,Ki
CHEMBL20,CHEMBL3594,CHEMBL3806793,7.6,=,Ki
CHEMBL20,CHEMBL3242,CHEMBL3806794,8.24,=,Ki
CHEMBL20,CHEMBL3594,CHEMBL3811429,7.59,=,Ki
CHEMBL20,CHEMBL205,CHEMBL3811428,7.92,=,Ki
CHEMBL20,CHEMBL261,CHEMBL3811427,6.6,=,Ki
CHEMBL20,CHEMBL205,CHEMBL3812831,7.92,=,Ki
CHEMBL20,CHEMBL261,CHEMBL3812830,6.6,=,Ki
CHEMBL20,CHEMBL3594,CHEMBL3812832,7.6,=,Ki
CHEMBL20,CHEMBL3242,CHEMBL3813006,8.24,=,Ki
CHEMBL20,CHEMBL205,CHEMBL3815892,7.92,=,Ki
CHEMBL20,CHEMBL261,CHEMBL3815891,6.6,=,Ki
CHEMBL20,CHEMBL261,CHEMBL3815663,6.6,=,Ki
CHEMBL20,CHEMBL205,CHEMBL3815664,7.92,=,Ki
CHEMBL20,CHEMBL3729,CHEMBL3815665,7.13,=,Ki
CHEMBL20,CHEMBL2326,CHEMBL3815666,8.6,=,Ki
CHEMBL20,CHEMBL261,CHEMBL3815700,6.6,=,Ki
CHEMBL20,CHEMBL205,CHEMBL3815701,7.92,=,Ki
CHEMBL20,CHEMBL3594,CHEMBL3815702,7.6,=,Ki
CHEMBL20,CHEMBL3242,CHEMBL3815703,8.24,=,Ki
CHEMBL20,CHEMBL205,CHEMBL3821823,7.92,=,Ki
CHEMBL20,CHEMBL3729,CHEMBL3821824,7.13,=,Ki
CHEMBL20,CHEMBL4789,CHEMBL3821825,7.2,=,Ki
CHEMBL20,CHEMBL3025,CHEMBL3821826,7.96,=,Ki
CHEMBL20,CHEMBL2326,CHEMBL3821827,8.6,=,Ki
CHEMBL20,CHEMBL3594,CHEMBL3821828,7.6,=,Ki
CHEMBL20,CHEMBL3242,CHEMBL3821963,8.24,=,Ki
CHEMBL20,CHEMBL3912,CHEMBL3821964,7.79,=,Ki
CHEMBL20,CHEMBL261,CHEMBL3821822,6.6,=,Ki
CHEMBL20,CHEMBL205,CHEMBL3820862,7.92,=,Ki
CHEMBL20,CHEMBL3594,CHEMBL3820863,7.6,=,Ki
CHEMBL20,CHEMBL3729,CHEMBL3825323,7.13,=,Ki
CHEMBL20,CHEMBL205,CHEMBL3825322,7.92,=,Ki
CHEMBL20,CHEMBL261,CHEMBL3825321,6.6,=,Ki
CHEMBL20,CHEMBL3594,CHEMBL3825324,7.6,=,Ki
CHEMBL20,CHEMBL3242,CHEMBL3825325,8.24,=,Ki
CHEMBL20,CHEMBL261,CHEMBL3829723,6.6,=,Ki
CHEMBL20,CHEMBL205,CHEMBL3829724,7.92,=,Ki
CHEMBL20,CHEMBL205,CHEMBL3830276,7.92,=,Ki
CHEMBL20,CHEMBL261,CHEMBL3830275,6.6,=,Ki
CHEMBL20,CHEMBL3242,CHEMBL3830277,8.24,=,Ki
CHEMBL191,CHEMBL227,CHEMBL3830508,8.49,=,IC50
CHEMBL192,CHEMBL1827,CHEMBL3860975,8.07,=,IC50
CHEMBL192,CHEMBL1827,CHEMBL3860990,8.4,=,IC50
CHEMBL20,CHEMBL261,CHEMBL3861905,6.6,=,Ki
CHEMBL20,CHEMBL205,CHEMBL3861906,7.92,=,Ki
CHEMBL20,CHEMBL3594,CHEMBL3861907,7.6,=,Ki
CHEMBL20,CHEMBL3242,CHEMBL3861908,8.24,=,Ki
CHEMBL20,CHEMBL261,CHEMBL3870149,6.6,=,Ki
CHEMBL20,CHEMBL205,CHEMBL3870150,7.92,=,Ki
CHEMBL20,CHEMBL205,CHEMBL3870980,7.92,=,Ki
CHEMBL20,CHEMBL261,CHEMBL3870979,6.6,=,Ki
CHEMBL20,CHEMBL2326,CHEMBL3870982,8.6,=,Ki
CHEMBL20,CHEMBL3729,CHEMBL3870981,7.13,=,Ki
CHEMBL20,CHEMBL3242,CHEMBL3874761,8.24,=,Ki
CHEMBL20,CHEMBL3594,CHEMBL3874760,7.6,=,Ki
CHEMBL20,CHEMBL205,CHEMBL3874759,7.92,=,Ki
CHEMBL20,CHEMBL261,CHEMBL3874758,6.6,=,Ki
CHEMBL20,CHEMBL261,CHEMBL3874963,6.6,=,Ki
CHEMBL20,CHEMBL205,CHEMBL3874964,7.92,=,Ki
CHEMBL20,CHEMBL3594,CHEMBL3874965,7.6,=,Ki
CHEMBL20,CHEMBL3242,CHEMBL3874966,8.25,=,Ki
CHEMBL20,CHEMBL261,CHEMBL3874973,6.6,=,Ki
CHEMBL20,CHEMBL205,CHEMBL3874974,7.92,=,Ki
CHEMBL20,CHEMBL261,CHEMBL3876599,6.6,=,Ki
CHEMBL20,CHEMBL205,CHEMBL3876600,7.92,=,Ki
CHEMBL20,CHEMBL3729,CHEMBL3876601,7.13,=,Ki
CHEMBL20,CHEMBL2326,CHEMBL3876602,8.6,=,Ki
CHEMBL20,CHEMBL261,CHEMBL3877022,6.6,=,Ki
CHEMBL20,CHEMBL205,CHEMBL3877023,7.92,=,Ki
CHEMBL20,CHEMBL3594,CHEMBL3877024,7.6,=,Ki
CHEMBL20,CHEMBL3242,CHEMBL3877025,8.24,=,Ki
CHEMBL20,CHEMBL261,CHEMBL3879545,6.6,=,Ki
CHEMBL20,CHEMBL205,CHEMBL3879546,7.92,=,Ki
CHEMBL20,CHEMBL3729,CHEMBL3879547,7.13,=,Ki
CHEMBL20,CHEMBL2326,CHEMBL3879548,8.6,=,Ki
CHEMBL20,CHEMBL261,CHEMBL3992826,6.6,=,Ki
CHEMBL20,CHEMBL205,CHEMBL3992827,7.92,=,Ki
CHEMBL20,CHEMBL3594,CHEMBL3992828,7.6,=,Ki
CHEMBL20,CHEMBL3242,CHEMBL3992829,8.24,=,Ki
CHEMBL20,CHEMBL261,CHEMBL3993624,6.6,=,Ki
CHEMBL20,CHEMBL205,CHEMBL3993625,7.92,=,Ki
CHEMBL20,CHEMBL3729,CHEMBL3993626,7.13,=,Ki
CHEMBL20,CHEMBL2326,CHEMBL3993627,8.6,=,Ki
CHEMBL20,CHEMBL3594,CHEMBL3993628,7.6,=,Ki
CHEMBL20,CHEMBL3242,CHEMBL3993629,8.24,=,Ki
CHEMBL20,CHEMBL261,CHEMBL3993914,6.6,=,Ki
CHEMBL20,CHEMBL205,CHEMBL3993915,7.92,=,Ki
CHEMBL20,CHEMBL3729,CHEMBL3993916,7.13,=,Ki
CHEMBL20,CHEMBL2326,CHEMBL3993917,8.6,=,Ki
CHEMBL20,CHEMBL261,CHEMBL3994307,6.6,=,Ki
CHEMBL20,CHEMBL205,CHEMBL3994308,7.92,=,Ki
CHEMBL20,CHEMBL3729,CHEMBL3994309,7.13,=,Ki
CHEMBL20,CHEMBL2326,CHEMBL3994310,8.6,=,Ki
CHEMBL20,CHEMBL261,CHEMBL3997503,6.6,=,Ki
CHEMBL20,CHEMBL205,CHEMBL3997500,7.92,=,Ki
CHEMBL20,CHEMBL261,CHEMBL4000257,6.73,=,Ki
CHEMBL20,CHEMBL205,CHEMBL4000258,7.21,=,Ki
CHEMBL20,CHEMBL3594,CHEMBL4000259,7.6,=,Ki
CHEMBL20,CHEMBL3242,CHEMBL4000260,8.22,=,Ki
CHEMBL20,CHEMBL261,CHEMBL4001625,6.6,=,Ki
CHEMBL20,CHEMBL205,CHEMBL4001626,7.92,=,Ki
CHEMBL20,CHEMBL261,CHEMBL4002259,6.6,=,Ki
CHEMBL20,CHEMBL205,CHEMBL4002260,7.92,=,Ki
CHEMBL20,CHEMBL3729,CHEMBL4002261,7.13,=,Ki
CHEMBL20,CHEMBL3594,CHEMBL4002262,7.6,=,Ki
CHEMBL20,CHEMBL261,CHEMBL4007125,6.6,=,Ki
CHEMBL20,CHEMBL205,CHEMBL4007127,8.0,=,Ki
CHEMBL20,CHEMBL3729,CHEMBL4007128,7.16,=,Ki
CHEMBL20,CHEMBL3594,CHEMBL4007130,7.52,=,Ki
CHEMBL20,CHEMBL261,CHEMBL4010241,6.6,=,Ki
CHEMBL20,CHEMBL205,CHEMBL4010242,7.92,=,Ki
CHEMBL20,CHEMBL2326,CHEMBL4010243,8.6,=,Ki
CHEMBL20,CHEMBL3242,CHEMBL4010244,8.24,=,Ki
CHEMBL20,CHEMBL261,CHEMBL4010463,6.6,=,Ki
CHEMBL20,CHEMBL205,CHEMBL4010464,7.92,=,Ki
CHEMBL20,CHEMBL4789,CHEMBL4010465,7.2,=,Ki
CHEMBL20,CHEMBL3242,CHEMBL4010468,8.25,=,Ki
CHEMBL20,CHEMBL3594,CHEMBL4010467,7.59,=,Ki
CHEMBL20,CHEMBL3969,CHEMBL4010466,7.27,=,Ki
CHEMBL20,CHEMBL3594,CHEMBL4013792,7.59,=,Ki
CHEMBL20,CHEMBL3242,CHEMBL4013793,8.25,=,Ki
CHEMBL20,CHEMBL261,CHEMBL4017661,6.6,=,Ki
CHEMBL20,CHEMBL205,CHEMBL4017662,7.92,=,Ki
CHEMBL20,CHEMBL205,CHEMBL4017666,7.92,=,Ki
CHEMBL20,CHEMBL3594,CHEMBL4017667,7.6,=,Ki
CHEMBL20,CHEMBL3242,CHEMBL4017668,8.25,=,Ki
CHEMBL20,CHEMBL261,CHEMBL4017665,6.6,=,Ki
CHEMBL20,CHEMBL261,CHEMBL4021390,6.6,=,Ki
CHEMBL20,CHEMBL205,CHEMBL4021391,7.92,=,Ki
CHEMBL20,CHEMBL3594,CHEMBL4021392,7.6,=,Ki
CHEMBL20,CHEMBL3242,CHEMBL4021393,8.25,=,Ki
CHEMBL20,CHEMBL3594,CHEMBL4023920,8.07,=,Kd
CHEMBL20,CHEMBL3594,CHEMBL4023921,9.0,=,Kd
CHEMBL20,CHEMBL205,CHEMBL4023923,7.82,=,Kd
CHEMBL20,CHEMBL205,CHEMBL4023926,8.59,=,Kd
CHEMBL20,CHEMBL3912,CHEMBL4023929,7.44,=,Kd
CHEMBL20,CHEMBL3912,CHEMBL4023932,8.0,=,Kd
CHEMBL20,CHEMBL261,CHEMBL4026021,6.6,=,Ki
CHEMBL20,CHEMBL205,CHEMBL4026022,7.92,=,Ki
CHEMBL20,CHEMBL3242,CHEMBL4026024,8.24,=,Ki
CHEMBL20,CHEMBL3594,CHEMBL4026023,7.6,=,Ki
CHEMBL20,CHEMBL3594,CHEMBL4026724,7.6,=,Ki
CHEMBL20,CHEMBL3242,CHEMBL4026736,8.24,=,Ki
CHEMBL20,CHEMBL261,CHEMBL4029475,6.6,=,Ki
CHEMBL20,CHEMBL3594,CHEMBL4029479,7.6,=,Ki
CHEMBL20,CHEMBL2326,CHEMBL4029478,8.22,=,Ki
CHEMBL20,CHEMBL3729,CHEMBL4029477,7.13,=,Ki
CHEMBL20,CHEMBL205,CHEMBL4029476,7.92,=,Ki
CHEMBL20,CHEMBL205,CHEMBL4029563,7.89,=,IC50
CHEMBL20,CHEMBL3594,CHEMBL4029564,7.52,=,IC50
CHEMBL20,CHEMBL261,CHEMBL4034205,6.6,=,Ki
CHEMBL20,CHEMBL205,CHEMBL4034206,7.92,=,Ki
CHEMBL20,CHEMBL2326,CHEMBL4034207,8.6,=,Ki
CHEMBL20,CHEMBL3594,CHEMBL4034208,7.6,=,Ki
CHEMBL20,CHEMBL261,CHEMBL4035706,8.24,=,IC50
CHEMBL20,CHEMBL261,CHEMBL4035706,8.05,=,Ki
CHEMBL20,CHEMBL205,CHEMBL4035707,8.17,=,IC50
CHEMBL20,CHEMBL205,CHEMBL4035707,7.97,=,Ki
CHEMBL20,CHEMBL261,CHEMBL4035750,6.6,=,Ki
CHEMBL20,CHEMBL205,CHEMBL4035751,7.92,=,Ki
CHEMBL20,CHEMBL261,CHEMBL4035965,6.6,=,Ki
CHEMBL20,CHEMBL3594,CHEMBL4035968,7.59,=,Ki
CHEMBL20,CHEMBL2326,CHEMBL4035967,8.24,=,Ki
CHEMBL20,CHEMBL205,CHEMBL4035966,7.92,=,Ki
CHEMBL20,CHEMBL3594,CHEMBL4036366,7.6,=,Ki
CHEMBL20,CHEMBL2420,CHEMBL4036367,8.24,=,Ki
CHEMBL20,CHEMBL261,CHEMBL4038749,6.6,=,Ki
CHEMBL20,CHEMBL205,CHEMBL4038750,7.92,=,Ki
CHEMBL20,CHEMBL261,CHEMBL4041636,8.24,=,IC50
CHEMBL20,CHEMBL205,CHEMBL4041637,8.17,=,IC50
CHEMBL20,CHEMBL261,CHEMBL4043555,6.6,=,Ki
CHEMBL20,CHEMBL205,CHEMBL4043556,7.92,=,Ki
CHEMBL20,CHEMBL3729,CHEMBL4043558,7.13,=,Ki
CHEMBL20,CHEMBL4789,CHEMBL4043559,7.2,=,Ki
CHEMBL20,CHEMBL3969,CHEMBL4043560,7.27,=,Ki
CHEMBL20,CHEMBL3025,CHEMBL4043561,7.96,=,Ki
CHEMBL20,CHEMBL2326,CHEMBL4043562,8.7,=,Ki
CHEMBL20,CHEMBL3594,CHEMBL4043563,7.6,=,Ki
CHEMBL20,CHEMBL3242,CHEMBL4043564,8.22,=,Ki
CHEMBL20,CHEMBL3912,CHEMBL4043565,7.77,=,Ki
CHEMBL20,CHEMBL205,CHEMBL4044594,7.6,=,Ki
CHEMBL20,CHEMBL3242,CHEMBL4044596,6.6,=,Ki
CHEMBL20,CHEMBL261,CHEMBL4044724,6.6,=,Ki
CHEMBL20,CHEMBL205,CHEMBL4044725,7.92,=,Ki
CHEMBL20,CHEMBL261,CHEMBL4045525,6.6,=,Ki
CHEMBL20,CHEMBL205,CHEMBL4045526,7.92,=,Ki
CHEMBL20,CHEMBL3594,CHEMBL4045527,7.59,=,Ki
CHEMBL20,CHEMBL3242,CHEMBL4045528,8.24,=,Ki
CHEMBL20,CHEMBL261,CHEMBL4047054,6.6,=,Ki
CHEMBL20,CHEMBL205,CHEMBL4047055,7.92,=,Ki
CHEMBL20,CHEMBL3594,CHEMBL4047056,7.59,=,Ki
CHEMBL20,CHEMBL3242,CHEMBL4047057,8.24,=,Ki
CHEMBL20,CHEMBL261,CHEMBL4119793,6.6,=,Ki
CHEMBL20,CHEMBL205,CHEMBL4119794,7.92,=,Ki
CHEMBL20,CHEMBL3594,CHEMBL4119795,7.6,=,Ki
CHEMBL20,CHEMBL3242,CHEMBL4119796,8.24,=,Ki
CHEMBL20,CHEMBL3594,CHEMBL4125655,7.6,=,Ki
CHEMBL20,CHEMBL2326,CHEMBL4135747,8.22,=,Ki
CHEMBL20,CHEMBL3729,CHEMBL4135746,7.13,=,Ki
CHEMBL20,CHEMBL261,CHEMBL4135744,6.6,=,Ki
CHEMBL20,CHEMBL261,CHEMBL4136407,6.6,=,Ki
CHEMBL20,CHEMBL205,CHEMBL4136408,7.92,=,Ki
CHEMBL20,CHEMBL261,CHEMBL4136599,6.6,=,Ki
CHEMBL20,CHEMBL205,CHEMBL4136600,7.92,=,Ki
CHEMBL20,CHEMBL3729,CHEMBL4136601,7.13,=,Ki
CHEMBL20,CHEMBL2326,CHEMBL4136602,8.22,=,Ki
CHEMBL20,CHEMBL3594,CHEMBL4136603,7.59,=,Ki
CHEMBL20,CHEMBL261,CHEMBL4136673,6.6,=,Ki
CHEMBL20,CHEMBL205,CHEMBL4136674,7.92,=,Ki
CHEMBL20,CHEMBL3729,CHEMBL4136675,7.13,=,Ki
CHEMBL20,CHEMBL3594,CHEMBL4136676,7.6,=,Ki
CHEMBL2,CHEMBL223,CHEMBL4139220,9.65,=,Ki
CHEMBL2,CHEMBL232,CHEMBL4139219,9.39,=,Ki
CHEMBL2,CHEMBL229,CHEMBL4139218,9.23,=,Ki
CHEMBL20,CHEMBL3242,CHEMBL4142348,8.24,=,Ki
CHEMBL20,CHEMBL3594,CHEMBL4142347,7.59,=,Ki
CHEMBL20,CHEMBL3594,CHEMBL4142947,7.6,=,Ki
CHEMBL20,CHEMBL3242,CHEMBL4142948,8.24,=,Ki
CHEMBL20,CHEMBL261,CHEMBL4145111,6.6,=,Ki
CHEMBL20,CHEMBL205,CHEMBL4145112,7.92,=,Ki
CHEMBL20,CHEMBL3594,CHEMBL4145113,7.6,=,Ki
CHEMBL20,CHEMBL3242,CHEMBL4145114,8.24,=,Ki
CHEMBL20,CHEMBL3594,CHEMBL4146325,7.15,=,IC50
CHEMBL20,CHEMBL3594,CHEMBL4147714,7.59,=,Ki
CHEMBL20,CHEMBL3242,CHEMBL4147715,8.25,=,Ki
CHEMBL20,CHEMBL3969,CHEMBL4149854,7.27,=,Ki
CHEMBL20,CHEMBL4789,CHEMBL4149853,7.2,=,Ki
CHEMBL20,CHEMBL205,CHEMBL4149852,8.0,=,Ki
CHEMBL20,CHEMBL261,CHEMBL4149851,6.6,=,Ki
CHEMBL20,CHEMBL3594,CHEMBL4149856,7.59,=,Ki
CHEMBL20,CHEMBL2326,CHEMBL4149855,8.6,=,Ki
CHEMBL20,CHEMBL261,CHEMBL4150366,6.6,=,Ki
CHEMBL20,CHEMBL205,CHEMBL4150368,7.92,=,Ki
CHEMBL20,CHEMBL3729,CHEMBL4150370,7.13,=,Ki
CHEMBL20,CHEMBL3594,CHEMBL4150372,7.59,=,Ki
CHEMBL20,CHEMBL205,CHEMBL4151359,7.92,=,Ki
CHEMBL20,CHEMBL261,CHEMBL4151358,6.6,=,Ki
CHEMBL20,CHEMBL3594,CHEMBL4151360,7.59,=,Ki
CHEMBL20,CHEMBL3242,CHEMBL4151361,8.24,=,Ki
CHEMBL20,CHEMBL3594,CHEMBL4152970,7.6,=,Ki
CHEMBL20,CHEMBL3729,CHEMBL4152969,7.13,=,Ki
CHEMBL20,CHEMBL205,CHEMBL4152968,7.92,=,Ki
CHEMBL20,CHEMBL261,CHEMBL4152967,6.6,=,Ki
CHEMBL20,CHEMBL261,CHEMBL4153838,6.6,=,Ki
CHEMBL20,CHEMBL205,CHEMBL4153837,7.92,=,Ki
CHEMBL20,CHEMBL3729,CHEMBL4153839,7.13,=,Ki
CHEMBL20,CHEMBL3594,CHEMBL4153840,7.6,=,Ki
CHEMBL20,CHEMBL261,CHEMBL4155226,6.6,=,Ki
CHEMBL20,CHEMBL205,CHEMBL4155227,7.92,=,Ki
CHEMBL20,CHEMBL2326,CHEMBL4155228,8.6,=,Ki
CHEMBL20,CHEMBL3594,CHEMBL4155229,7.59,=,Ki
CHEMBL20,CHEMBL3594,CHEMBL4155391,7.57,=,IC50
CHEMBL20,CHEMBL205,CHEMBL4155392,7.89,=,IC50
CHEMBL20,CHEMBL205,CHEMBL4156068,7.92,=,Ki
CHEMBL20,CHEMBL261,CHEMBL4156067,6.6,=,Ki
CHEMBL20,CHEMBL3729,CHEMBL4156069,7.13,=,Ki
CHEMBL20,CHEMBL3594,CHEMBL4156070,7.6,=,Ki
CHEMBL20,CHEMBL3969,CHEMBL4187348,7.11,=,Kd
CHEMBL20,CHEMBL4789,CHEMBL4187347,6.48,=,Kd
CHEMBL20,CHEMBL3969,CHEMBL4187336,6.51,=,Kd
CHEMBL20,CHEMBL4789,CHEMBL4187335,6.0,=,Kd
CHEMBL20,CHEMBL261,CHEMBL4189833,6.6,=,Ki
CHEMBL20,CHEMBL205,CHEMBL4189834,7.92,=,Ki
CHEMBL20,CHEMBL3729,CHEMBL4189835,7.13,=,Ki
CHEMBL20,CHEMBL3594,CHEMBL4189836,7.59,=,Ki
CHEMBL20,CHEMBL3242,CHEMBL4189837,8.24,=,Ki
CHEMBL20,CHEMBL261,CHEMBL4193588,6.6,=,Ki
CHEMBL20,CHEMBL205,CHEMBL4193589,7.92,=,Ki
CHEMBL20,CHEMBL3729,CHEMBL4193590,7.13,=,Ki
CHEMBL20,CHEMBL3594,CHEMBL4193591,7.6,=,Ki
CHEMBL20,CHEMBL261,CHEMBL4194334,6.6,=,Ki
CHEMBL20,CHEMBL205,CHEMBL4194336,7.92,=,Ki
CHEMBL20,CHEMBL3594,CHEMBL4194337,7.6,=,Ki
CHEMBL20,CHEMBL3242,CHEMBL4194338,8.22,=,Ki
CHEMBL20,CHEMBL261,CHEMBL4194343,6.6,=,Ki
CHEMBL20,CHEMBL3729,CHEMBL4194345,7.13,=,Ki
CHEMBL20,CHEMBL205,CHEMBL4194344,7.92,=,Ki
CHEMBL20,CHEMBL3594,CHEMBL4194346,7.59,=,Ki
CHEMBL192,CHEMBL1827,CHEMBL4194553,8.66,=,IC50
CHEMBL192,CHEMBL1827,CHEMBL4194770,8.4,=,IC50
CHEMBL192,CHEMBL1827,CHEMBL4198189,8.44,=,IC50
CHEMBL192,CHEMBL1827,CHEMBL4198895,8.07,=,IC50
CHEMBL192,CHEMBL1827,CHEMBL4200907,8.29,=,IC50
CHEMBL20,CHEMBL261,CHEMBL4202321,6.6,=,Ki
CHEMBL20,CHEMBL205,CHEMBL4202322,7.92,=,Ki
CHEMBL20,CHEMBL3594,CHEMBL4202323,7.59,=,Ki
CHEMBL20,CHEMBL3242,CHEMBL4202324,8.24,=,Ki
CHEMBL20,CHEMBL261,CHEMBL4231385,6.6,=,Ki
CHEMBL20,CHEMBL205,CHEMBL4231386,7.92,=,Ki
CHEMBL20,CHEMBL3729,CHEMBL4231387,7.13,=,Ki
CHEMBL20,CHEMBL3594,CHEMBL4231388,7.59,=,Ki
CHEMBL2,CHEMBL229,CHEMBL4254559,9.82,=,Ki
CHEMBL20,CHEMBL261,CHEMBL4256841,6.6,=,Ki
CHEMBL20,CHEMBL205,CHEMBL4256842,7.92,=,Ki
CHEMBL20,CHEMBL3594,CHEMBL4256843,7.6,=,Ki
CHEMBL20,CHEMBL3242,CHEMBL4256844,8.24,=,Ki
CHEMBL20,CHEMBL3594,CHEMBL4265822,7.6,=,Ki
CHEMBL20,CHEMBL3242,CHEMBL4265823,8.52,=,Ki
CHEMBL192,CHEMBL1827,CHEMBL4268472,8.8,=,Ki
CHEMBL20,CHEMBL3912,CHEMBL4269594,7.77,=,Ki
CHEMBL20,CHEMBL3242,CHEMBL4269593,8.24,=,Ki
CHEMBL20,CHEMBL3594,CHEMBL4269592,7.59,=,Ki
CHEMBL20,CHEMBL2326,CHEMBL4269591,8.6,=,Ki
CHEMBL20,CHEMBL3025,CHEMBL4269590,7.96,=,Ki
CHEMBL20,CHEMBL3969,CHEMBL4269589,7.27,=,Ki
CHEMBL20,CHEMBL4789,CHEMBL4269588,7.2,=,Ki
CHEMBL20,CHEMBL3729,CHEMBL4269587,7.13,=,Ki
CHEMBL20,CHEMBL205,CHEMBL4269585,7.92,=,Ki
CHEMBL20,CHEMBL261,CHEMBL4269584,6.6,=,Ki
CHEMBL20,CHEMBL261,CHEMBL4269650,6.6,=,Ki
CHEMBL20,CHEMBL205,CHEMBL4269651,8.0,=,Ki
CHEMBL20,CHEMBL3594,CHEMBL4269652,7.7,=,Ki
CHEMBL20,CHEMBL3242,CHEMBL4269653,8.22,=,Ki
CHEMBL20,CHEMBL261,CHEMBL4273050,6.6,=,Ki
CHEMBL20,CHEMBL205,CHEMBL4273051,7.92,=,Ki
CHEMBL20,CHEMBL2326,CHEMBL4273052,8.6,=,Ki
CHEMBL20,CHEMBL3594,CHEMBL4273053,7.59,=,Ki
CHEMBL20,CHEMBL261,CHEMBL4273917,6.6,=,Ki
CHEMBL20,CHEMBL205,CHEMBL4273916,7.92,=,Ki
CHEMBL20,CHEMBL3594,CHEMBL4273918,7.6,=,Ki
CHEMBL20,CHEMBL3242,CHEMBL4273919,8.24,=,Ki
CHEMBL20,CHEMBL261,CHEMBL4275748,6.6,=,Ki
CHEMBL20,CHEMBL205,CHEMBL4275749,7.92,=,Ki
CHEMBL20,CHEMBL3729,CHEMBL4275750,7.13,=,Ki
CHEMBL20,CHEMBL4789,CHEMBL4275751,7.2,=,Ki
CHEMBL20,CHEMBL3969,CHEMBL4275752,7.27,=,Ki
CHEMBL20,CHEMBL3594,CHEMBL4275753,7.59,=,Ki
CHEMBL20,CHEMBL3729,CHEMBL4307483,7.12,=,Ki
CHEMBL20,CHEMBL3594,CHEMBL4307484,7.6,=,Ki
CHEMBL20,CHEMBL3242,CHEMBL4307485,8.6,=,Ki
CHEMBL191,CHEMBL227,CHEMBL4311869,8.3,=,Ki
CHEMBL20,CHEMBL3594,CHEMBL4313649,7.6,=,Ki
CHEMBL20,CHEMBL3729,CHEMBL4313648,7.13,=,Ki
CHEMBL20,CHEMBL205,CHEMBL4313647,7.9,=,Ki
CHEMBL20,CHEMBL261,CHEMBL4313646,6.6,=,Ki
CHEMBL20,CHEMBL3242,CHEMBL4313951,8.24,=,Ki
CHEMBL20,CHEMBL3594,CHEMBL4313954,7.59,=,Ki
CHEMBL20,CHEMBL205,CHEMBL4313953,7.92,=,Ki
CHEMBL20,CHEMBL261,CHEMBL4313952,6.6,=,Ki
CHEMBL20,CHEMBL261,CHEMBL4315255,6.6,=,Ki
CHEMBL20,CHEMBL205,CHEMBL4315256,7.92,=,Ki
CHEMBL20,CHEMBL3594,CHEMBL4315257,7.6,=,Ki
CHEMBL20,CHEMBL3242,CHEMBL4315258,8.24,=,Ki
CHEMBL20,CHEMBL3594,CHEMBL4316150,7.6,=,Ki
CHEMBL20,CHEMBL3242,CHEMBL4316151,8.24,=,Ki
CHEMBL20,CHEMBL205,CHEMBL4316485,8.01,=,Kd
CHEMBL20,CHEMBL3729,CHEMBL4316487,7.92,=,Kd
CHEMBL20,CHEMBL4789,CHEMBL4316488,6.57,=,Kd
CHEMBL20,CHEMBL3969,CHEMBL4316489,7.47,=,Kd
CHEMBL20,CHEMBL3025,CHEMBL4316490,8.01,=,Kd
CHEMBL20,CHEMBL2326,CHEMBL4316491,8.62,=,Kd
CHEMBL20,CHEMBL3594,CHEMBL4316492,8.54,=,Kd
CHEMBL20,CHEMBL3242,CHEMBL4316493,7.62,=,Kd
CHEMBL20,CHEMBL3912,CHEMBL4316494,7.46,=,Kd
CHEMBL20,CHEMBL3912,CHEMBL4316482,7.1,=,Kd
CHEMBL20,CHEMBL3242,CHEMBL4316481,6.89,=,Kd
CHEMBL20,CHEMBL3594,CHEMBL4316480,7.68,=,Kd
CHEMBL20,CHEMBL2326,CHEMBL4316479,7.89,=,Kd
CHEMBL20,CHEMBL3025,CHEMBL4316478,6.66,=,Kd
CHEMBL20,CHEMBL3969,CHEMBL4316477,6.85,=,Kd
CHEMBL20,CHEMBL4789,CHEMBL4316476,6.08,=,Kd
CHEMBL20,CHEMBL3729,CHEMBL4316475,7.06,=,Kd
CHEMBL20,CHEMBL205,CHEMBL4316473,7.34,=,Kd
CHEMBL191,CHEMBL227,CHEMBL4322120,6.46,=,IC50
CHEMBL20,CHEMBL261,CHEMBL4331760,6.6,=,Ki
CHEMBL20,CHEMBL205,CHEMBL4331761,7.92,=,Ki
CHEMBL20,CHEMBL2326,CHEMBL4331762,8.6,=,Ki
CHEMBL20,CHEMBL3594,CHEMBL4331763,7.59,=,Ki
CHEMBL20,CHEMBL3242,CHEMBL4331764,8.24,=,Ki
CHEMBL20,CHEMBL261,CHEMBL4334863,6.6,=,Ki
CHEMBL20,CHEMBL205,CHEMBL4334864,7.92,=,Ki
CHEMBL20,CHEMBL3594,CHEMBL4334865,7.6,=,Ki
CHEMBL20,CHEMBL3242,CHEMBL4334866,8.24,=,Ki
CHEMBL20,CHEMBL3594,CHEMBL4340242,7.6,=,Ki
CHEMBL20,CHEMBL3242,CHEMBL4340243,8.24,=,Ki
CHEMBL20,CHEMBL261,CHEMBL4353547,6.6,=,Ki
CHEMBL20,CHEMBL205,CHEMBL4353548,7.92,=,Ki
CHEMBL20,CHEMBL3729,CHEMBL4353550,7.13,=,Ki
CHEMBL20,CHEMBL4789,CHEMBL4353551,7.2,=,Ki
CHEMBL20,CHEMBL3969,CHEMBL4353552,7.27,=,Ki
CHEMBL20,CHEMBL3025,CHEMBL4353553,7.96,=,Ki
CHEMBL20,CHEMBL2326,CHEMBL4353554,8.6,=,Ki
CHEMBL20,CHEMBL3594,CHEMBL4353556,7.59,=,Ki
CHEMBL20,CHEMBL3242,CHEMBL4353555,8.24,=,Ki
CHEMBL20,CHEMBL3912,CHEMBL4353557,7.77,=,Ki
CHEMBL20,CHEMBL3594,CHEMBL4354522,7.6,=,Ki
CHEMBL20,CHEMBL3242,CHEMBL4354523,8.24,=,Ki
CHEMBL20,CHEMBL205,CHEMBL4358273,7.92,=,Ki
CHEMBL20,CHEMBL261,CHEMBL4358272,6.6,=,Ki
CHEMBL20,CHEMBL3594,CHEMBL4358274,7.6,=,Ki
CHEMBL20,CHEMBL3242,CHEMBL4358275,8.24,=,Ki
CHEMBL20,CHEMBL261,CHEMBL4361648,6.6,=,Ki
CHEMBL20,CHEMBL205,CHEMBL4361649,7.92,=,Ki
CHEMBL20,CHEMBL3729,CHEMBL4361650,7.13,=,Ki
CHEMBL20,CHEMBL3594,CHEMBL4361651,7.59,=,Ki
CHEMBL20,CHEMBL3242,CHEMBL4361652,8.24,=,Ki
CHEMBL20,CHEMBL261,CHEMBL4362204,6.6,=,Ki
CHEMBL20,CHEMBL205,CHEMBL4362205,7.92,=,Ki
CHEMBL20,CHEMBL4789,CHEMBL4362206,7.2,=,Ki
CHEMBL20,CHEMBL261,CHEMBL4362233,6.6,=,Ki
CHEMBL20,CHEMBL205,CHEMBL4362234,7.6,=,Ki
CHEMBL20,CHEMBL3594,CHEMBL4362235,8.24,=,Ki
CHEMBL20,CHEMBL3242,CHEMBL4362236,7.92,=,Ki
CHEMBL20,CHEMBL261,CHEMBL4362411,6.6,=,Ki
CHEMBL20,CHEMBL205,CHEMBL4362412,7.92,=,Ki
CHEMBL20,CHEMBL3729,CHEMBL4362413,7.13,=,Ki
CHEMBL20,CHEMBL2326,CHEMBL4362414,8.6,=,Ki
CHEMBL20,CHEMBL3594,CHEMBL4362415,7.59,=,Ki
CHEMBL20,CHEMBL261,CHEMBL4363547,6.6,=,Ki
CHEMBL20,CHEMBL205,CHEMBL4363548,7.9,=,Ki
CHEMBL20,CHEMBL3594,CHEMBL4363549,7.6,=,Ki
CHEMBL20,CHEMBL3242,CHEMBL4363550,8.24,=,Ki
CHEMBL20,CHEMBL261,CHEMBL4363583,6.6,=,Ki
CHEMBL20,CHEMBL205,CHEMBL4363584,7.92,=,Ki
CHEMBL20,CHEMBL3729,CHEMBL4363585,7.13,=,Ki
CHEMBL20,CHEMBL2326,CHEMBL4363586,8.6,=,Ki
CHEMBL20,CHEMBL261,CHEMBL4368290,6.6,=,Ki
CHEMBL20,CHEMBL205,CHEMBL4368291,7.92,=,Ki
CHEMBL20,CHEMBL2326,CHEMBL4368292,8.22,=,Ki
CHEMBL20,CHEMBL3594,CHEMBL4368293,7.59,=,Ki
CHEMBL20,CHEMBL261,CHEMBL4368323,6.6,=,Ki
CHEMBL20,CHEMBL205,CHEMBL4368324,7.92,=,Ki
CHEMBL20,CHEMBL3729,CHEMBL4368325,7.12,=,Ki
CHEMBL20,CHEMBL3242,CHEMBL4368326,8.24,=,Ki
CHEMBL20,CHEMBL261,CHEMBL4368338,6.6,=,Ki
CHEMBL20,CHEMBL205,CHEMBL4368337,7.92,=,Ki
CHEMBL20,CHEMBL3594,CHEMBL4368339,7.58,=,Ki
CHEMBL20,CHEMBL3242,CHEMBL4368340,8.22,=,Ki
CHEMBL20,CHEMBL3594,CHEMBL4369236,8.11,=,IC50
CHEMBL20,CHEMBL3594,CHEMBL4376608,7.58,=,Ki
CHEMBL20,CHEMBL2326,CHEMBL4376607,8.52,=,Ki
CHEMBL20,CHEMBL205,CHEMBL4376606,7.92,=,Ki
CHEMBL20,CHEMBL261,CHEMBL4376605,6.6,=,Ki
CHEMBL20,CHEMBL3594,CHEMBL4379871,7.6,=,Ki
CHEMBL20,CHEMBL3242,CHEMBL4379872,8.24,=,Ki
CHEMBL2,CHEMBL223,CHEMBL4380087,9.77,=,Ki
CHEMBL20,CHEMBL205,CHEMBL4383813,7.92,=,Ki
CHEMBL20,CHEMBL3594,CHEMBL4383814,7.6,=,Ki
CHEMBL20,CHEMBL3242,CHEMBL4383815,8.25,=,Ki
CHEMBL20,CHEMBL261,CHEMBL4391782,6.6,=,Ki
CHEMBL20,CHEMBL3242,CHEMBL4391785,8.24,=,Ki
CHEMBL20,CHEMBL3594,CHEMBL4391784,7.6,=,Ki
CHEMBL20,CHEMBL205,CHEMBL4391783,7.92,=,Ki
CHEMBL20,CHEMBL261,CHEMBL4395422,6.6,=,Ki
CHEMBL20,CHEMBL3594,CHEMBL4395424,7.6,=,Ki
CHEMBL20,CHEMBL3242,CHEMBL4395425,8.24,=,Ki
CHEMBL192,CHEMBL1827,CHEMBL4397429,8.37,=,IC50
CHEMBL192,CHEMBL1827,CHEMBL4398716,9.0,=,IC50
CHEMBL20,CHEMBL3242,CHEMBL4402143,8.24,=,Ki
CHEMBL20,CHEMBL3594,CHEMBL4402142,7.6,=,Ki
CHEMBL20,CHEMBL205,CHEMBL4402141,7.92,=,Ki
CHEMBL20,CHEMBL261,CHEMBL4402140,6.6,=,Ki
CHEMBL20,CHEMBL205,CHEMBL4404278,7.6,=,Ki
CHEMBL20,CHEMBL205,CHEMBL4406724,7.92,=,Ki
CHEMBL20,CHEMBL2326,CHEMBL4406728,8.6,=,Ki
CHEMBL20,CHEMBL261,CHEMBL4423247,6.6,=,Ki
CHEMBL20,CHEMBL205,CHEMBL4423248,7.92,=,Ki
CHEMBL20,CHEMBL3594,CHEMBL4423249,7.6,=,Ki
CHEMBL20,CHEMBL3242,CHEMBL4423250,8.24,=,Ki
CHEMBL192,CHEMBL1827,CHEMBL4425327,8.66,=,IC50
CHEMBL192,CHEMBL1827,CHEMBL4425326,8.66,=,IC50
CHEMBL192,CHEMBL1827,CHEMBL4425324,8.66,=,IC50
CHEMBL20,CHEMBL261,CHEMBL4425970,6.6,=,Ki
CHEMBL20,CHEMBL205,CHEMBL4425968,7.92,=,Ki
CHEMBL20,CHEMBL3594,CHEMBL4425969,7.6,=,Ki
CHEMBL20,CHEMBL3242,CHEMBL4425967,8.24,=,Ki
CHEMBL20,CHEMBL261,CHEMBL4427978,6.6,=,Ki
CHEMBL20,CHEMBL205,CHEMBL4427979,7.92,=,Ki
CHEMBL20,CHEMBL3594,CHEMBL4432065,7.6,=,Ki
CHEMBL20,CHEMBL205,CHEMBL4432064,7.92,=,Ki
CHEMBL20,CHEMBL261,CHEMBL4432063,6.6,=,Ki
CHEMBL20,CHEMBL3242,CHEMBL4432066,8.24,=,Ki
CHEMBL20,CHEMBL205,CHEMBL4604309,7.87,=,Ki
CHEMBL20,CHEMBL261,CHEMBL4606700,6.6,=,Ki
CHEMBL20,CHEMBL205,CHEMBL4606701,7.9,=,Ki
CHEMBL20,CHEMBL2326,CHEMBL4606702,8.6,=,Ki
CHEMBL20,CHEMBL3594,CHEMBL4606703,7.59,=,Ki
CHEMBL20,CHEMBL3242,CHEMBL4606704,8.24,=,Ki
CHEMBL20,CHEMBL261,CHEMBL4612647,6.6,=,Ki
CHEMBL20,CHEMBL3969,CHEMBL4612650,7.27,=,Ki
CHEMBL20,CHEMBL4789,CHEMBL4612649,7.2,=,Ki
CHEMBL20,CHEMBL205,CHEMBL4612648,7.92,=,Ki
CHEMBL20,CHEMBL2326,CHEMBL4612651,8.6,=,Ki
CHEMBL20,CHEMBL3594,CHEMBL4612652,7.59,=,Ki
CHEMBL20,CHEMBL3242,CHEMBL4612653,8.24,=,Ki
CHEMBL20,CHEMBL261,CHEMBL4615521,6.6,=,Ki
CHEMBL20,CHEMBL205,CHEMBL4615522,7.92,=,Ki
CHEMBL20,CHEMBL3594,CHEMBL4615523,7.6,=,Ki
CHEMBL20,CHEMBL261,CHEMBL4615760,6.6,=,Ki
CHEMBL20,CHEMBL205,CHEMBL4615761,7.92,=,Ki
CHEMBL20,CHEMBL3729,CHEMBL4615763,7.13,=,Ki
CHEMBL20,CHEMBL4789,CHEMBL4615762,7.2,=,Ki
CHEMBL20,CHEMBL3969,CHEMBL4615764,7.27,=,Ki
CHEMBL20,CHEMBL3025,CHEMBL4615765,7.96,=,Ki
CHEMBL20,CHEMBL2326,CHEMBL4615766,8.6,=,Ki
CHEMBL20,CHEMBL3594,CHEMBL4615767,7.59,=,Ki
CHEMBL20,CHEMBL3242,CHEMBL4615768,8.24,=,Ki
CHEMBL20,CHEMBL3912,CHEMBL4615769,7.77,=,Ki
CHEMBL20,CHEMBL261,CHEMBL4615998,6.6,=,Ki
CHEMBL20,CHEMBL205,CHEMBL4615999,7.92,=,Ki
CHEMBL20,CHEMBL3594,CHEMBL4616000,7.59,=,Ki
CHEMBL20,CHEMBL3242,CHEMBL4616001,8.24,=,Ki
CHEMBL20,CHEMBL261,CHEMBL4616307,6.6,=,Ki
CHEMBL20,CHEMBL205,CHEMBL4616308,8.0,=,Ki
CHEMBL20,CHEMBL3594,CHEMBL4616309,7.7,=,Ki
CHEMBL20,CHEMBL3242,CHEMBL4616310,8.22,=,Ki
CHEMBL20,CHEMBL261,CHEMBL4616538,6.6,=,Ki
CHEMBL20,CHEMBL205,CHEMBL4616539,7.92,=,Ki
CHEMBL20,CHEMBL3729,CHEMBL4616540,7.13,=,Ki
CHEMBL20,CHEMBL3242,CHEMBL4616541,8.24,=,Ki
CHEMBL20,CHEMBL205,CHEMBL4620214,7.82,=,IC50
CHEMBL20,CHEMBL3594,CHEMBL4620215,7.51,=,IC50
CHEMBL20,CHEMBL4789,CHEMBL4620216,7.16,=,IC50
CHEMBL20,CHEMBL261,CHEMBL4620685,6.6,=,Ki
CHEMBL20,CHEMBL205,CHEMBL4620684,7.92,=,Ki
CHEMBL20,CHEMBL3594,CHEMBL4620686,7.6,=,Ki
CHEMBL20,CHEMBL3242,CHEMBL4620687,8.24,=,Ki
CHEMBL20,CHEMBL261,CHEMBL4627860,6.6,=,Ki
CHEMBL20,CHEMBL205,CHEMBL4627861,7.92,=,Ki
CHEMBL20,CHEMBL3594,CHEMBL4627862,7.6,=,Ki
CHEMBL20,CHEMBL3242,CHEMBL4627863,8.24,=,Ki
CHEMBL20,CHEMBL261,CHEMBL4672549,6.6,=,Ki
CHEMBL20,CHEMBL205,CHEMBL4672550,7.92,=,Ki
CHEMBL20,CHEMBL3729,CHEMBL4672551,7.13,=,Ki
CHEMBL20,CHEMBL3594,CHEMBL4672552,7.59,=,Ki
CHEMBL20,CHEMBL261,CHEMBL4681875,6.6,=,Ki
CHEMBL20,CHEMBL205,CHEMBL4681876,7.92,=,Ki
CHEMBL20,CHEMBL2326,CHEMBL4681877,8.6,=,Ki
CHEMBL20,CHEMBL3594,CHEMBL4681878,7.6,=,Ki
CHEMBL20,CHEMBL261,CHEMBL4683240,6.6,=,Ki
CHEMBL20,CHEMBL205,CHEMBL4683241,7.9,=,Ki
CHEMBL20,CHEMBL3594,CHEMBL4683242,7.6,=,Ki
CHEMBL20,CHEMBL3242,CHEMBL4683243,8.24,=,Ki
CHEMBL20,CHEMBL3594,CHEMBL4684411,7.6,=,Ki
CHEMBL20,CHEMBL3242,CHEMBL4684412,8.24,=,Ki
CHEMBL20,CHEMBL3594,CHEMBL4686513,7.59,=,Ki
CHEMBL20,CHEMBL3242,CHEMBL4686514,8.24,=,Ki
CHEMBL20,CHEMBL261,CHEMBL4687104,6.44,=,IC50
CHEMBL20,CHEMBL205,CHEMBL4687105,6.76,=,IC50
CHEMBL20,CHEMBL261,CHEMBL4687106,6.54,=,Ki
CHEMBL20,CHEMBL205,CHEMBL4687107,6.87,=,Ki
CHEMBL20,CHEMBL261,CHEMBL4687254,6.6,=,Ki
CHEMBL20,CHEMBL205,CHEMBL4687255,7.92,=,Ki
CHEMBL20,CHEMBL3594,CHEMBL4687256,7.6,=,Ki
CHEMBL20,CHEMBL3242,CHEMBL4687257,8.22,=,Ki
CHEMBL20,CHEMBL3242,CHEMBL4687381,8.24,=,Ki
CHEMBL20,CHEMBL3594,CHEMBL4687382,7.6,=,Ki
CHEMBL20,CHEMBL205,CHEMBL4687383,7.9,=,Ki
CHEMBL20,CHEMBL261,CHEMBL4687384,6.6,=,Ki
CHEMBL20,CHEMBL261,CHEMBL4708445,6.6,=,Ki
CHEMBL20,CHEMBL205,CHEMBL4708446,7.92,=,Ki
CHEMBL20,CHEMBL3594,CHEMBL4708447,7.59,=,Ki
CHEMBL20,CHEMBL3242,CHEMBL4708448,8.25,=,Ki
CHEMBL20,CHEMBL261,CHEMBL4709802,6.6,=,Ki
CHEMBL20,CHEMBL205,CHEMBL4709803,7.92,=,Ki
CHEMBL20,CHEMBL3594,CHEMBL4709804,7.6,=,Ki
CHEMBL20,CHEMBL3242,CHEMBL4709805,8.24,=,Ki
CHEMBL20,CHEMBL3594,CHEMBL4711745,7.6,=,Ki
CHEMBL20,CHEMBL3242,CHEMBL4711746,8.24,=,Ki
CHEMBL20,CHEMBL261,CHEMBL4712466,6.6,=,Ki
CHEMBL20,CHEMBL205,CHEMBL4712467,7.89,=,Ki
CHEMBL20,CHEMBL3729,CHEMBL4712468,7.13,=,Ki
CHEMBL20,CHEMBL2326,CHEMBL4712469,8.6,=,Ki
CHEMBL20,CHEMBL3594,CHEMBL4712470,7.59,=,Ki
CHEMBL20,CHEMBL3242,CHEMBL4712471,8.24,=,Ki
CHEMBL20,CHEMBL261,CHEMBL4714270,6.6,=,Ki
CHEMBL20,CHEMBL205,CHEMBL4714271,7.92,=,Ki
CHEMBL20,CHEMBL3594,CHEMBL4714272,7.59,=,Ki
CHEMBL20,CHEMBL3912,CHEMBL4714273,7.77,=,Ki
CHEMBL192,CHEMBL1827,CHEMBL4726492,6.0,=,EC50
CHEMBL20,CHEMBL261,CHEMBL4726568,6.6,=,Ki
CHEMBL20,CHEMBL3594,CHEMBL4726570,7.59,=,Ki
CHEMBL20,CHEMBL3242,CHEMBL4726571,8.24,=,Ki
CHEMBL192,CHEMBL1827,CHEMBL4729229,8.3,=,IC50
CHEMBL20,CHEMBL261,CHEMBL4733465,6.6,=,Ki
CHEMBL20,CHEMBL205,CHEMBL4733466,7.92,=,Ki
CHEMBL20,CHEMBL3729,CHEMBL4733467,7.13,=,Ki
CHEMBL20,CHEMBL2326,CHEMBL4733468,8.22,=,Ki
CHEMBL20,CHEMBL3594,CHEMBL4733469,7.6,=,Ki
CHEMBL20,CHEMBL261,CHEMBL4736947,8.36,=,Ki
CHEMBL20,CHEMBL205,CHEMBL4736948,9.03,=,Ki
CHEMBL20,CHEMBL3729,CHEMBL4736950,8.07,=,Ki
CHEMBL20,CHEMBL4789,CHEMBL4736951,6.96,=,Ki
CHEMBL20,CHEMBL3969,CHEMBL4736952,7.61,=,Ki
CHEMBL20,CHEMBL3025,CHEMBL4736953,7.01,=,Ki
CHEMBL20,CHEMBL2326,CHEMBL4736954,7.16,=,Ki
CHEMBL20,CHEMBL3594,CHEMBL4736955,8.39,=,Ki
CHEMBL20,CHEMBL3242,CHEMBL4736956,8.32,=,Ki
CHEMBL20,CHEMBL3912,CHEMBL4736957,7.68,=,Ki
CHEMBL20,CHEMBL205,CHEMBL4736959,6.62,=,IC50
CHEMBL20,CHEMBL261,CHEMBL4737895,6.6,=,Ki
CHEMBL20,CHEMBL205,CHEMBL4737896,7.92,=,Ki
CHEMBL20,CHEMBL3594,CHEMBL4739059,7.6,=,Ki
CHEMBL20,CHEMBL3242,CHEMBL4739060,8.24,=,Ki
CHEMBL20,CHEMBL3242,CHEMBL4767963,8.24,=,Ki
CHEMBL20,CHEMBL3594,CHEMBL4767964,7.6,=,Ki
CHEMBL20,CHEMBL205,CHEMBL4767965,7.9,=,Ki
CHEMBL20,CHEMBL261,CHEMBL4767967,6.6,=,Ki
CHEMBL20,CHEMBL261,CHEMBL4770896,6.6,=,Ki
CHEMBL20,CHEMBL205,CHEMBL4770897,7.92,=,Ki
CHEMBL20,CHEMBL3594,CHEMBL4770898,7.59,=,Ki
CHEMBL20,CHEMBL3242,CHEMBL4770899,8.24,=,Ki
CHEMBL192,CHEMBL1827,CHEMBL4808840,8.31,=,IC50
CHEMBL192,CHEMBL1827,CHEMBL4808841,8.52,=,IC50
CHEMBL192,CHEMBL1827,CHEMBL4808842,8.52,=,IC50
CHEMBL20,CHEMBL261,CHEMBL4809952,6.6,=,Ki
CHEMBL20,CHEMBL205,CHEMBL4809953,7.92,=,Ki
CHEMBL20,CHEMBL3594,CHEMBL4809954,7.6,=,Ki
CHEMBL20,CHEMBL3242,CHEMBL4809955,8.24,=,Ki
CHEMBL20,CHEMBL4789,CHEMBL4810746,7.2,=,Ki
CHEMBL20,CHEMBL261,CHEMBL4810747,6.6,=,Ki
CHEMBL20,CHEMBL205,CHEMBL4810748,7.92,=,Ki
CHEMBL20,CHEMBL3594,CHEMBL4810749,7.59,=,Ki
CHEMBL20,CHEMBL3242,CHEMBL4810750,8.24,=,Ki
CHEMBL20,CHEMBL261,CHEMBL4812037,6.6,=,Ki
CHEMBL20,CHEMBL205,CHEMBL4812038,7.92,=,Ki
CHEMBL20,CHEMBL3594,CHEMBL4812039,7.6,=,Ki
CHEMBL20,CHEMBL3242,CHEMBL4812040,8.24,=,Ki
CHEMBL20,CHEMBL261,CHEMBL4812055,6.6,=,Ki
CHEMBL20,CHEMBL205,CHEMBL4812056,7.9,=,Ki
CHEMBL20,CHEMBL3594,CHEMBL4812057,7.6,=,Ki
CHEMBL20,CHEMBL3242,CHEMBL4812058,8.24,=,Ki
CHEMBL20,CHEMBL261,CHEMBL4813207,6.6,=,Ki
CHEMBL20,CHEMBL205,CHEMBL4813208,7.92,=,Ki
CHEMBL20,CHEMBL3729,CHEMBL4813209,7.13,=,Ki
CHEMBL20,CHEMBL2326,CHEMBL4813210,8.6,=,Ki
CHEMBL20,CHEMBL3594,CHEMBL4813211,7.59,=,Ki
CHEMBL20,CHEMBL261,CHEMBL4813793,6.6,=,Ki
CHEMBL20,CHEMBL205,CHEMBL4813794,7.9,=,Ki
CHEMBL20,CHEMBL2326,CHEMBL4813795,8.6,=,Ki
CHEMBL20,CHEMBL3594,CHEMBL4813796,7.59,=,Ki
CHEMBL20,CHEMBL3242,CHEMBL4813797,8.24,=,Ki
CHEMBL20,CHEMBL205,CHEMBL4814668,7.8,=,IC50
CHEMBL20,CHEMBL3594,CHEMBL4814669,7.55,=,IC50
CHEMBL20,CHEMBL261,CHEMBL4814672,6.6,=,Ki
CHEMBL20,CHEMBL205,CHEMBL4815792,7.35,=,IC50
CHEMBL20,CHEMBL3594,CHEMBL4815793,7.06,=,IC50
CHEMBL20,CHEMBL261,CHEMBL4816033,6.6,=,Ki
CHEMBL20,CHEMBL205,CHEMBL4816034,7.92,=,Ki
CHEMBL20,CHEMBL3594,CHEMBL4816035,7.6,=,Ki
CHEMBL20,CHEMBL3242,CHEMBL4816036,8.24,=,Ki
CHEMBL20,CHEMBL261,CHEMBL4817244,6.6,=,Ki
CHEMBL20,CHEMBL205,CHEMBL4817245,7.92,=,Ki
CHEMBL20,CHEMBL3594,CHEMBL4817246,7.59,=,Ki
CHEMBL20,CHEMBL261,CHEMBL4822376,6.71,=,IC50
CHEMBL20,CHEMBL261,CHEMBL4822376,6.74,=,Ki
CHEMBL20,CHEMBL205,CHEMBL4822377,6.99,=,Ki
CHEMBL20,CHEMBL205,CHEMBL4822377,6.94,=,IC50
CHEMBL20,CHEMBL3594,CHEMBL4822379,7.6,=,Ki
CHEMBL20,CHEMBL261,CHEMBL4825836,6.6,=,Ki
CHEMBL20,CHEMBL205,CHEMBL4825837,6.9,=,Ki
CHEMBL20,CHEMBL2326,CHEMBL4825838,8.6,=,Ki
CHEMBL20,CHEMBL3242,CHEMBL4825839,8.24,=,Ki
CHEMBL20,CHEMBL261,CHEMBL4827270,6.6,=,Ki
CHEMBL20,CHEMBL205,CHEMBL4827271,7.9,=,Ki
CHEMBL20,CHEMBL3594,CHEMBL4827272,7.6,=,Ki
CHEMBL20,CHEMBL3242,CHEMBL4827273,8.24,=,Ki
CHEMBL20,CHEMBL261,CHEMBL4828869,6.6,=,Ki
CHEMBL20,CHEMBL205,CHEMBL4828870,7.92,=,Ki
CHEMBL20,CHEMBL3729,CHEMBL4828871,7.13,=,Ki
CHEMBL20,CHEMBL3594,CHEMBL4828872,7.58,=,Ki
CHEMBL20,CHEMBL261,CHEMBL4831088,6.6,=,Ki
CHEMBL20,CHEMBL205,CHEMBL4831089,7.89,=,Ki
CHEMBL20,CHEMBL3729,CHEMBL4831090,7.13,=,Ki
CHEMBL20,CHEMBL2326,CHEMBL4831091,8.6,=,Ki
CHEMBL20,CHEMBL3594,CHEMBL4831092,7.59,=,Ki
CHEMBL20,CHEMBL261,CHEMBL4842708,6.6,=,Ki
CHEMBL20,CHEMBL205,CHEMBL4842709,7.92,=,Ki
CHEMBL20,CHEMBL3729,CHEMBL4842710,7.13,=,Ki
CHEMBL20,CHEMBL3594,CHEMBL4842711,7.59,=,Ki
CHEMBL20,CHEMBL261,CHEMBL4844696,6.6,=,Ki
CHEMBL20,CHEMBL205,CHEMBL4844697,7.9,=,Ki
CHEMBL20,CHEMBL3594,CHEMBL4844698,7.58,=,Ki
CHEMBL20,CHEMBL3242,CHEMBL4844699,8.24,=,Ki
CHEMBL20,CHEMBL205,CHEMBL5031275,7.92,=,Ki
CHEMBL20,CHEMBL261,CHEMBL5031276,6.6,=,Ki
CHEMBL20,CHEMBL4789,CHEMBL5031280,7.2,=,Ki
CHEMBL20,CHEMBL3969,CHEMBL5031281,7.27,=,Ki
CHEMBL20,CHEMBL2326,CHEMBL5031282,8.6,=,Ki
CHEMBL20,CHEMBL3594,CHEMBL5031283,7.59,=,Ki
CHEMBL20,CHEMBL3242,CHEMBL5031284,8.24,=,Ki
CHEMBL20,CHEMBL261,CHEMBL5031402,6.52,=,IC50
CHEMBL20,CHEMBL205,CHEMBL5031403,7.92,=,IC50
CHEMBL20,CHEMBL3594,CHEMBL5031404,7.52,=,IC50
CHEMBL20,CHEMBL261,CHEMBL5032270,6.52,=,IC50
CHEMBL20,CHEMBL205,CHEMBL5032271,7.92,=,IC50
CHEMBL20,CHEMBL3594,CHEMBL5032272,7.52,=,IC50
CHEMBL20,CHEMBL261,CHEMBL5040918,6.6,=,Ki
CHEMBL20,CHEMBL205,CHEMBL5040919,7.92,=,Ki
CHEMBL20,CHEMBL3594,CHEMBL5040920,7.6,=,Ki
CHEMBL20,CHEMBL3242,CHEMBL5040921,8.24,=,Ki
CHEMBL20,CHEMBL261,CHEMBL5041017,6.6,=,Ki
CHEMBL20,CHEMBL205,CHEMBL5041018,7.9,=,Ki
CHEMBL20,CHEMBL3594,CHEMBL5041019,7.58,=,Ki
CHEMBL20,CHEMBL3242,CHEMBL5041020,8.25,=,Ki
CHEMBL20,CHEMBL261,CHEMBL5041168,6.6,=,Ki
CHEMBL20,CHEMBL205,CHEMBL5041169,7.92,=,Ki
CHEMBL20,CHEMBL3729,CHEMBL5041170,7.13,=,Ki
CHEMBL20,CHEMBL3594,CHEMBL5041171,7.59,=,Ki
CHEMBL20,CHEMBL261,CHEMBL5044098,6.6,=,Ki
CHEMBL20,CHEMBL205,CHEMBL5044099,7.92,=,Ki
CHEMBL20,CHEMBL3594,CHEMBL5044100,7.59,=,Ki
CHEMBL20,CHEMBL3242,CHEMBL5044101,8.24,=,Ki
CHEMBL20,CHEMBL205,CHEMBL5047315,7.92,=,Ki
CHEMBL20,CHEMBL261,CHEMBL5047317,6.6,=,Ki
CHEMBL20,CHEMBL3594,CHEMBL5047318,7.59,=,Ki
CHEMBL20,CHEMBL3242,CHEMBL5047319,8.24,=,Ki
CHEMBL185,CHEMBL1978,CHEMBL5097761,6.2,=,IC50
CHEMBL20,CHEMBL261,CHEMBL5104255,6.78,=,Ki
CHEMBL20,CHEMBL205,CHEMBL5104256,6.88,=,Ki
CHEMBL20,CHEMBL261,CHEMBL5104261,6.55,=,Ki
CHEMBL20,CHEMBL205,CHEMBL5104262,6.99,=,Ki
CHEMBL20,CHEMBL205,CHEMBL5104265,8.05,=,Ki
CHEMBL20,CHEMBL3729,CHEMBL5104266,7.13,=,Ki
CHEMBL20,CHEMBL261,CHEMBL5104267,7.59,=,Ki
CHEMBL20,CHEMBL3594,CHEMBL5104268,7.59,=,Ki
CHEMBL20,CHEMBL3242,CHEMBL5104273,8.3,=,Ki
CHEMBL20,CHEMBL205,CHEMBL5104280,6.94,=,IC50
CHEMBL20,CHEMBL205,CHEMBL5104281,6.99,=,Ki
CHEMBL20,CHEMBL261,CHEMBL5104284,6.6,=,Ki
CHEMBL20,CHEMBL205,CHEMBL5104285,7.92,=,Ki
CHEMBL20,CHEMBL3594,CHEMBL5104286,7.6,=,Ki
CHEMBL20,CHEMBL3242,CHEMBL5104287,8.24,=,Ki
CHEMBL20,CHEMBL261,CHEMBL5104288,9.13,=,Ki
CHEMBL20,CHEMBL205,CHEMBL5104289,9.46,=,Ki
CHEMBL20,CHEMBL261,CHEMBL5104290,7.29,=,Ki
CHEMBL20,CHEMBL205,CHEMBL5104291,7.49,=,Ki
CHEMBL20,CHEMBL261,CHEMBL5104294,6.36,=,Ki
CHEMBL20,CHEMBL205,CHEMBL5104296,7.32,=,Ki
CHEMBL20,CHEMBL261,CHEMBL5104297,6.6,=,IC50
CHEMBL20,CHEMBL205,CHEMBL5104298,7.9,=,IC50
CHEMBL20,CHEMBL3594,CHEMBL5104299,7.6,=,IC50
CHEMBL20,CHEMBL3242,CHEMBL5104300,8.24,=,IC50
CHEMBL20,CHEMBL4789,CHEMBL5104307,7.2,=,Ki
CHEMBL20,CHEMBL261,CHEMBL5104308,7.5,=,IC50
CHEMBL20,CHEMBL205,CHEMBL5104309,7.65,=,IC50
CHEMBL20,CHEMBL3594,CHEMBL5104310,7.6,=,Ki
CHEMBL20,CHEMBL261,CHEMBL5104314,6.6,=,Ki
CHEMBL20,CHEMBL261,CHEMBL5104321,6.52,=,IC50
CHEMBL20,CHEMBL205,CHEMBL5104322,7.92,=,IC50
CHEMBL20,CHEMBL3594,CHEMBL5104323,7.52,=,IC50
CHEMBL20,CHEMBL261,CHEMBL5106762,6.6,=,Ki
CHEMBL20,CHEMBL205,CHEMBL5106763,7.9,=,Ki
CHEMBL20,CHEMBL3729,CHEMBL5106764,7.13,=,Ki
CHEMBL20,CHEMBL3594,CHEMBL5106765,7.6,=,Ki
CHEMBL20,CHEMBL3242,CHEMBL5106766,8.24,=,Ki
CHEMBL20,CHEMBL261,CHEMBL5112290,6.6,=,Ki
CHEMBL20,CHEMBL205,CHEMBL5112291,7.92,=,Ki
CHEMBL20,CHEMBL3729,CHEMBL5112292,7.13,=,Ki
CHEMBL20,CHEMBL4789,CHEMBL5112293,7.2,=,Ki
CHEMBL20,CHEMBL3969,CHEMBL5112294,7.27,=,Ki
CHEMBL20,CHEMBL3594,CHEMBL5112295,7.59,=,Ki
CHEMBL20,CHEMBL261,CHEMBL5115053,6.6,=,Ki
CHEMBL20,CHEMBL205,CHEMBL5115054,7.92,=,Ki
CHEMBL20,CHEMBL3594,CHEMBL5115055,7.6,=,Ki
CHEMBL20,CHEMBL3242,CHEMBL5115056,8.24,=,Ki
CHEMBL20,CHEMBL261,CHEMBL5128232,6.36,=,Ki
CHEMBL20,CHEMBL205,CHEMBL5128233,7.03,=,Ki
CHEMBL20,CHEMBL261,CHEMBL5129057,6.6,=,Ki
CHEMBL20,CHEMBL205,CHEMBL5129058,7.92,=,Ki
CHEMBL20,CHEMBL3594,CHEMBL5129059,7.58,=,Ki
CHEMBL20,CHEMBL3242,CHEMBL5129060,8.22,=,Ki
CHEMBL20,CHEMBL261,CHEMBL5133447,6.05,=,IC50
CHEMBL20,CHEMBL261,CHEMBL5133993,6.6,=,Ki
CHEMBL20,CHEMBL205,CHEMBL5133994,7.92,=,Ki
CHEMBL20,CHEMBL3594,CHEMBL5133995,7.59,=,Ki
CHEMBL20,CHEMBL3242,CHEMBL5133996,8.24,=,Ki
CHEMBL20,CHEMBL261,CHEMBL5135574,6.6,=,Ki
CHEMBL20,CHEMBL205,CHEMBL5135575,7.92,=,Ki
CHEMBL20,CHEMBL3594,CHEMBL5135576,7.59,=,Ki
CHEMBL20,CHEMBL3242,CHEMBL5135577,8.24,=,Ki
CHEMBL20,CHEMBL261,CHEMBL5144450,6.6,=,Ki
CHEMBL20,CHEMBL205,CHEMBL5144451,7.92,=,Ki
CHEMBL20,CHEMBL2326,CHEMBL5144452,8.6,=,Ki
CHEMBL20,CHEMBL3594,CHEMBL5144453,7.59,=,Ki
CHEMBL20,CHEMBL3242,CHEMBL5144454,8.24,=,Ki
CHEMBL192,CHEMBL1827,CHEMBL5153400,8.28,=,IC50
CHEMBL192,CHEMBL1827,CHEMBL5153773,8.85,=,IC50
CHEMBL20,CHEMBL261,CHEMBL5159228,6.6,=,Ki
CHEMBL20,CHEMBL205,CHEMBL5159229,7.92,=,Ki
CHEMBL20,CHEMBL3594,CHEMBL5159230,7.6,=,Ki
CHEMBL20,CHEMBL3242,CHEMBL5159231,8.24,=,Ki
CHEMBL20,CHEMBL261,CHEMBL5217661,6.6,=,Ki
CHEMBL20,CHEMBL205,CHEMBL5217662,7.92,=,Ki
CHEMBL20,CHEMBL3594,CHEMBL5217663,7.6,=,Ki
CHEMBL20,CHEMBL3242,CHEMBL5217664,8.24,=,Ki
CHEMBL20,CHEMBL205,CHEMBL5225827,7.9,=,Ki
CHEMBL192,CHEMBL1827,CHEMBL5233430,8.33,=,IC50
CHEMBL1790041,CHEMBL1941,CHEMBL5236691,7.05,=,Ki
CHEMBL20,CHEMBL261,CHEMBL5239380,6.34,=,Ki
CHEMBL20,CHEMBL205,CHEMBL5239381,6.49,=,Ki
CHEMBL20,CHEMBL3729,CHEMBL5239382,6.45,=,Ki
CHEMBL20,CHEMBL3594,CHEMBL5239383,6.36,=,Ki
CHEMBL20,CHEMBL3242,CHEMBL5239384,6.47,=,Ki
CHEMBL20,CHEMBL3594,CHEMBL5242703,7.52,=,IC50
CHEMBL20,CHEMBL261,CHEMBL5246551,6.6,=,Ki
CHEMBL20,CHEMBL205,CHEMBL5246552,7.92,=,Ki
CHEMBL20,CHEMBL2326,CHEMBL5246553,8.6,=,Ki
CHEMBL20,CHEMBL3594,CHEMBL5246554,7.59,=,Ki
CHEMBL192,CHEMBL1827,CHEMBL5246775,8.44,=,IC50
CHEMBL191,CHEMBL227,CHEMBL5252200,7.83,=,IC50
CHEMBL191,CHEMBL227,CHEMBL5252201,7.98,=,Ki
CHEMBL20,CHEMBL261,CHEMBL5252332,6.6,=,Ki
CHEMBL20,CHEMBL205,CHEMBL5252333,7.92,=,Ki
CHEMBL20,CHEMBL3594,CHEMBL5252334,7.59,=,Ki
CHEMBL20,CHEMBL3242,CHEMBL5252335,8.24,=,Ki
CHEMBL20,CHEMBL205,CHEMBL5265194,7.92,=,Ki
CHEMBL20,CHEMBL3729,CHEMBL5265195,7.13,=,Ki
CHEMBL20,CHEMBL3594,CHEMBL5265196,7.6,=,Ki
CHEMBL20,CHEMBL261,CHEMBL5265197,6.6,=,Ki
CHEMBL20,CHEMBL261,CHEMBL5265197,6.6,=,Ki
CHEMBL20,CHEMBL261,CHEMBL5265197,6.71,=,IC50
CHEMBL20,CHEMBL261,CHEMBL5265197,6.74,=,Ki
CHEMBL20,CHEMBL261,CHEMBL5265197,6.55,=,Ki
CHEMBL20,CHEMBL261,CHEMBL5265197,6.55,=,Ki
CHEMBL20,CHEMBL205,CHEMBL5265198,7.9,=,Ki
CHEMBL20,CHEMBL205,CHEMBL5265198,7.92,=,Ki
CHEMBL20,CHEMBL205,CHEMBL5265198,6.94,=,IC50
CHEMBL20,CHEMBL205,CHEMBL5265198,6.99,=,Ki
CHEMBL20,CHEMBL205,CHEMBL5265198,6.53,=,Ki
CHEMBL20,CHEMBL205,CHEMBL5265198,6.53,=,Ki
CHEMBL20,CHEMBL3594,CHEMBL5265199,7.6,=,Ki
CHEMBL20,CHEMBL3242,CHEMBL5265200,8.24,=,Ki
CHEMBL20,CHEMBL261,CHEMBL5265212,6.78,=,Ki
CHEMBL20,CHEMBL205,CHEMBL5265213,6.88,=,Ki
CHEMBL20,CHEMBL205,CHEMBL5265560,7.92,=,Ki
CHEMBL20,CHEMBL3594,CHEMBL5265561,7.59,=,Ki
CHEMBL20,CHEMBL261,CHEMBL5265563,6.6,=,Ki
CHEMBL20,CHEMBL3242,CHEMBL5265564,8.24,=,Ki
CHEMBL20,CHEMBL261,CHEMBL5318476,6.6,=,Ki
CHEMBL20,CHEMBL205,CHEMBL5318477,7.92,=,Ki
CHEMBL20,CHEMBL3729,CHEMBL5318478,7.13,=,Ki
CHEMBL20,CHEMBL2326,CHEMBL5318479,8.6,=,Ki
CHEMBL20,CHEMBL3594,CHEMBL5318480,7.59,=,Ki
CHEMBL20,CHEMBL3242,CHEMBL5318481,8.24,=,Ki
CHEMBL20,CHEMBL261,CHEMBL5335405,6.6,=,Ki
CHEMBL20,CHEMBL205,CHEMBL5335406,7.92,=,Ki
CHEMBL20,CHEMBL3729,CHEMBL5335407,7.13,=,Ki
CHEMBL20,CHEMBL4789,CHEMBL5335408,7.2,=,Ki
CHEMBL20,CHEMBL3969,CHEMBL5335409,7.27,=,Ki
CHEMBL20,CHEMBL2326,CHEMBL5335410,8.6,=,Ki
CHEMBL20,CHEMBL3242,CHEMBL5335411,8.24,=,Ki
CHEMBL20,CHEMBL261,CHEMBL5337169,6.6,=,Ki
CHEMBL20,CHEMBL205,CHEMBL5337170,7.92,=,Ki
CHEMBL20,CHEMBL3594,CHEMBL5337171,7.59,=,Ki
CHEMBL20,CHEMBL3242,CHEMBL5337172,8.24,=,Ki
CHEMBL20,CHEMBL261,CHEMBL5338489,6.6,=,Ki
CHEMBL20,CHEMBL205,CHEMBL5338490,7.92,=,Ki
CHEMBL20,CHEMBL3594,CHEMBL5338491,7.59,=,Ki
CHEMBL20,CHEMBL3242,CHEMBL5338492,8.24,=,Ki
CHEMBL20,CHEMBL3242,CHEMBL5340419,8.24,=,Ki
CHEMBL20,CHEMBL261,CHEMBL5340420,6.6,=,Ki
CHEMBL20,CHEMBL205,CHEMBL5340421,7.92,=,Ki
CHEMBL20,CHEMBL3594,CHEMBL5340422,7.59,=,Ki
CHEMBL20,CHEMBL261,CHEMBL5344070,6.6,=,Ki
CHEMBL20,CHEMBL205,CHEMBL5344071,7.92,=,Ki
CHEMBL20,CHEMBL3729,CHEMBL5344072,7.13,=,Ki
CHEMBL20,CHEMBL2326,CHEMBL5344073,8.6,=,Ki
CHEMBL20,CHEMBL3594,CHEMBL5344074,7.6,=,Ki
CHEMBL20,CHEMBL261,CHEMBL5352229,6.6,=,Ki
CHEMBL20,CHEMBL205,CHEMBL5352230,7.92,=,Ki
CHEMBL20,CHEMBL3729,CHEMBL5352231,7.6,=,Ki
CHEMBL20,CHEMBL2326,CHEMBL5352232,8.24,=,Ki
CHEMBL20,CHEMBL261,CHEMBL5354799,6.6,=,Ki
CHEMBL20,CHEMBL205,CHEMBL5354800,7.92,=,Ki
CHEMBL20,CHEMBL3729,CHEMBL5354801,7.13,=,Ki
CHEMBL20,CHEMBL3594,CHEMBL5354802,7.59,=,Ki
CHEMBL20,CHEMBL261,CHEMBL5355724,6.6,=,Ki
CHEMBL20,CHEMBL205,CHEMBL5355725,7.92,=,Ki
CHEMBL20,CHEMBL3594,CHEMBL5355726,7.59,=,Ki
CHEMBL20,CHEMBL3242,CHEMBL5355727,8.24,=,Ki
CHEMBL20,CHEMBL261,CHEMBL5365301,6.6,=,Ki
CHEMBL20,CHEMBL205,CHEMBL5365302,7.9,=,Ki
CHEMBL20,CHEMBL3594,CHEMBL5365303,7.6,=,Ki
CHEMBL20,CHEMBL3242,CHEMBL5365304,8.24,=,Ki
CHEMBL20,CHEMBL205,CHEMBL5366133,7.33,=,IC50
CHEMBL20,CHEMBL261,CHEMBL5368403,6.6,=,Ki
CHEMBL20,CHEMBL205,CHEMBL5368404,7.92,=,Ki
CHEMBL20,CHEMBL3594,CHEMBL5368405,7.6,=,Ki
CHEMBL20,CHEMBL3242,CHEMBL5368406,8.24,=,Ki
CHEMBL20,CHEMBL261,CHEMBL5368835,6.6,=,Ki
CHEMBL20,CHEMBL205,CHEMBL5368836,7.92,=,Ki
CHEMBL20,CHEMBL3594,CHEMBL5368837,7.6,=,Ki
CHEMBL20,CHEMBL3242,CHEMBL5368838,8.24,=,Ki
CHEMBL20,CHEMBL261,CHEMBL5387961,6.6,=,Ki
CHEMBL20,CHEMBL205,CHEMBL5387962,7.9,=,Ki
CHEMBL20,CHEMBL3594,CHEMBL5387963,7.6,=,Ki
CHEMBL20,CHEMBL3242,CHEMBL5387964,8.24,=,Ki
CHEMBL20,CHEMBL261,CHEMBL5392159,6.6,=,Ki
CHEMBL20,CHEMBL205,CHEMBL5392160,7.92,=,Ki
CHEMBL20,CHEMBL3594,CHEMBL5392161,7.6,=,Ki
CHEMBL20,CHEMBL3242,CHEMBL5392162,8.24,=,Ki
CHEMBL20,CHEMBL261,CHEMBL5501932,6.6,=,Ki
CHEMBL20,CHEMBL205,CHEMBL5501933,7.92,=,Ki
CHEMBL20,CHEMBL3594,CHEMBL5501934,7.6,=,Ki
CHEMBL20,CHEMBL3242,CHEMBL5501935,8.24,=,Ki
CHEMBL20,CHEMBL261,CHEMBL5509598,6.6,=,Ki
CHEMBL20,CHEMBL205,CHEMBL5509599,7.92,=,Ki
CHEMBL20,CHEMBL3594,CHEMBL5509600,7.6,=,Ki
CHEMBL20,CHEMBL3242,CHEMBL5509601,8.3,=,Ki
CHEMBL20,CHEMBL261,CHEMBL5516627,6.6,=,Ki
CHEMBL20,CHEMBL205,CHEMBL5516628,7.9,=,Ki
CHEMBL20,CHEMBL261,CHEMBL5529340,6.6,=,Ki
CHEMBL20,CHEMBL205,CHEMBL5529341,7.92,=,Ki
CHEMBL20,CHEMBL3729,CHEMBL5529342,7.13,=,Ki
CHEMBL20,CHEMBL3594,CHEMBL5529343,7.59,=,Ki
CHEMBL20,CHEMBL3242,CHEMBL5529344,8.24,=,Ki
CHEMBL20,CHEMBL261,CHEMBL5531591,6.6,=,Ki
CHEMBL20,CHEMBL205,CHEMBL5531592,7.92,=,Ki
CHEMBL20,CHEMBL3729,CHEMBL5531593,7.13,=,Ki
CHEMBL20,CHEMBL4789,CHEMBL5531594,7.2,=,Ki
CHEMBL20,CHEMBL3969,CHEMBL5531595,7.27,=,Ki
CHEMBL20,CHEMBL2326,CHEMBL5531596,8.6,=,Ki
CHEMBL20,CHEMBL3242,CHEMBL5531597,8.24,=,Ki
CHEMBL2,CHEMBL229,CHEMBL5535127,9.89,=,Ki
CHEMBL2,CHEMBL232,CHEMBL5535128,10.57,=,Ki
CHEMBL20,CHEMBL261,CHEMBL5536444,6.6,=,Ki
CHEMBL20,CHEMBL205,CHEMBL5536445,7.92,=,Ki
CHEMBL20,CHEMBL3594,CHEMBL5536446,7.59,=,Ki
CHEMBL20,CHEMBL3242,CHEMBL5536448,8.24,=,Ki
CHEMBL20,CHEMBL261,CHEMBL5540316,6.6,=,Ki
CHEMBL20,CHEMBL205,CHEMBL5540321,7.92,=,Ki
CHEMBL20,CHEMBL261,CHEMBL5542068,6.6,=,Ki
CHEMBL20,CHEMBL205,CHEMBL5542069,7.92,=,Ki
CHEMBL20,CHEMBL2326,CHEMBL5542070,8.6,=,Ki
CHEMBL20,CHEMBL3594,CHEMBL5542071,7.59,=,Ki
CHEMBL20,CHEMBL3242,CHEMBL5542072,8.24,=,Ki
CHEMBL20,CHEMBL261,CHEMBL5552435,6.6,=,Ki
CHEMBL20,CHEMBL205,CHEMBL5552436,7.92,=,Ki
CHEMBL20,CHEMBL3594,CHEMBL5552437,7.6,=,Ki
CHEMBL20,CHEMBL3242,CHEMBL5552438,8.24,=,Ki
CHEMBL20,CHEMBL3594,CHEMBL5577900,6.96,=,IC50
CHEMBL20,CHEMBL205,CHEMBL5587984,7.7,=,Kd
CHEMBL20,CHEMBL205,CHEMBL5587985,7.34,=,Kd
CHEMBL20,CHEMBL261,CHEMBL5589083,6.6,=,Ki
CHEMBL20,CHEMBL205,CHEMBL5589084,7.9,=,Ki
CHEMBL20,CHEMBL3594,CHEMBL5589085,7.6,=,Ki
CHEMBL20,CHEMBL3242,CHEMBL5589086,8.24,=,Ki
CHEMBL20,CHEMBL261,CHEMBL5617792,6.6,=,Ki
CHEMBL20,CHEMBL205,CHEMBL5617793,7.92,=,Ki
CHEMBL20,CHEMBL3729,CHEMBL5617794,7.13,=,Ki
CHEMBL20,CHEMBL2326,CHEMBL5617795,8.52,=,Ki
CHEMBL20,CHEMBL3594,CHEMBL5617796,7.58,=,Ki
CHEMBL20,CHEMBL3242,CHEMBL5617797,8.22,=,Ki
CHEMBL20,CHEMBL261,CHEMBL5625661,6.6,=,Ki
CHEMBL20,CHEMBL205,CHEMBL5625662,7.92,=,Ki
CHEMBL20,CHEMBL3729,CHEMBL5625663,7.13,=,Ki
CHEMBL20,CHEMBL3594,CHEMBL5625664,7.59,=,Ki
CHEMBL20,CHEMBL261,CHEMBL5627961,6.6,=,Ki
CHEMBL20,CHEMBL205,CHEMBL5627962,7.92,=,Ki
CHEMBL20,CHEMBL3594,CHEMBL5627963,7.6,=,Ki
CHEMBL20,CHEMBL3242,CHEMBL5627964,8.24,=,Ki
CHEMBL20,CHEMBL261,CHEMBL5629407,6.6,=,Ki
CHEMBL20,CHEMBL205,CHEMBL5629408,7.92,=,Ki
CHEMBL20,CHEMBL3729,CHEMBL5629409,7.13,=,Ki
CHEMBL20,CHEMBL4789,CHEMBL5629410,7.2,=,Ki
CHEMBL20,CHEMBL2326,CHEMBL5629411,8.6,=,Ki
CHEMBL20,CHEMBL3594,CHEMBL5629412,7.59,=,Ki
CHEMBL20,CHEMBL3242,CHEMBL5629413,8.24,=,Ki
CHEMBL20,CHEMBL3912,CHEMBL5629414,7.77,=,Ki
CHEMBL20,CHEMBL3594,CHEMBL5636021,7.3,=,IC50
CHEMBL20,CHEMBL3242,CHEMBL5636022,7.43,=,IC50
CHEMBL192,CHEMBL1827,CHEMBL5638043,8.0,=,IC50
CHEMBL20,CHEMBL261,CHEMBL5732037,7.92,=,IC50
CHEMBL192,CHEMBL1827,CHEMBL5737824,8.27,=,IC50
CHEMBL20,CHEMBL205,CHEMBL5737926,7.58,=,IC50
CHEMBL20,CHEMBL261,CHEMBL6073610,6.6,=,Ki
CHEMBL20,CHEMBL205,CHEMBL6073611,7.92,=,Ki
CHEMBL20,CHEMBL3729,CHEMBL6073613,7.13,=,Ki
CHEMBL20,CHEMBL4789,CHEMBL6073614,7.2,=,Ki
CHEMBL20,CHEMBL3969,CHEMBL6073615,7.27,=,Ki
CHEMBL20,CHEMBL3025,CHEMBL6073616,7.8,=,Ki
CHEMBL20,CHEMBL3025,CHEMBL6073617,7.64,=,Ki
CHEMBL20,CHEMBL2326,CHEMBL6073618,8.6,=,Ki
CHEMBL20,CHEMBL3594,CHEMBL6073619,7.6,=,Ki
CHEMBL20,CHEMBL3242,CHEMBL6073620,8.24,=,Ki
CHEMBL20,CHEMBL261,CHEMBL6077597,6.6,=,Ki
CHEMBL20,CHEMBL205,CHEMBL6077598,7.92,=,Ki
CHEMBL20,CHEMBL4789,CHEMBL6077601,7.2,=,Ki
CHEMBL20,CHEMBL3969,CHEMBL6077602,7.27,=,Ki
CHEMBL20,CHEMBL3025,CHEMBL6077603,7.96,=,Ki
CHEMBL20,CHEMBL2326,CHEMBL6077604,8.7,=,Ki
CHEMBL20,CHEMBL3594,CHEMBL6077605,7.6,=,Ki
CHEMBL20,CHEMBL3242,CHEMBL6077606,8.22,=,Ki
CHEMBL20,CHEMBL3912,CHEMBL6077607,7.77,=,Ki
CHEMBL191,CHEMBL227,CHEMBL6080060,8.12,=,Ki
CHEMBL191,CHEMBL227,CHEMBL6080060,8.14,=,Ki
CHEMBL20,CHEMBL3729,CHEMBL6085882,7.13,=,Ki
CHEMBL20,CHEMBL261,CHEMBL6085888,6.6,=,Ki
CHEMBL20,CHEMBL205,CHEMBL6085889,7.92,=,Ki
CHEMBL20,CHEMBL3594,CHEMBL6085890,7.58,=,Ki
CHEMBL20,CHEMBL3242,CHEMBL6085891,8.22,=,Ki
CHEMBL20,CHEMBL261,CHEMBL6091604,6.6,=,Ki
CHEMBL20,CHEMBL205,CHEMBL6091605,7.92,=,Ki
CHEMBL20,CHEMBL3594,CHEMBL6091606,7.59,=,Ki
CHEMBL20,CHEMBL3242,CHEMBL6091607,8.24,=,Ki
CHEMBL20,CHEMBL261,CHEMBL6094785,6.6,=,Ki
CHEMBL20,CHEMBL205,CHEMBL6094786,7.92,=,Ki
CHEMBL20,CHEMBL3594,CHEMBL6094787,7.6,=,Ki
CHEMBL20,CHEMBL3242,CHEMBL6094788,8.24,=,Ki
CHEMBL20,CHEMBL261,CHEMBL6095400,6.6,=,Ki
CHEMBL20,CHEMBL205,CHEMBL6095401,7.92,=,Ki
CHEMBL20,CHEMBL3594,CHEMBL6100480,7.6,=,Ki
CHEMBL20,CHEMBL261,CHEMBL6100481,6.6,=,Ki
CHEMBL20,CHEMBL205,CHEMBL6100482,7.92,=,Ki
CHEMBL20,CHEMBL3242,CHEMBL6100483,8.22,=,Ki
CHEMBL20,CHEMBL261,CHEMBL6103790,6.0,=,Ki
CHEMBL20,CHEMBL205,CHEMBL6103791,7.96,=,Ki
CHEMBL20,CHEMBL261,CHEMBL6108734,6.6,=,Ki
CHEMBL20,CHEMBL205,CHEMBL6108735,7.92,=,Ki
CHEMBL20,CHEMBL3729,CHEMBL6108737,7.13,=,Ki
CHEMBL20,CHEMBL4789,CHEMBL6108738,7.2,=,Ki
CHEMBL20,CHEMBL3969,CHEMBL6108739,7.27,=,Ki
CHEMBL20,CHEMBL3025,CHEMBL6108740,7.96,=,Ki
CHEMBL20,CHEMBL2326,CHEMBL6108741,8.6,=,Ki
CHEMBL20,CHEMBL3594,CHEMBL6108742,7.59,=,Ki
CHEMBL20,CHEMBL3242,CHEMBL6108743,8.24,=,Ki
CHEMBL20,CHEMBL3912,CHEMBL6108744,7.77,=,Ki
CHEMBL20,CHEMBL261,CHEMBL6114580,6.6,=,Ki
CHEMBL20,CHEMBL205,CHEMBL6114581,7.92,=,Ki
CHEMBL20,CHEMBL3594,CHEMBL6114582,7.59,=,Ki
CHEMBL20,CHEMBL3242,CHEMBL6114583,8.24,=,Ki
CHEMBL191,CHEMBL4607,CHEMBL6129331,6.64,=,IC50
CHEMBL20,CHEMBL261,CHEMBL6130405,6.6,=,Ki
CHEMBL20,CHEMBL205,CHEMBL6130406,7.92,=,Ki
CHEMBL20,CHEMBL3594,CHEMBL6130407,6.6,=,Ki
CHEMBL20,CHEMBL3242,CHEMBL6130408,8.24,=,Ki
CHEMBL193,CHEMBL1940,CHEMBL6130482,7.4,=,IC50
CHEMBL20,CHEMBL261,CHEMBL6131898,6.6,=,Ki
CHEMBL20,CHEMBL205,CHEMBL6131899,7.9,=,Ki
CHEMBL20,CHEMBL3594,CHEMBL6131900,7.58,=,Ki
CHEMBL20,CHEMBL3242,CHEMBL6131901,8.24,=,Ki
CHEMBL20,CHEMBL261,CHEMBL6132415,6.6,=,Ki
CHEMBL20,CHEMBL205,CHEMBL6132416,7.92,=,Ki
CHEMBL20,CHEMBL3729,CHEMBL6132418,7.13,=,Ki
CHEMBL20,CHEMBL4789,CHEMBL6132419,7.2,=,Ki
CHEMBL20,CHEMBL3969,CHEMBL6132420,7.27,=,Ki
CHEMBL20,CHEMBL3025,CHEMBL6132421,7.96,=,Ki
CHEMBL20,CHEMBL2326,CHEMBL6132422,8.6,=,Ki
CHEMBL20,CHEMBL3594,CHEMBL6132423,7.59,=,Ki
CHEMBL20,CHEMBL3242,CHEMBL6132424,8.24,=,Ki
CHEMBL20,CHEMBL3912,CHEMBL6132425,7.8,=,Ki
CHEMBL20,CHEMBL261,CHEMBL6132576,6.6,=,Ki
CHEMBL20,CHEMBL205,CHEMBL6132577,7.92,=,Ki
CHEMBL20,CHEMBL3594,CHEMBL6132578,7.59,=,Ki
CHEMBL20,CHEMBL3242,CHEMBL6132579,8.24,=,Ki
CHEMBL20,CHEMBL261,CHEMBL6135239,6.34,=,Ki
CHEMBL20,CHEMBL205,CHEMBL6135240,6.48,=,Ki
CHEMBL20,CHEMBL3594,CHEMBL6135241,6.36,=,Ki
CHEMBL20,CHEMBL3242,CHEMBL6135242,6.47,=,Ki
CHEMBL20,CHEMBL261,CHEMBL6137865,6.6,=,Ki
CHEMBL20,CHEMBL205,CHEMBL6137866,8.0,=,Ki
CHEMBL20,CHEMBL4789,CHEMBL6137867,7.22,=,Ki
CHEMBL20,CHEMBL2326,CHEMBL6137868,8.7,=,Ki
CHEMBL20,CHEMBL3594,CHEMBL6137869,7.52,=,Ki
CHEMBL20,CHEMBL3242,CHEMBL6137870,8.0,=,Ki
CHEMBL20,CHEMBL261,CHEMBL6140246,6.6,=,Ki
CHEMBL20,CHEMBL205,CHEMBL6140247,7.92,=,Ki
CHEMBL20,CHEMBL205,CHEMBL6155016,7.92,=,Ki
CHEMBL20,CHEMBL3594,CHEMBL6155017,7.58,=,Ki
CHEMBL20,CHEMBL3242,CHEMBL6155018,8.22,=,Ki
CHEMBL192,CHEMBL1827,CHEMBL6184025,8.43,=,IC50
CHEMBL20,CHEMBL261,CHEMBL6185227,6.6,=,Ki
CHEMBL20,CHEMBL205,CHEMBL6185228,7.92,=,Ki
CHEMBL20,CHEMBL2326,CHEMBL6185229,8.6,=,Ki
CHEMBL220491,CHEMBL205,CHEMBL657143,8.52,=,Ki
CHEMBL220491,CHEMBL205,CHEMBL828777,8.52,=,Ki
CHEMBL220491,CHEMBL3594,CHEMBL828778,7.43,=,Ki
CHEMBL220491,CHEMBL205,CHEMBL841779,8.52,=,Ki
CHEMBL220491,CHEMBL3242,CHEMBL877449,8.52,=,Ki
CHEMBL220491,CHEMBL3594,CHEMBL829822,7.43,=,Ki
CHEMBL220491,CHEMBL3242,CHEMBL827186,8.52,=,Ki
CHEMBL220491,CHEMBL205,CHEMBL838677,8.52,=,Ki
CHEMBL220491,CHEMBL3594,CHEMBL829116,7.43,=,Ki
CHEMBL220491,CHEMBL205,CHEMBL828932,8.52,=,Ki
CHEMBL220491,CHEMBL2326,CHEMBL828071,8.55,=,Ki
CHEMBL220491,CHEMBL205,CHEMBL829640,8.52,=,Ki
CHEMBL220491,CHEMBL3242,CHEMBL828815,8.52,=,Ki
CHEMBL220491,CHEMBL205,CHEMBL828795,8.52,=,Ki
CHEMBL220491,CHEMBL3594,CHEMBL828796,7.43,=,Ki
CHEMBL220491,CHEMBL205,CHEMBL828903,8.52,=,Ki
CHEMBL220491,CHEMBL3594,CHEMBL828906,7.43,=,Ki
CHEMBL24,CHEMBL213,CHEMBL884281,8.75,=,IC50
CHEMBL220491,CHEMBL205,CHEMBL862669,8.52,=,Ki
CHEMBL220491,CHEMBL4789,CHEMBL862670,7.3,=,Ki
CHEMBL220491,CHEMBL3969,CHEMBL862671,7.52,=,Ki
CHEMBL220491,CHEMBL205,CHEMBL861559,8.52,=,Ki
CHEMBL220491,CHEMBL205,CHEMBL863824,8.52,=,Ki
CHEMBL220491,CHEMBL261,CHEMBL907133,7.82,=,Ki
CHEMBL220491,CHEMBL205,CHEMBL907134,8.05,=,Ki
CHEMBL220491,CHEMBL3594,CHEMBL907135,7.38,=,Ki
CHEMBL220491,CHEMBL205,CHEMBL856730,8.52,=,Ki
CHEMBL220491,CHEMBL4789,CHEMBL856733,7.3,=,Ki
CHEMBL220491,CHEMBL3969,CHEMBL856734,7.52,=,Ki
CHEMBL220491,CHEMBL2326,CHEMBL856735,8.55,=,Ki
CHEMBL220491,CHEMBL3594,CHEMBL856736,7.43,=,Ki
CHEMBL220491,CHEMBL3242,CHEMBL856737,8.52,=,Ki
CHEMBL220491,CHEMBL3025,CHEMBL911283,9.05,=,Ki
CHEMBL220491,CHEMBL205,CHEMBL911285,8.52,=,Ki
CHEMBL220491,CHEMBL3594,CHEMBL911286,7.43,=,Ki
CHEMBL220491,CHEMBL261,CHEMBL919950,7.82,=,Ki
CHEMBL220491,CHEMBL205,CHEMBL919951,8.05,=,Ki
CHEMBL220491,CHEMBL3594,CHEMBL919952,7.38,=,Ki
CHEMBL220491,CHEMBL3242,CHEMBL891443,8.52,=,Ki
CHEMBL220491,CHEMBL261,CHEMBL898039,6.35,=,Ki
CHEMBL220491,CHEMBL205,CHEMBL898040,8.52,=,Ki
CHEMBL220491,CHEMBL3594,CHEMBL898041,7.33,=,Ki
CHEMBL220491,CHEMBL205,CHEMBL925142,8.52,=,Ki
CHEMBL220491,CHEMBL4789,CHEMBL925145,7.3,=,Ki
CHEMBL220491,CHEMBL3969,CHEMBL925146,7.52,=,Ki
CHEMBL220491,CHEMBL3025,CHEMBL925147,9.05,=,Ki
CHEMBL220491,CHEMBL2326,CHEMBL925148,8.55,=,Ki
CHEMBL220491,CHEMBL3594,CHEMBL925149,7.43,=,Ki
CHEMBL220491,CHEMBL3242,CHEMBL925150,8.52,=,Ki
CHEMBL220491,CHEMBL261,CHEMBL951055,6.35,=,Ki
CHEMBL220491,CHEMBL205,CHEMBL951056,8.52,=,Ki
CHEMBL220491,CHEMBL3594,CHEMBL951057,7.33,=,Ki
CHEMBL220491,CHEMBL205,CHEMBL935610,8.52,=,Ki
CHEMBL220491,CHEMBL4789,CHEMBL935613,7.3,=,Ki
CHEMBL220491,CHEMBL3969,CHEMBL935614,7.52,=,Ki
CHEMBL220491,CHEMBL3025,CHEMBL935615,9.05,=,Ki
CHEMBL220491,CHEMBL2326,CHEMBL935616,8.55,=,Ki
CHEMBL220491,CHEMBL3594,CHEMBL935617,7.43,=,Ki
CHEMBL220491,CHEMBL3242,CHEMBL935618,8.52,=,Ki
CHEMBL24,CHEMBL213,CHEMBL953124,6.22,=,IC50
CHEMBL30,CHEMBL1941,CHEMBL947354,6.75,=,IC50
CHEMBL24,CHEMBL213,CHEMBL953124,6.37,=,Ki
CHEMBL30,CHEMBL1941,CHEMBL947354,6.77,=,Ki
CHEMBL220491,CHEMBL205,CHEMBL976160,8.52,=,Ki
CHEMBL220491,CHEMBL3242,CHEMBL976162,8.52,=,Ki
CHEMBL220491,CHEMBL3594,CHEMBL976161,7.33,=,Ki
CHEMBL220491,CHEMBL261,CHEMBL976159,6.35,=,Ki
CHEMBL220491,CHEMBL205,CHEMBL1015322,8.52,=,Ki
CHEMBL220491,CHEMBL205,CHEMBL993109,8.52,=,Ki
CHEMBL220491,CHEMBL205,CHEMBL1031354,8.52,=,Ki
CHEMBL220491,CHEMBL3025,CHEMBL1031355,9.05,=,Ki
CHEMBL220491,CHEMBL3594,CHEMBL1031356,7.43,=,Ki
CHEMBL220491,CHEMBL205,CHEMBL1002984,8.52,=,Ki
CHEMBL21731,CHEMBL231,CHEMBL1030597,8.78,=,Ki
CHEMBL21731,CHEMBL2056,CHEMBL1030598,6.4,=,Ki
CHEMBL21731,CHEMBL1850,CHEMBL1030599,6.37,=,Ki
CHEMBL21731,CHEMBL217,CHEMBL1030600,6.18,=,Ki
CHEMBL21731,CHEMBL234,CHEMBL1030601,6.3,=,Ki
CHEMBL220491,CHEMBL205,CHEMBL1038578,8.52,=,Ki
CHEMBL220491,CHEMBL205,CHEMBL1063842,8.52,=,Ki
CHEMBL220491,CHEMBL205,CHEMBL1048174,8.52,=,Ki
CHEMBL289469,CHEMBL1899,CHEMBL1065651,8.84,=,Ki
CHEMBL2218896,CHEMBL253,CHEMBL1225455,7.75,=,Ki
CHEMBL220491,CHEMBL205,CHEMBL1645695,8.52,=,Ki
CHEMBL220491,CHEMBL3025,CHEMBL1645696,9.05,=,Ki
CHEMBL220491,CHEMBL205,CHEMBL1678663,8.52,=,Ki
CHEMBL220491,CHEMBL205,CHEMBL1693486,8.52,=,Ki
CHEMBL24,CHEMBL213,CHEMBL1817457,6.77,=,Ki
CHEMBL220491,CHEMBL205,CHEMBL1815988,8.52,=,Ki
CHEMBL27,CHEMBL246,CHEMBL1833708,6.67,=,Kd
CHEMBL27,CHEMBL213,CHEMBL1833706,8.22,=,Kd
CHEMBL2218896,CHEMBL253,CHEMBL1832978,8.2,=,Ki
CHEMBL289469,CHEMBL1899,CHEMBL1948646,8.84,=,Ki
CHEMBL220491,CHEMBL205,CHEMBL1947441,8.52,=,Ki
CHEMBL220491,CHEMBL205,CHEMBL2049249,8.52,=,Ki
CHEMBL220491,CHEMBL205,CHEMBL2327206,8.52,=,Ki
CHEMBL220491,CHEMBL205,CHEMBL2329241,9.9,=,Ki
CHEMBL220491,CHEMBL205,CHEMBL2380060,8.52,=,Ki
CHEMBL30,CHEMBL1941,CHEMBL2395009,6.57,=,IC50
CHEMBL30,CHEMBL1941,CHEMBL2395688,6.85,=,Ki
CHEMBL24,CHEMBL213,CHEMBL2395709,6.82,=,Ki
CHEMBL30,CHEMBL1941,CHEMBL2395688,6.85,=,IC50
CHEMBL24,CHEMBL213,CHEMBL2395709,6.58,=,IC50
CHEMBL220491,CHEMBL2326,CHEMBL2415806,8.55,=,Ki
CHEMBL220491,CHEMBL205,CHEMBL2415807,8.52,=,Ki
CHEMBL220491,CHEMBL3242,CHEMBL2429044,8.52,=,Ki
CHEMBL220491,CHEMBL3594,CHEMBL2429045,7.43,=,Ki
CHEMBL220491,CHEMBL2326,CHEMBL2429046,8.55,=,Ki
CHEMBL220491,CHEMBL205,CHEMBL2429047,8.52,=,Ki
CHEMBL220491,CHEMBL3912,CHEMBL2446190,7.96,=,Ki
CHEMBL220491,CHEMBL3242,CHEMBL2446191,8.51,=,Ki
CHEMBL220491,CHEMBL3594,CHEMBL2446192,7.44,=,Ki
CHEMBL220491,CHEMBL2326,CHEMBL2446193,8.55,=,Ki
CHEMBL220491,CHEMBL3025,CHEMBL2446194,9.05,=,Ki
CHEMBL220491,CHEMBL205,CHEMBL2446195,8.49,=,Ki
CHEMBL289469,CHEMBL1899,CHEMBL3097185,6.72,=,EC50
CHEMBL289469,CHEMBL1899,CHEMBL3097186,6.72,=,EC50
CHEMBL289469,CHEMBL1899,CHEMBL3097187,7.03,=,EC50
CHEMBL289469,CHEMBL1899,CHEMBL3094562,6.8,=,EC50
CHEMBL289469,CHEMBL1899,CHEMBL3094564,6.89,=,EC50
CHEMBL289469,CHEMBL1899,CHEMBL3094566,7.13,=,EC50
CHEMBL289469,CHEMBL1899,CHEMBL3094567,6.35,=,EC50
CHEMBL289469,CHEMBL1899,CHEMBL3094569,7.06,=,EC50
CHEMBL289469,CHEMBL1899,CHEMBL3094568,6.5,=,EC50
CHEMBL289469,CHEMBL3895,CHEMBL3094588,9.8,=,Kd
CHEMBL289469,CHEMBL3895,CHEMBL3094572,9.7,=,Kd
CHEMBL289469,CHEMBL3895,CHEMBL3094573,9.11,=,Kd
CHEMBL289469,CHEMBL3895,CHEMBL3094574,9.6,=,Kd
CHEMBL289469,CHEMBL3895,CHEMBL3094575,9.66,=,Kd
CHEMBL289469,CHEMBL1899,CHEMBL3094578,9.36,=,Kd
CHEMBL289469,CHEMBL1899,CHEMBL3094579,9.43,=,Kd
CHEMBL289469,CHEMBL1899,CHEMBL3094580,9.72,=,Kd
CHEMBL289469,CHEMBL1899,CHEMBL3094581,9.44,=,Kd
CHEMBL289469,CHEMBL1899,CHEMBL3094582,9.31,=,Kd
CHEMBL289469,CHEMBL1899,CHEMBL3094583,9.11,=,Kd
CHEMBL289469,CHEMBL1899,CHEMBL3094585,9.39,=,Kd
CHEMBL289469,CHEMBL1899,CHEMBL3094586,9.05,=,Kd
CHEMBL289469,CHEMBL1899,CHEMBL3094587,9.22,=,Kd
CHEMBL289469,CHEMBL1899,CHEMBL3094589,9.28,=,Kd
CHEMBL220491,CHEMBL205,CHEMBL3101213,8.52,=,Ki
CHEMBL30,CHEMBL1941,CHEMBL3106116,7.15,=,Ki
CHEMBL30,CHEMBL1941,CHEMBL3106116,7.16,=,Ki
CHEMBL220491,CHEMBL3242,CHEMBL3116663,8.52,=,Ki
CHEMBL220491,CHEMBL3594,CHEMBL3116664,7.43,=,Ki
CHEMBL220491,CHEMBL205,CHEMBL3116665,8.52,=,Ki
CHEMBL2218896,CHEMBL253,CHEMBL3239823,8.73,=,Ki
CHEMBL220491,CHEMBL205,CHEMBL3270416,8.52,=,Ki
CHEMBL220491,CHEMBL205,CHEMBL3367566,8.52,=,Ki
CHEMBL220491,CHEMBL205,CHEMBL3395807,8.52,=,Ki
CHEMBL220491,CHEMBL205,CHEMBL3407117,8.52,=,Ki
CHEMBL220491,CHEMBL205,CHEMBL3404499,8.52,=,Ki
CHEMBL220491,CHEMBL205,CHEMBL3419422,7.35,=,IC50
CHEMBL220491,CHEMBL205,CHEMBL3419421,10.05,=,Kd
CHEMBL220491,CHEMBL3242,CHEMBL3425068,8.46,=,Ki
CHEMBL220491,CHEMBL205,CHEMBL3607055,8.52,=,Ki
CHEMBL220491,CHEMBL205,CHEMBL3737170,8.52,=,Ki
CHEMBL220491,CHEMBL205,CHEMBL3748431,8.52,=,Ki
CHEMBL220491,CHEMBL205,CHEMBL3761241,8.52,=,Ki
CHEMBL220491,CHEMBL205,CHEMBL3767548,8.52,=,Ki
CHEMBL30,CHEMBL1941,CHEMBL3779721,6.0,=,IC50
CHEMBL24,CHEMBL213,CHEMBL3779528,6.68,=,IC50
CHEMBL220491,CHEMBL205,CHEMBL3782910,8.52,=,Ki
CHEMBL24,CHEMBL213,CHEMBL3876341,6.68,=,IC50
CHEMBL30,CHEMBL1941,CHEMBL3876364,6.0,=,IC50
CHEMBL276832,CHEMBL2439,CHEMBL3877133,6.05,=,IC50
CHEMBL276832,CHEMBL2439,CHEMBL3877132,6.05,=,IC50
CHEMBL30,CHEMBL1941,CHEMBL4001172,6.3,=,IC50
CHEMBL30,CHEMBL1941,CHEMBL4001172,6.31,=,Ki
CHEMBL220491,CHEMBL205,CHEMBL4001626,8.52,=,Ki
CHEMBL276832,CHEMBL2439,CHEMBL4013915,6.05,=,IC50
CHEMBL220491,CHEMBL205,CHEMBL4035751,8.52,=,Ki
CHEMBL27,CHEMBL213,CHEMBL4145116,7.93,=,Ki
CHEMBL220491,CHEMBL3242,CHEMBL4391785,8.52,=,Ki
CHEMBL220491,CHEMBL3594,CHEMBL4391784,7.43,=,Ki
CHEMBL220491,CHEMBL205,CHEMBL4391783,8.52,=,Ki
CHEMBL27,CHEMBL213,CHEMBL4402769,8.85,=,Ki
CHEMBL220491,CHEMBL205,CHEMBL4404278,8.52,=,Ki
CHEMBL25,CHEMBL4523354,CHEMBL4418184,9.3,=,Ki
CHEMBL220491,CHEMBL205,CHEMBL4427979,8.52,=,Ki
CHEMBL25,CHEMBL221,CHEMBL4715096,6.46,=,IC50
CHEMBL27,CHEMBL1961788,CHEMBL5033038,6.3,=,Kd
CHEMBL24,CHEMBL213,CHEMBL5721278,6.55,=,IC50
CHEMBL30,CHEMBL1941,CHEMBL5721284,6.28,=,IC50
CHEMBL24,CHEMBL213,CHEMBL5721332,6.8,=,Ki
CHEMBL30,CHEMBL1941,CHEMBL5721338,6.11,=,Ki
CHEMBL41,CHEMBL1867,CHEMBL649810,8.2,=,Ki
CHEMBL409,CHEMBL1871,CHEMBL830415,7.19,=,Ki
CHEMBL409,CHEMBL1871,CHEMBL828881,7.46,=,Ki
CHEMBL409,CHEMBL1871,CHEMBL839595,7.19,=,Ki
CHEMBL409,CHEMBL1871,CHEMBL831105,6.76,=,IC50
CHEMBL409,CHEMBL1871,CHEMBL825228,7.46,=,Ki
CHEMBL409,CHEMBL1871,CHEMBL877304,6.4,=,IC50
CHEMBL409,CHEMBL1871,CHEMBL826376,7.19,=,Ki
CHEMBL41,CHEMBL228,CHEMBL881225,7.32,=,Ki
CHEMBL41,CHEMBL228,CHEMBL884752,9.14,=,Ki
CHEMBL41,CHEMBL222,CHEMBL872348,6.36,=,Ki
CHEMBL409,CHEMBL1871,CHEMBL858790,7.72,=,Ki
CHEMBL41,CHEMBL228,CHEMBL864774,7.41,=,IC50
CHEMBL41,CHEMBL228,CHEMBL863612,7.8,=,IC50
CHEMBL41,CHEMBL228,CHEMBL869834,7.8,=,IC50
CHEMBL409,CHEMBL1871,CHEMBL914604,6.7,=,IC50
CHEMBL409,CHEMBL1871,CHEMBL887363,6.82,=,Ki
CHEMBL41,CHEMBL228,CHEMBL890060,8.7,=,Ki
CHEMBL41,CHEMBL228,CHEMBL897803,8.66,=,Ki
CHEMBL409,CHEMBL1871,CHEMBL899659,6.7,=,IC50
CHEMBL41,CHEMBL228,CHEMBL885432,8.66,=,Ki
CHEMBL41,CHEMBL228,CHEMBL886655,8.66,=,Ki
CHEMBL409,CHEMBL1871,CHEMBL933063,7.19,=,Ki
CHEMBL409,CHEMBL1871,CHEMBL933554,6.82,=,Ki
CHEMBL409,CHEMBL1871,CHEMBL930492,6.82,=,Ki
CHEMBL409,CHEMBL1871,CHEMBL930493,6.63,=,IC50
CHEMBL41,CHEMBL228,CHEMBL995198,7.33,=,IC50
CHEMBL41,CHEMBL228,CHEMBL1011735,8.96,=,Ki
CHEMBL41,CHEMBL228,CHEMBL1011738,8.15,=,IC50
CHEMBL41,CHEMBL228,CHEMBL945184,7.33,=,IC50
CHEMBL41,CHEMBL228,CHEMBL1020017,8.03,=,IC50
CHEMBL41,CHEMBL228,CHEMBL984526,7.41,=,IC50
CHEMBL41,CHEMBL222,CHEMBL986142,6.25,=,IC50
CHEMBL41,CHEMBL228,CHEMBL986143,8.0,=,IC50
CHEMBL35,CHEMBL261,CHEMBL1029729,7.21,=,Ki
CHEMBL35,CHEMBL205,CHEMBL1029730,7.19,=,Ki
CHEMBL406,CHEMBL3729,CHEMBL1029732,6.67,=,Ki
CHEMBL35,CHEMBL3729,CHEMBL1029732,6.25,=,Ki
CHEMBL406,CHEMBL4789,CHEMBL1029733,6.05,=,Ki
CHEMBL35,CHEMBL4789,CHEMBL1029733,6.3,=,Ki
CHEMBL406,CHEMBL3969,CHEMBL1029734,6.56,=,Ki
CHEMBL35,CHEMBL3969,CHEMBL1029734,6.49,=,Ki
CHEMBL35,CHEMBL3025,CHEMBL1029735,6.61,=,Ki
CHEMBL406,CHEMBL2326,CHEMBL1029736,9.64,=,Ki
CHEMBL35,CHEMBL2326,CHEMBL1029736,6.29,=,Ki
CHEMBL406,CHEMBL3594,CHEMBL1029737,7.44,=,Ki
CHEMBL35,CHEMBL3594,CHEMBL1029737,6.38,=,Ki
CHEMBL406,CHEMBL3242,CHEMBL1029738,8.0,=,Ki
CHEMBL35,CHEMBL3242,CHEMBL1029738,6.58,=,Ki
CHEMBL41,CHEMBL222,CHEMBL966882,6.25,=,IC50
CHEMBL41,CHEMBL228,CHEMBL966884,8.0,=,IC50
CHEMBL41,CHEMBL228,CHEMBL962314,8.03,=,IC50
CHEMBL41,CHEMBL228,CHEMBL1023033,8.96,=,Ki
CHEMBL41,CHEMBL228,CHEMBL1019481,8.14,=,IC50
CHEMBL41,CHEMBL228,CHEMBL1055026,8.03,=,IC50
CHEMBL41,CHEMBL228,CHEMBL1044081,8.03,=,IC50
CHEMBL41,CHEMBL228,CHEMBL1038297,8.03,=,IC50
CHEMBL41,CHEMBL228,CHEMBL1074040,8.6,=,IC50
CHEMBL41,CHEMBL228,CHEMBL1072382,8.03,=,IC50
CHEMBL41,CHEMBL228,CHEMBL1115566,8.03,=,IC50
CHEMBL409,CHEMBL1871,CHEMBL1121343,6.7,=,IC50
CHEMBL41,CHEMBL228,CHEMBL1120736,8.03,=,IC50
CHEMBL409,CHEMBL1871,CHEMBL1212404,7.19,=,Ki
CHEMBL41,CHEMBL228,CHEMBL1228923,8.51,=,IC50
CHEMBL36,CHEMBL202,CHEMBL1260235,7.51,=,Ki
CHEMBL406,CHEMBL205,CHEMBL1272347,6.52,=,Kd
CHEMBL406,CHEMBL2326,CHEMBL1272348,6.52,=,Kd
CHEMBL406,CHEMBL3912,CHEMBL1272349,7.0,=,Kd
CHEMBL406,CHEMBL205,CHEMBL1272351,6.7,=,Kd
CHEMBL406,CHEMBL3912,CHEMBL1272353,6.7,=,Kd
CHEMBL41,CHEMBL228,CHEMBL1647124,8.28,=,IC50
CHEMBL41,CHEMBL240,CHEMBL1676103,6.34,=,IC50
CHEMBL41,CHEMBL228,CHEMBL1686748,8.3,=,IC50
CHEMBL41,CHEMBL228,CHEMBL1831837,8.03,=,IC50
CHEMBL409,CHEMBL1871,CHEMBL1937839,7.27,=,IC50
CHEMBL409,CHEMBL1871,CHEMBL1937840,6.92,=,IC50
CHEMBL41,CHEMBL228,CHEMBL2015429,8.57,=,EC50
CHEMBL415,CHEMBL3371,CHEMBL2157129,6.95,=,Ki
CHEMBL409,CHEMBL1871,CHEMBL2339066,6.33,=,IC50
CHEMBL409,CHEMBL1871,CHEMBL2339067,6.48,=,IC50
CHEMBL409,CHEMBL1871,CHEMBL2339068,6.92,=,IC50
CHEMBL409,CHEMBL1871,CHEMBL2339069,7.27,=,IC50
CHEMBL36,CHEMBL202,CHEMBL2384165,6.4,=,IC50
CHEMBL41,CHEMBL228,CHEMBL2393681,7.01,=,Ki
CHEMBL41,CHEMBL228,CHEMBL2393681,6.55,=,IC50
CHEMBL41,CHEMBL228,CHEMBL2394331,8.85,=,Ki
CHEMBL41,CHEMBL228,CHEMBL2394331,8.07,=,IC50
CHEMBL409,CHEMBL1871,CHEMBL2395387,7.51,=,EC50
CHEMBL409,CHEMBL1871,CHEMBL2399205,6.57,=,IC50
CHEMBL415,CHEMBL222,CHEMBL2433695,7.19,=,IC50
CHEMBL41,CHEMBL228,CHEMBL2433697,8.14,=,IC50
CHEMBL409,CHEMBL1871,CHEMBL2446446,6.03,=,IC50
CHEMBL406,CHEMBL3912,CHEMBL2446501,7.0,=,Kd
CHEMBL406,CHEMBL2326,CHEMBL2446503,6.52,=,Kd
CHEMBL406,CHEMBL3025,CHEMBL2446504,6.6,=,Kd
CHEMBL406,CHEMBL205,CHEMBL2446505,6.52,=,Kd
CHEMBL41,CHEMBL240,CHEMBL3090833,8.0,=,IC50
CHEMBL406,CHEMBL2326,CHEMBL3102438,9.64,=,Ki
CHEMBL41,CHEMBL228,CHEMBL3363898,6.82,=,IC50
CHEMBL41,CHEMBL228,CHEMBL3385965,6.82,=,IC50
CHEMBL409,CHEMBL1871,CHEMBL3411793,7.06,=,IC50
CHEMBL409,CHEMBL1871,CHEMBL3411794,7.06,=,IC50
CHEMBL409,CHEMBL1871,CHEMBL3418492,6.01,=,EC50
CHEMBL409,CHEMBL1871,CHEMBL3592212,6.79,=,Ki
CHEMBL415,CHEMBL228,CHEMBL3616095,9.55,=,Ki
CHEMBL409,CHEMBL1871,CHEMBL3624233,7.19,=,Ki
CHEMBL409,CHEMBL1871,CHEMBL3624234,6.76,=,IC50
CHEMBL36,CHEMBL202,CHEMBL4054599,6.33,=,Ki
CHEMBL406,CHEMBL3969,CHEMBL4187348,9.34,=,Kd
CHEMBL406,CHEMBL4789,CHEMBL4187347,8.16,=,Kd
CHEMBL406,CHEMBL3969,CHEMBL4187336,7.23,=,Kd
CHEMBL406,CHEMBL4789,CHEMBL4187335,6.17,=,Kd
CHEMBL41,CHEMBL224,CHEMBL4611413,6.15,=,IC50
CHEMBL41,CHEMBL225,CHEMBL4611415,6.8,=,IC50
CHEMBL41,CHEMBL228,CHEMBL4611416,8.4,=,IC50
CHEMBL41,CHEMBL228,CHEMBL4723562,8.45,=,IC50
CHEMBL409,CHEMBL1871,CHEMBL4810288,6.61,=,IC50
CHEMBL407,CHEMBL5112,CHEMBL4837569,9.2,=,Ki
CHEMBL407,CHEMBL1962,CHEMBL4837570,9.1,=,Ki
CHEMBL407,CHEMBL4956,CHEMBL4837571,9.1,=,Ki
CHEMBL407,CHEMBL3026,CHEMBL4837572,9.0,=,Ki
CHEMBL407,CHEMBL2579,CHEMBL4837573,6.8,=,Ki
CHEMBL41,CHEMBL228,CHEMBL4842937,7.51,=,Ki
CHEMBL409,CHEMBL1871,CHEMBL5127804,7.96,=,Ki
CHEMBL409,CHEMBL1871,CHEMBL5140953,6.92,=,IC50
CHEMBL409,CHEMBL1871,CHEMBL5140996,6.57,=,IC50
CHEMBL41,CHEMBL228,CHEMBL5228416,7.9,=,IC50
CHEMBL313833,CHEMBL2039,CHEMBL5533931,6.06,=,IC50
CHEMBL35,CHEMBL205,CHEMBL5587982,6.2,=,Kd
CHEMBL406,CHEMBL205,CHEMBL5587982,6.89,=,Kd
CHEMBL35,CHEMBL261,CHEMBL5732037,7.1,=,IC50
CHEMBL409,CHEMBL1871,CHEMBL5737046,7.4,=,Ki
CHEMBL409,CHEMBL1871,CHEMBL5737047,6.64,=,IC50
CHEMBL35,CHEMBL261,CHEMBL6073610,7.21,=,Ki
CHEMBL35,CHEMBL205,CHEMBL6073611,7.19,=,Ki
CHEMBL35,CHEMBL3729,CHEMBL6073613,6.25,=,Ki
CHEMBL35,CHEMBL4789,CHEMBL6073614,6.3,=,Ki
CHEMBL35,CHEMBL3969,CHEMBL6073615,6.49,=,Ki
CHEMBL35,CHEMBL3025,CHEMBL6073616,6.64,=,Ki
CHEMBL35,CHEMBL3025,CHEMBL6073617,6.84,=,Ki
CHEMBL35,CHEMBL2326,CHEMBL6073618,6.29,=,Ki
CHEMBL35,CHEMBL3594,CHEMBL6073619,6.38,=,Ki
CHEMBL35,CHEMBL3242,CHEMBL6073620,6.58,=,Ki
CHEMBL46,CHEMBL240,CHEMBL766814,6.09,=,IC50
CHEMBL46,CHEMBL240,CHEMBL954102,6.09,=,IC50
CHEMBL46,CHEMBL1899,CHEMBL1274533,8.47,=,Ki
CHEMBL46,CHEMBL240,CHEMBL1274536,6.4,=,IC50
CHEMBL46,CHEMBL240,CHEMBL1676103,6.09,=,IC50
CHEMBL435,CHEMBL261,CHEMBL1693485,6.48,=,Ki
CHEMBL435,CHEMBL205,CHEMBL1693486,6.54,=,Ki
CHEMBL435,CHEMBL261,CHEMBL1815987,6.48,=,Ki
CHEMBL435,CHEMBL205,CHEMBL1815988,6.54,=,Ki
CHEMBL469,CHEMBL221,CHEMBL1909130,7.89,=,IC50
CHEMBL435,CHEMBL261,CHEMBL1947440,6.48,=,Ki
CHEMBL435,CHEMBL205,CHEMBL1947441,6.54,=,Ki
CHEMBL445,CHEMBL3371,CHEMBL2157129,6.67,=,Ki
CHEMBL435,CHEMBL205,CHEMBL2185519,6.54,=,Ki
CHEMBL435,CHEMBL261,CHEMBL2185520,6.48,=,Ki
CHEMBL46,CHEMBL1899,CHEMBL2215843,8.55,=,Ki
CHEMBL46,CHEMBL1743126,CHEMBL2320299,7.52,=,IC50
CHEMBL46,CHEMBL1743127,CHEMBL2320300,6.8,=,IC50
CHEMBL46,CHEMBL1743127,CHEMBL2320304,6.52,=,IC50
CHEMBL46,CHEMBL1743126,CHEMBL2320306,6.8,=,IC50
CHEMBL435,CHEMBL205,CHEMBL2327206,6.54,=,Ki
CHEMBL435,CHEMBL261,CHEMBL2327205,6.48,=,Ki
CHEMBL435,CHEMBL261,CHEMBL2380061,6.48,=,Ki
CHEMBL435,CHEMBL205,CHEMBL2380060,6.54,=,Ki
CHEMBL435,CHEMBL205,CHEMBL3101213,6.54,=,Ki
CHEMBL435,CHEMBL261,CHEMBL3270415,6.48,=,Ki
CHEMBL435,CHEMBL205,CHEMBL3270416,6.54,=,Ki
CHEMBL435,CHEMBL261,CHEMBL3367565,6.48,=,Ki
CHEMBL435,CHEMBL205,CHEMBL3367566,6.54,=,Ki
CHEMBL435,CHEMBL261,CHEMBL3395806,6.48,=,Ki
CHEMBL435,CHEMBL205,CHEMBL3395807,6.54,=,Ki
CHEMBL435,CHEMBL261,CHEMBL3407116,6.48,=,Ki
CHEMBL435,CHEMBL205,CHEMBL3407117,6.54,=,Ki
CHEMBL435,CHEMBL205,CHEMBL3404499,6.54,=,Ki
CHEMBL435,CHEMBL261,CHEMBL3404498,6.48,=,Ki
CHEMBL423,CHEMBL213,CHEMBL3591363,8.8,=,Kd
CHEMBL457,CHEMBL3194,CHEMBL3602658,7.0,=,Kd
CHEMBL435,CHEMBL205,CHEMBL3607055,6.54,=,Ki
CHEMBL435,CHEMBL261,CHEMBL3737169,6.48,=,Ki
CHEMBL435,CHEMBL205,CHEMBL3737170,6.54,=,Ki
CHEMBL435,CHEMBL261,CHEMBL3748430,6.48,=,Ki
CHEMBL435,CHEMBL205,CHEMBL3748431,6.54,=,Ki
CHEMBL435,CHEMBL205,CHEMBL3761241,6.54,=,Ki
CHEMBL435,CHEMBL261,CHEMBL3761242,6.48,=,Ki
CHEMBL435,CHEMBL205,CHEMBL3767548,6.54,=,Ki
CHEMBL435,CHEMBL261,CHEMBL3782909,6.48,=,Ki
CHEMBL435,CHEMBL205,CHEMBL3782910,6.54,=,Ki
CHEMBL435,CHEMBL261,CHEMBL4001625,6.48,=,Ki
CHEMBL435,CHEMBL205,CHEMBL4001626,6.54,=,Ki
CHEMBL469,CHEMBL230,CHEMBL4002927,6.85,=,IC50
CHEMBL435,CHEMBL261,CHEMBL4035750,6.48,=,Ki
CHEMBL435,CHEMBL205,CHEMBL4035751,6.54,=,Ki
CHEMBL435,CHEMBL261,CHEMBL4427978,6.48,=,Ki
CHEMBL435,CHEMBL205,CHEMBL4427979,6.54,=,Ki
CHEMBL46,CHEMBL1833,CHEMBL5346596,8.6,=,Ki
CHEMBL435,CHEMBL205,CHEMBL5587980,6.54,=,Ki
CHEMBL49,CHEMBL217,CHEMBL670667,7.89,=,Ki
CHEMBL473,CHEMBL240,CHEMBL766816,8.0,=,IC50
CHEMBL494,CHEMBL1995,CHEMBL768434,7.57,=,IC50
CHEMBL473,CHEMBL240,CHEMBL766814,8.0,=,IC50
CHEMBL494,CHEMBL1995,CHEMBL768433,7.57,=,IC50
CHEMBL500,CHEMBL214,CHEMBL616120,7.62,=,Ki
CHEMBL500,CHEMBL214,CHEMBL615168,7.57,=,EC50
CHEMBL494,CHEMBL1995,CHEMBL839468,8.19,=,Ki
CHEMBL500,CHEMBL214,CHEMBL884575,6.96,=,Ki
CHEMBL49,CHEMBL214,CHEMBL870197,7.7,=,Ki
CHEMBL49,CHEMBL217,CHEMBL870200,7.89,=,Ki
CHEMBL49,CHEMBL214,CHEMBL868481,7.77,=,Ki
CHEMBL473,CHEMBL240,CHEMBL889315,8.19,=,Ki
CHEMBL473,CHEMBL240,CHEMBL889314,8.11,=,Ki
CHEMBL473,CHEMBL240,CHEMBL889312,8.04,=,IC50
CHEMBL500,CHEMBL214,CHEMBL899647,7.65,=,Ki
CHEMBL500,CHEMBL213,CHEMBL899646,9.28,=,Ki
CHEMBL502,CHEMBL1914,CHEMBL960590,6.03,=,IC50
CHEMBL473,CHEMBL240,CHEMBL954102,8.0,=,IC50
CHEMBL494,CHEMBL1995,CHEMBL947376,8.14,=,Ki
CHEMBL494,CHEMBL1995,CHEMBL947376,7.77,=,IC50
CHEMBL505,CHEMBL231,CHEMBL979834,7.18,=,IC50
CHEMBL49,CHEMBL214,CHEMBL1030618,7.82,=,Ki
CHEMBL473,CHEMBL240,CHEMBL1036648,7.31,=,IC50
CHEMBL473,CHEMBL240,CHEMBL1023674,7.91,=,IC50
CHEMBL480,CHEMBL6113,CHEMBL1738189,6.36,=,IC50
CHEMBL500,CHEMBL246,CHEMBL1833708,6.78,=,Kd
CHEMBL500,CHEMBL213,CHEMBL1833706,8.58,=,Kd
CHEMBL49,CHEMBL214,CHEMBL2215842,7.68,=,Ki
CHEMBL473,CHEMBL240,CHEMBL2330781,8.39,=,IC50
CHEMBL494,CHEMBL1995,CHEMBL2394989,7.89,=,IC50
CHEMBL494,CHEMBL1995,CHEMBL2394933,8.32,=,Ki
CHEMBL494,CHEMBL1995,CHEMBL2394933,8.08,=,IC50
CHEMBL49,CHEMBL214,CHEMBL2406666,7.92,=,Ki
CHEMBL505,CHEMBL231,CHEMBL3106117,8.35,=,Ki
CHEMBL505,CHEMBL231,CHEMBL3106117,9.04,=,Ki
CHEMBL49,CHEMBL214,CHEMBL3240450,7.66,=,Ki
CHEMBL502,CHEMBL1914,CHEMBL3383056,7.7,=,IC50
CHEMBL49,CHEMBL214,CHEMBL3771915,7.7,=,Ki
CHEMBL494,CHEMBL1995,CHEMBL3779740,8.0,=,IC50
CHEMBL473,CHEMBL240,CHEMBL3859699,6.7,=,IC50
CHEMBL502,CHEMBL1914,CHEMBL3869394,6.89,=,IC50
CHEMBL494,CHEMBL1995,CHEMBL3876387,8.0,=,IC50
CHEMBL49,CHEMBL214,CHEMBL3997505,7.46,=,Ki
CHEMBL494,CHEMBL1995,CHEMBL4005267,8.05,=,IC50
CHEMBL494,CHEMBL1995,CHEMBL4005280,8.49,=,Ki
CHEMBL49,CHEMBL214,CHEMBL4037102,8.32,=,Ki
CHEMBL49,CHEMBL217,CHEMBL4037101,6.32,=,Ki
CHEMBL49,CHEMBL214,CHEMBL4148418,7.7,=,Ki
CHEMBL502,CHEMBL4822,CHEMBL4192786,6.77,=,IC50
CHEMBL49,CHEMBL214,CHEMBL4259655,7.7,=,Ki
CHEMBL49,CHEMBL214,CHEMBL4308340,8.4,=,Ki
CHEMBL49,CHEMBL217,CHEMBL4308339,6.32,=,Ki
CHEMBL49,CHEMBL214,CHEMBL4314362,7.68,=,Ki
CHEMBL49,CHEMBL214,CHEMBL4316413,7.46,=,Ki
CHEMBL472,CHEMBL235,CHEMBL4334031,6.18,=,Ki
CHEMBL502,CHEMBL1914,CHEMBL4342662,7.85,=,IC50
CHEMBL49,CHEMBL214,CHEMBL4354011,7.49,=,Ki
CHEMBL49,CHEMBL214,CHEMBL4354011,7.49,=,Ki
CHEMBL49,CHEMBL214,CHEMBL4366764,7.7,=,Ki
CHEMBL49,CHEMBL214,CHEMBL4394031,7.49,=,Ki
CHEMBL502,CHEMBL4822,CHEMBL4433405,6.62,=,IC50
CHEMBL473,CHEMBL240,CHEMBL4612554,7.82,=,IC50
CHEMBL49,CHEMBL3155,CHEMBL4617176,6.08,=,Ki
CHEMBL49,CHEMBL214,CHEMBL4617177,7.3,=,Ki
CHEMBL502,CHEMBL4822,CHEMBL4668050,6.44,=,IC50
CHEMBL49,CHEMBL214,CHEMBL4670397,8.3,=,Ki
CHEMBL49,CHEMBL214,CHEMBL4670403,7.82,=,EC50
CHEMBL49,CHEMBL214,CHEMBL4670407,6.73,=,EC50
CHEMBL502,CHEMBL4822,CHEMBL4703235,6.44,=,IC50
CHEMBL49,CHEMBL214,CHEMBL4707367,8.3,=,Ki
CHEMBL49,CHEMBL214,CHEMBL4707447,7.82,=,EC50
CHEMBL49,CHEMBL214,CHEMBL4707451,6.73,=,EC50
CHEMBL49,CHEMBL214,CHEMBL4772297,7.7,=,Ki
CHEMBL473,CHEMBL240,CHEMBL4774539,7.89,=,IC50
CHEMBL502,CHEMBL1914,CHEMBL4826771,6.93,=,IC50
CHEMBL502,CHEMBL2484,CHEMBL5133661,7.49,=,IC50
CHEMBL49,CHEMBL214,CHEMBL5146493,8.3,=,Ki
CHEMBL502,CHEMBL4822,CHEMBL5241708,7.75,=,IC50
CHEMBL49,CHEMBL214,CHEMBL5336974,7.5,=,Ki
CHEMBL500,CHEMBL234,CHEMBL5442198,6.0,=,Ki
CHEMBL500,CHEMBL214,CHEMBL5442178,6.81,=,Ki
CHEMBL502,CHEMBL4822,CHEMBL5502546,6.64,=,IC50
CHEMBL502,CHEMBL1827,CHEMBL5608453,7.96,=,IC50
CHEMBL49,CHEMBL214,CHEMBL5635422,7.5,=,Ki
CHEMBL473,CHEMBL240,CHEMBL5731991,7.05,=,IC50
CHEMBL49,CHEMBL214,CHEMBL5734911,8.3,=,Ki
CHEMBL49,CHEMBL217,CHEMBL5734913,6.62,=,Ki
CHEMBL502,CHEMBL4822,CHEMBL6105641,6.7,=,IC50
CHEMBL567,CHEMBL3155,CHEMBL619854,7.64,=,Ki
CHEMBL54,CHEMBL234,CHEMBL673838,8.19,=,Ki
CHEMBL54,CHEMBL217,CHEMBL669147,9.8,=,Ki
CHEMBL54,CHEMBL217,CHEMBL669148,9.36,=,Ki
CHEMBL54,CHEMBL217,CHEMBL672184,9.18,=,Ki
CHEMBL54,CHEMBL234,CHEMBL674410,8.56,=,Ki
CHEMBL54,CHEMBL217,CHEMBL670395,8.44,=,Ki
CHEMBL549,CHEMBL228,CHEMBL804588,8.8,=,Ki
CHEMBL54,CHEMBL234,CHEMBL675050,8.66,=,Ki
CHEMBL535,CHEMBL1913,CHEMBL768949,8.7,=,IC50
CHEMBL54,CHEMBL217,CHEMBL672164,8.85,=,Ki
CHEMBL54,CHEMBL234,CHEMBL675896,8.7,=,Ki
CHEMBL54,CHEMBL240,CHEMBL766816,7.5,=,IC50
CHEMBL54,CHEMBL217,CHEMBL651364,9.36,=,Ki
CHEMBL54,CHEMBL234,CHEMBL651365,9.02,=,Ki
CHEMBL54,CHEMBL217,CHEMBL671370,8.85,=,Ki
CHEMBL54,CHEMBL234,CHEMBL674988,8.7,=,Ki
CHEMBL54,CHEMBL217,CHEMBL672173,8.32,=,Ki
CHEMBL54,CHEMBL240,CHEMBL766814,7.52,=,IC50
CHEMBL54,CHEMBL217,CHEMBL839477,8.89,=,Ki
CHEMBL54,CHEMBL234,CHEMBL827141,8.0,=,Ki
CHEMBL54,CHEMBL2056,CHEMBL839544,7.09,=,Ki
CHEMBL54,CHEMBL217,CHEMBL839543,8.66,=,Ki
CHEMBL54,CHEMBL234,CHEMBL839545,8.11,=,Ki
CHEMBL54,CHEMBL1850,CHEMBL839546,7.24,=,Ki
CHEMBL54,CHEMBL4931,CHEMBL829736,6.72,=,Ki
CHEMBL54,CHEMBL217,CHEMBL829120,8.6,=,Ki
CHEMBL54,CHEMBL234,CHEMBL827209,8.36,=,Ki
CHEMBL54,CHEMBL224,CHEMBL829614,6.36,=,Ki
CHEMBL54,CHEMBL217,CHEMBL872394,8.7,=,Ki
CHEMBL535,CHEMBL279,CHEMBL871626,7.75,=,IC50
CHEMBL535,CHEMBL5256,CHEMBL860658,6.05,=,Kd
CHEMBL535,CHEMBL4597,CHEMBL860663,6.89,=,Kd
CHEMBL535,CHEMBL4355,CHEMBL860789,6.92,=,Kd
CHEMBL535,CHEMBL4147,CHEMBL860798,6.43,=,Kd
CHEMBL535,CHEMBL4225,CHEMBL860773,6.72,=,Kd
CHEMBL535,CHEMBL3906,CHEMBL860804,7.24,=,Kd
CHEMBL535,CHEMBL4237,CHEMBL860906,6.6,=,Kd
CHEMBL535,CHEMBL2349,CHEMBL860795,7.41,=,Kd
CHEMBL535,CHEMBL4224,CHEMBL860774,7.0,=,Kd
CHEMBL535,CHEMBL5072,CHEMBL860665,6.02,=,Kd
CHEMBL535,CHEMBL3788,CHEMBL860784,6.42,=,Kd
CHEMBL535,CHEMBL3980,CHEMBL860782,6.66,=,Kd
CHEMBL535,CHEMBL4045,CHEMBL860896,7.28,=,Kd
CHEMBL535,CHEMBL3983,CHEMBL860776,6.64,=,Kd
CHEMBL535,CHEMBL4203,CHEMBL860652,7.1,=,Kd
CHEMBL535,CHEMBL1955,CHEMBL860889,7.46,=,Kd
CHEMBL535,CHEMBL1974,CHEMBL860797,9.1,=,Kd
CHEMBL535,CHEMBL1913,CHEMBL860919,9.68,=,Kd
CHEMBL535,CHEMBL279,CHEMBL860900,9.64,=,Kd
CHEMBL535,CHEMBL1862,CHEMBL859868,6.0,=,Kd
CHEMBL535,CHEMBL3981,CHEMBL860781,6.19,=,Kd
CHEMBL535,CHEMBL1862,CHEMBL859873,6.68,=,Kd
CHEMBL535,CHEMBL1862,CHEMBL859872,6.28,=,Kd
CHEMBL535,CHEMBL1862,CHEMBL861044,6.14,=,Kd
CHEMBL535,CHEMBL1936,CHEMBL860918,9.15,=,Kd
CHEMBL535,CHEMBL1862,CHEMBL859871,6.06,=,Kd
CHEMBL535,CHEMBL2777,CHEMBL860800,7.24,=,Kd
CHEMBL535,CHEMBL4852,CHEMBL860642,7.11,=,Kd
CHEMBL535,CHEMBL4598,CHEMBL860661,7.0,=,Kd
CHEMBL535,CHEMBL3830,CHEMBL860786,6.89,=,Kd
CHEMBL535,CHEMBL2468,CHEMBL860917,6.52,=,Kd
CHEMBL535,CHEMBL2345,CHEMBL860796,7.26,=,Kd
CHEMBL535,CHEMBL3831,CHEMBL860785,6.5,=,Kd
CHEMBL535,CHEMBL4522,CHEMBL860646,7.42,=,Kd
CHEMBL535,CHEMBL3123,CHEMBL860909,6.33,=,Kd
CHEMBL535,CHEMBL4004,CHEMBL860897,7.16,=,Kd
CHEMBL535,CHEMBL3935,CHEMBL860787,6.51,=,Kd
CHEMBL535,CHEMBL2835,CHEMBL860904,8.04,=,Kd
CHEMBL535,CHEMBL4525,CHEMBL859487,7.68,=,Kd
CHEMBL535,CHEMBL1981,CHEMBL859866,6.75,=,Kd
CHEMBL535,CHEMBL2073,CHEMBL859642,6.62,=,Kd
CHEMBL535,CHEMBL4454,CHEMBL860637,6.54,=,Kd
CHEMBL535,CHEMBL2742,CHEMBL860801,6.52,=,Kd
CHEMBL535,CHEMBL3938,CHEMBL860783,6.44,=,Kd
CHEMBL535,CHEMBL3835,CHEMBL860668,6.3,=,Kd
CHEMBL535,CHEMBL4142,CHEMBL860912,6.28,=,Kd
CHEMBL535,CHEMBL3905,CHEMBL860805,6.27,=,Kd
CHEMBL535,CHEMBL2695,CHEMBL860898,6.21,=,Kd
CHEMBL535,CHEMBL3829,CHEMBL861045,6.12,=,Kd
CHEMBL535,CHEMBL2971,CHEMBL860903,6.03,=,Kd
CHEMBL535,CHEMBL5258,CHEMBL860656,6.0,=,Kd
CHEMBL553,CHEMBL1862,CHEMBL859872,6.14,=,Kd
CHEMBL553,CHEMBL1862,CHEMBL859869,6.55,=,Kd
CHEMBL553,CHEMBL3981,CHEMBL860781,7.08,=,Kd
CHEMBL553,CHEMBL1862,CHEMBL861044,6.27,=,Kd
CHEMBL553,CHEMBL1862,CHEMBL859868,6.11,=,Kd
CHEMBL553,CHEMBL5014,CHEMBL860788,6.39,=,Kd
CHEMBL553,CHEMBL1862,CHEMBL859871,6.16,=,Kd
CHEMBL553,CHEMBL1862,CHEMBL859873,6.22,=,Kd
CHEMBL553,CHEMBL4526,CHEMBL859486,6.03,=,Kd
CHEMBL553,CHEMBL4355,CHEMBL860789,7.4,=,Kd
CHEMBL54,CHEMBL234,CHEMBL859710,7.8,=,Ki
CHEMBL553,CHEMBL1824,CHEMBL862513,6.29,=,IC50
CHEMBL54,CHEMBL240,CHEMBL863591,6.29,=,Ki
CHEMBL54,CHEMBL234,CHEMBL912015,8.08,=,Ki
CHEMBL54,CHEMBL217,CHEMBL913685,8.95,=,Ki
CHEMBL535,CHEMBL279,CHEMBL887535,7.75,=,IC50
CHEMBL54,CHEMBL217,CHEMBL894060,8.7,=,Ki
CHEMBL54,CHEMBL234,CHEMBL895393,7.8,=,Ki
CHEMBL54,CHEMBL217,CHEMBL895394,8.59,=,Ki
CHEMBL54,CHEMBL217,CHEMBL895618,8.3,=,Ki
CHEMBL54,CHEMBL234,CHEMBL895619,8.8,=,Ki
CHEMBL54,CHEMBL224,CHEMBL895616,7.0,=,Ki
CHEMBL54,CHEMBL3155,CHEMBL895625,6.5,=,Ki
CHEMBL54,CHEMBL217,CHEMBL892631,8.48,=,Ki
CHEMBL54,CHEMBL234,CHEMBL892633,8.19,=,Ki
CHEMBL54,CHEMBL224,CHEMBL923069,6.78,=,Ki
CHEMBL54,CHEMBL217,CHEMBL923071,9.22,=,Ki
CHEMBL535,CHEMBL279,CHEMBL924778,7.52,=,IC50
CHEMBL535,CHEMBL279,CHEMBL924779,7.6,=,IC50
CHEMBL571,CHEMBL221,CHEMBL997884,6.48,=,IC50
CHEMBL571,CHEMBL230,CHEMBL997885,6.16,=,IC50
CHEMBL54,CHEMBL240,CHEMBL954169,6.92,=,Ki
CHEMBL54,CHEMBL240,CHEMBL1027667,7.57,=,IC50
CHEMBL54,CHEMBL240,CHEMBL1027667,7.57,=,IC50
CHEMBL549,CHEMBL228,CHEMBL964690,8.36,=,Ki
CHEMBL549,CHEMBL228,CHEMBL964691,7.48,=,Ki
CHEMBL54,CHEMBL240,CHEMBL954102,7.52,=,IC50
CHEMBL54,CHEMBL217,CHEMBL1027240,9.22,=,Ki
CHEMBL54,CHEMBL224,CHEMBL1026421,6.78,=,Ki
CHEMBL54,CHEMBL217,CHEMBL1034994,8.38,=,Ki
CHEMBL54,CHEMBL217,CHEMBL938625,8.38,=,Ki
CHEMBL54,CHEMBL217,CHEMBL983536,8.29,=,Ki
CHEMBL54,CHEMBL231,CHEMBL992748,6.36,=,Ki
CHEMBL54,CHEMBL234,CHEMBL992744,8.6,=,Ki
CHEMBL54,CHEMBL2056,CHEMBL992741,6.92,=,Ki
CHEMBL549,CHEMBL228,CHEMBL1001385,8.36,=,Ki
CHEMBL549,CHEMBL228,CHEMBL1001386,7.48,=,Ki
CHEMBL54,CHEMBL217,CHEMBL992743,8.85,=,Ki
CHEMBL54,CHEMBL224,CHEMBL992750,6.92,=,Ki
CHEMBL54,CHEMBL217,CHEMBL1033197,8.96,=,Ki
CHEMBL54,CHEMBL234,CHEMBL1033196,8.26,=,Ki
CHEMBL54,CHEMBL240,CHEMBL1023674,7.55,=,IC50
CHEMBL553,CHEMBL1974,CHEMBL1063729,6.09,=,Kd
CHEMBL535,CHEMBL1974,CHEMBL1063729,9.0,=,Kd
CHEMBL553,CHEMBL1974,CHEMBL1061073,6.3,=,Kd
CHEMBL535,CHEMBL1974,CHEMBL1061073,8.62,=,Kd
CHEMBL535,CHEMBL1955,CHEMBL1060246,7.3,=,Kd
CHEMBL535,CHEMBL2999,CHEMBL1062779,7.8,=,Kd
CHEMBL535,CHEMBL4004,CHEMBL1061153,8.26,=,Kd
CHEMBL535,CHEMBL5426,CHEMBL1051352,7.82,=,Kd
CHEMBL535,CHEMBL5314,CHEMBL1051260,7.31,=,Kd
CHEMBL535,CHEMBL279,CHEMBL1051261,8.82,=,Kd
CHEMBL535,CHEMBL2073,CHEMBL1051262,6.92,=,Kd
CHEMBL535,CHEMBL5552,CHEMBL1051263,6.54,=,Kd
CHEMBL535,CHEMBL5667,CHEMBL1062784,7.41,=,Kd
CHEMBL535,CHEMBL5469,CHEMBL1061158,7.09,=,Kd
CHEMBL535,CHEMBL4224,CHEMBL1050838,7.66,=,Kd
CHEMBL535,CHEMBL5520,CHEMBL1063703,6.26,=,Kd
CHEMBL535,CHEMBL2828,CHEMBL1050829,7.82,=,Kd
CHEMBL535,CHEMBL4937,CHEMBL1050834,7.89,=,Kd
CHEMBL535,CHEMBL2543,CHEMBL1063704,6.96,=,Kd
CHEMBL535,CHEMBL5388,CHEMBL1061931,6.13,=,Kd
CHEMBL535,CHEMBL5404,CHEMBL1061984,6.48,=,Kd
CHEMBL535,CHEMBL4898,CHEMBL1062875,6.23,=,Kd
CHEMBL535,CHEMBL3983,CHEMBL1061934,7.2,=,Kd
CHEMBL535,CHEMBL5084,CHEMBL1051284,6.62,=,Kd
CHEMBL535,CHEMBL3629,CHEMBL1060241,7.09,=,Kd
CHEMBL535,CHEMBL4070,CHEMBL1061141,6.43,=,Kd
CHEMBL535,CHEMBL3123,CHEMBL1053760,6.82,=,Kd
CHEMBL535,CHEMBL2468,CHEMBL1060181,7.0,=,Kd
CHEMBL535,CHEMBL3980,CHEMBL1060189,6.96,=,Kd
CHEMBL535,CHEMBL5606,CHEMBL1051288,7.42,=,Kd
CHEMBL535,CHEMBL5600,CHEMBL1063802,6.39,=,Kd
CHEMBL535,CHEMBL3587,CHEMBL1061906,6.89,=,Kd
CHEMBL535,CHEMBL2964,CHEMBL1061079,6.96,=,Kd
CHEMBL535,CHEMBL4578,CHEMBL1063803,6.46,=,Kd
CHEMBL553,CHEMBL4718,CHEMBL1063804,6.16,=,Kd
CHEMBL535,CHEMBL3830,CHEMBL1037546,7.96,=,Kd
CHEMBL553,CHEMBL1862,CHEMBL1061129,6.51,=,Kd
CHEMBL535,CHEMBL1862,CHEMBL1061129,6.08,=,Kd
CHEMBL553,CHEMBL1862,CHEMBL1063789,6.19,=,Kd
CHEMBL535,CHEMBL4598,CHEMBL1061178,7.72,=,Kd
CHEMBL535,CHEMBL5941,CHEMBL1063806,6.47,=,Kd
CHEMBL535,CHEMBL3234,CHEMBL1063730,6.06,=,Kd
CHEMBL535,CHEMBL1981,CHEMBL1060195,6.3,=,Kd
CHEMBL535,CHEMBL5483,CHEMBL1061175,6.37,=,Kd
CHEMBL553,CHEMBL1862,CHEMBL1060174,6.64,=,Kd
CHEMBL535,CHEMBL1862,CHEMBL1060174,6.0,=,Kd
CHEMBL553,CHEMBL1862,CHEMBL1062829,6.6,=,Kd
CHEMBL553,CHEMBL1862,CHEMBL1062830,6.72,=,Kd
CHEMBL535,CHEMBL1862,CHEMBL1062830,6.05,=,Kd
CHEMBL553,CHEMBL1862,CHEMBL1051277,6.72,=,Kd
CHEMBL535,CHEMBL1862,CHEMBL1051277,6.85,=,Kd
CHEMBL553,CHEMBL1862,CHEMBL1061130,6.8,=,Kd
CHEMBL535,CHEMBL1862,CHEMBL1061130,6.02,=,Kd
CHEMBL535,CHEMBL5081,CHEMBL1062842,6.03,=,Kd
CHEMBL535,CHEMBL2959,CHEMBL1063712,7.89,=,Kd
CHEMBL535,CHEMBL2835,CHEMBL1057717,7.31,=,Kd
CHEMBL535,CHEMBL2971,CHEMBL1063801,6.39,=,Kd
CHEMBL553,CHEMBL2148,CHEMBL1051335,6.03,=,Kd
CHEMBL535,CHEMBL1936,CHEMBL1060197,9.43,=,Kd
CHEMBL535,CHEMBL5975,CHEMBL1051258,7.46,=,Kd
CHEMBL535,CHEMBL5699,CHEMBL1061982,6.24,=,Kd
CHEMBL535,CHEMBL4375,CHEMBL1051313,6.6,=,Kd
CHEMBL535,CHEMBL5668,CHEMBL1061928,6.72,=,Kd
CHEMBL535,CHEMBL6005,CHEMBL1061983,7.77,=,Kd
CHEMBL553,CHEMBL5334,CHEMBL1062788,6.2,=,Kd
CHEMBL535,CHEMBL5334,CHEMBL1062788,6.17,=,Kd
CHEMBL553,CHEMBL5260,CHEMBL1061932,6.24,=,Kd
CHEMBL535,CHEMBL1841,CHEMBL1061899,6.28,=,Kd
CHEMBL553,CHEMBL4355,CHEMBL1062777,8.51,=,Kd
CHEMBL535,CHEMBL4355,CHEMBL1062777,7.7,=,Kd
CHEMBL535,CHEMBL1936,CHEMBL1060198,6.42,=,Kd
CHEMBL535,CHEMBL1936,CHEMBL1051336,9.55,=,Kd
CHEMBL535,CHEMBL1936,CHEMBL1061901,9.68,=,Kd
CHEMBL535,CHEMBL4247,CHEMBL1050837,6.77,=,Kd
CHEMBL535,CHEMBL4045,CHEMBL1060175,7.72,=,Kd
CHEMBL535,CHEMBL2116,CHEMBL1060176,7.05,=,Kd
CHEMBL535,CHEMBL1936,CHEMBL1061077,9.39,=,Kd
CHEMBL535,CHEMBL6167,CHEMBL1062843,6.2,=,Kd
CHEMBL535,CHEMBL5907,CHEMBL1060249,6.34,=,Kd
CHEMBL553,CHEMBL3981,CHEMBL1051338,7.72,=,Kd
CHEMBL535,CHEMBL3981,CHEMBL1051338,7.72,=,Kd
CHEMBL553,CHEMBL5627,CHEMBL1061078,6.05,=,Kd
CHEMBL553,CHEMBL3905,CHEMBL1037544,6.28,=,Kd
CHEMBL535,CHEMBL3905,CHEMBL1037544,6.57,=,Kd
CHEMBL535,CHEMBL4524,CHEMBL1051348,6.19,=,Kd
CHEMBL535,CHEMBL4597,CHEMBL1051303,6.82,=,Kd
CHEMBL535,CHEMBL4525,CHEMBL1061142,9.0,=,Kd
CHEMBL535,CHEMBL5547,CHEMBL1060235,6.51,=,Kd
CHEMBL535,CHEMBL5784,CHEMBL1060177,7.32,=,Kd
CHEMBL535,CHEMBL2007,CHEMBL1062783,9.1,=,Kd
CHEMBL535,CHEMBL1913,CHEMBL1051304,10.12,=,Kd
CHEMBL535,CHEMBL2349,CHEMBL1037549,8.23,=,Kd
CHEMBL535,CHEMBL5749,CHEMBL1061176,7.8,=,Kd
CHEMBL535,CHEMBL5432,CHEMBL1063715,6.75,=,Kd
CHEMBL535,CHEMBL2185,CHEMBL1062834,6.42,=,Kd
CHEMBL535,CHEMBL4895,CHEMBL1060237,8.05,=,Kd
CHEMBL535,CHEMBL4522,CHEMBL1063698,8.26,=,Kd
CHEMBL553,CHEMBL2250,CHEMBL1063791,6.72,=,Kd
CHEMBL535,CHEMBL2250,CHEMBL1063791,7.19,=,Kd
CHEMBL535,CHEMBL5467,CHEMBL1061133,6.24,=,Kd
CHEMBL535,CHEMBL5073,CHEMBL1052133,6.29,=,Kd
CHEMBL535,CHEMBL6166,CHEMBL1037548,6.85,=,Kd
CHEMBL535,CHEMBL4852,CHEMBL1061903,7.39,=,Kd
CHEMBL535,CHEMBL3831,CHEMBL1049903,6.51,=,Kd
CHEMBL535,CHEMBL5331,CHEMBL1037553,7.58,=,Kd
CHEMBL535,CHEMBL5258,CHEMBL1060178,6.36,=,Kd
CHEMBL535,CHEMBL4147,CHEMBL1062835,7.1,=,Kd
CHEMBL535,CHEMBL2801,CHEMBL1063792,6.38,=,Kd
CHEMBL535,CHEMBL3829,CHEMBL1061137,6.16,=,Kd
CHEMBL535,CHEMBL2494,CHEMBL1060179,6.05,=,Kd
CHEMBL535,CHEMBL5256,CHEMBL1062836,6.38,=,Kd
CHEMBL535,CHEMBL4708,CHEMBL1063805,7.25,=,Kd
CHEMBL535,CHEMBL5082,CHEMBL1062845,7.2,=,Kd
CHEMBL535,CHEMBL5684,CHEMBL1051339,6.31,=,Kd
CHEMBL535,CHEMBL2428,CHEMBL1050836,6.55,=,Kd
CHEMBL553,CHEMBL2777,CHEMBL1061160,6.01,=,Kd
CHEMBL535,CHEMBL4630,CHEMBL1060185,6.52,=,Kd
CHEMBL553,CHEMBL5579,CHEMBL1062838,6.17,=,Kd
CHEMBL535,CHEMBL4225,CHEMBL1061139,7.7,=,Kd
CHEMBL535,CHEMBL4203,CHEMBL1061140,7.54,=,Kd
CHEMBL535,CHEMBL1844,CHEMBL1063702,8.7,=,Kd
CHEMBL535,CHEMBL2426,CHEMBL1060186,6.03,=,Kd
CHEMBL535,CHEMBL2558,CHEMBL1044652,6.92,=,Kd
CHEMBL535,CHEMBL2468,CHEMBL1060187,7.66,=,Kd
CHEMBL535,CHEMBL5683,CHEMBL1063705,6.43,=,Kd
CHEMBL535,CHEMBL6123,CHEMBL1060188,6.96,=,Kd
CHEMBL535,CHEMBL2777,CHEMBL1061160,7.31,=,Kd
CHEMBL535,CHEMBL4223,CHEMBL1060247,6.28,=,Kd
CHEMBL553,CHEMBL3935,CHEMBL1060236,6.22,=,Kd
CHEMBL535,CHEMBL3935,CHEMBL1060236,6.66,=,Kd
CHEMBL535,CHEMBL2493,CHEMBL1060239,6.01,=,Kd
CHEMBL535,CHEMBL3055,CHEMBL1063700,6.48,=,Kd
CHEMBL535,CHEMBL5698,CHEMBL1062871,6.82,=,Kd
CHEMBL553,CHEMBL267,CHEMBL1061927,6.16,=,Kd
CHEMBL535,CHEMBL3938,CHEMBL1051353,6.6,=,Kd
CHEMBL553,CHEMBL4526,CHEMBL1060244,6.36,=,Kd
CHEMBL535,CHEMBL4526,CHEMBL1060244,6.02,=,Kd
CHEMBL553,CHEMBL4134,CHEMBL1063708,6.03,=,Kd
CHEMBL553,CHEMBL5274,CHEMBL1061930,6.07,=,Kd
CHEMBL535,CHEMBL3384,CHEMBL1051253,6.15,=,Kd
CHEMBL535,CHEMBL3788,CHEMBL1060341,6.72,=,Kd
CHEMBL535,CHEMBL5072,CHEMBL1060191,6.32,=,Kd
CHEMBL535,CHEMBL3863,CHEMBL1061155,6.51,=,Kd
CHEMBL535,CHEMBL4900,CHEMBL1061156,6.42,=,Kd
CHEMBL535,CHEMBL2595,CHEMBL1062866,6.55,=,Kd
CHEMBL535,CHEMBL5785,CHEMBL1062867,6.17,=,Kd
CHEMBL535,CHEMBL2695,CHEMBL1061093,6.36,=,Kd
CHEMBL535,CHEMBL2041,CHEMBL1061179,7.92,=,Kd
CHEMBL553,CHEMBL2041,CHEMBL1051257,6.48,=,Kd
CHEMBL535,CHEMBL2041,CHEMBL1051257,7.72,=,Kd
CHEMBL535,CHEMBL4142,CHEMBL1048161,6.24,=,Kd
CHEMBL535,CHEMBL2742,CHEMBL1063711,6.54,=,Kd
CHEMBL535,CHEMBL4454,CHEMBL1050840,6.57,=,Kd
CHEMBL535,CHEMBL1868,CHEMBL1061174,8.74,=,Kd
CHEMBL535,CHEMBL1974,CHEMBL1061898,9.33,=,Kd
CHEMBL553,CHEMBL1974,CHEMBL1060194,6.46,=,Kd
CHEMBL535,CHEMBL1974,CHEMBL1060194,8.37,=,Kd
CHEMBL553,CHEMBL1974,CHEMBL1050826,6.89,=,Kd
CHEMBL535,CHEMBL1974,CHEMBL1050826,8.64,=,Kd
CHEMBL535,CHEMBL5464,CHEMBL1062869,6.43,=,Kd
CHEMBL553,CHEMBL5014,CHEMBL1051312,6.17,=,Kd
CHEMBL535,CHEMBL3906,CHEMBL1060342,7.77,=,Kd
CHEMBL535,CHEMBL2345,CHEMBL1062870,6.24,=,Kd
CHEMBL535,CHEMBL3125,CHEMBL1051259,7.02,=,Kd
CHEMBL535,CHEMBL4237,CHEMBL1037545,7.55,=,Kd
CHEMBL54,CHEMBL217,CHEMBL1059279,9.22,=,Ki
CHEMBL54,CHEMBL224,CHEMBL1059281,6.78,=,Ki
CHEMBL54,CHEMBL2056,CHEMBL1059283,8.21,=,Ki
CHEMBL54,CHEMBL234,CHEMBL1059284,7.94,=,Ki
CHEMBL553,CHEMBL1824,CHEMBL1065785,6.8,=,IC50
CHEMBL54,CHEMBL217,CHEMBL1066831,8.72,=,Ki
CHEMBL54,CHEMBL217,CHEMBL1066832,9.0,=,Ki
CHEMBL535,CHEMBL1844,CHEMBL1067459,6.81,=,IC50
CHEMBL553,CHEMBL1824,CHEMBL1064821,6.8,=,IC50
CHEMBL553,CHEMBL1824,CHEMBL1064830,6.92,=,IC50
CHEMBL54,CHEMBL217,CHEMBL1110025,8.52,=,Ki
CHEMBL54,CHEMBL234,CHEMBL1176479,7.9,=,Ki
CHEMBL54,CHEMBL217,CHEMBL1176478,8.96,=,Ki
CHEMBL553,CHEMBL1824,CHEMBL1177208,6.8,=,IC50
CHEMBL535,CHEMBL1974,CHEMBL1244697,7.47,=,IC50
CHEMBL535,CHEMBL1974,CHEMBL1244698,8.0,=,IC50
CHEMBL535,CHEMBL1862,CHEMBL1244708,6.05,=,Kd
CHEMBL535,CHEMBL1862,CHEMBL1244709,6.85,=,Kd
CHEMBL535,CHEMBL1862,CHEMBL1244710,6.02,=,Kd
CHEMBL535,CHEMBL1974,CHEMBL1244846,8.37,=,Kd
CHEMBL535,CHEMBL1974,CHEMBL1244847,8.64,=,Kd
CHEMBL535,CHEMBL1974,CHEMBL1244849,9.66,=,Kd
CHEMBL535,CHEMBL1974,CHEMBL1244850,8.62,=,Kd
CHEMBL535,CHEMBL1936,CHEMBL1244473,6.42,=,Kd
CHEMBL535,CHEMBL1936,CHEMBL1244474,8.66,=,Kd
CHEMBL535,CHEMBL1936,CHEMBL1244475,9.39,=,Kd
CHEMBL535,CHEMBL1936,CHEMBL1244476,9.55,=,Kd
CHEMBL535,CHEMBL1936,CHEMBL1244477,9.68,=,Kd
CHEMBL535,CHEMBL2041,CHEMBL1244952,7.72,=,Kd
CHEMBL535,CHEMBL2041,CHEMBL1244953,8.06,=,Kd
CHEMBL535,CHEMBL2041,CHEMBL1244954,8.24,=,Kd
CHEMBL535,CHEMBL1862,CHEMBL1244706,6.0,=,Kd
CHEMBL535,CHEMBL1974,CHEMBL1261354,7.8,=,IC50
CHEMBL535,CHEMBL1936,CHEMBL1261355,7.82,=,IC50
CHEMBL535,CHEMBL279,CHEMBL1261353,7.28,=,IC50
CHEMBL54,CHEMBL217,CHEMBL1261459,8.96,=,Ki
CHEMBL54,CHEMBL217,CHEMBL1261460,9.06,=,Ki
CHEMBL54,CHEMBL234,CHEMBL1261461,8.12,=,Ki
CHEMBL535,CHEMBL279,CHEMBL1285788,7.82,=,IC50
CHEMBL535,CHEMBL1913,CHEMBL1285789,8.05,=,IC50
CHEMBL535,CHEMBL279,CHEMBL1285790,6.86,=,IC50
CHEMBL54,CHEMBL240,CHEMBL1676103,7.57,=,IC50
CHEMBL549,CHEMBL228,CHEMBL1676765,7.72,=,IC50
CHEMBL534,CHEMBL231,CHEMBL1775250,9.0,=,IC50
CHEMBL54,CHEMBL2056,CHEMBL1781412,7.6,=,Ki
CHEMBL54,CHEMBL1850,CHEMBL1781413,7.32,=,Ki
CHEMBL54,CHEMBL217,CHEMBL1781414,9.0,=,Ki
CHEMBL54,CHEMBL234,CHEMBL1781415,7.54,=,Ki
CHEMBL535,CHEMBL1936,CHEMBL1787525,9.43,=,Kd
CHEMBL535,CHEMBL1936,CHEMBL1787527,6.42,=,Kd
CHEMBL54,CHEMBL217,CHEMBL1803210,8.82,=,Ki
CHEMBL54,CHEMBL217,CHEMBL1803211,8.96,=,Ki
CHEMBL54,CHEMBL234,CHEMBL1803212,8.2,=,Ki
CHEMBL535,CHEMBL279,CHEMBL1821203,8.24,=,IC50
CHEMBL535,CHEMBL279,CHEMBL1821204,8.26,=,IC50
CHEMBL535,CHEMBL279,CHEMBL1821205,6.83,=,IC50
CHEMBL535,CHEMBL279,CHEMBL1821206,7.01,=,IC50
CHEMBL535,CHEMBL279,CHEMBL1821207,8.54,=,Ki
CHEMBL553,CHEMBL1824,CHEMBL1831701,6.8,=,IC50
CHEMBL521,CHEMBL221,CHEMBL1909130,6.67,=,IC50
CHEMBL563,CHEMBL221,CHEMBL1909130,7.68,=,IC50
CHEMBL571,CHEMBL221,CHEMBL1909130,7.85,=,IC50
CHEMBL535,CHEMBL279,CHEMBL1920170,7.92,=,IC50
CHEMBL54,CHEMBL234,CHEMBL1920025,8.2,=,Ki
CHEMBL54,CHEMBL217,CHEMBL1920024,8.96,=,Ki
CHEMBL54,CHEMBL217,CHEMBL1920023,8.82,=,Ki
CHEMBL54,CHEMBL234,CHEMBL1944111,8.34,=,Ki
CHEMBL54,CHEMBL231,CHEMBL1944117,6.36,=,Ki
CHEMBL553,CHEMBL1824,CHEMBL1958797,6.85,=,IC50
CHEMBL535,CHEMBL1936,CHEMBL1958983,8.1,=,IC50
CHEMBL54,CHEMBL217,CHEMBL2060138,8.52,=,Ki
CHEMBL535,CHEMBL279,CHEMBL2066138,8.05,=,Ki
CHEMBL54,CHEMBL240,CHEMBL2066265,6.64,=,IC50
CHEMBL54,CHEMBL1850,CHEMBL2208719,7.42,=,Ki
CHEMBL54,CHEMBL234,CHEMBL2208722,7.98,=,Ki
CHEMBL54,CHEMBL217,CHEMBL2208721,8.55,=,Ki
CHEMBL54,CHEMBL2056,CHEMBL2208723,6.97,=,Ki
CHEMBL553,CHEMBL1824,CHEMBL2320919,6.8,=,IC50
CHEMBL553,CHEMBL1824,CHEMBL2327214,6.8,=,IC50
CHEMBL549,CHEMBL228,CHEMBL2340407,7.8,=,Ki
CHEMBL521,CHEMBL221,CHEMBL2383401,6.54,=,IC50
CHEMBL567,CHEMBL217,CHEMBL2390217,9.52,=,IC50
CHEMBL535,CHEMBL1075104,CHEMBL2398947,7.82,=,IC50
CHEMBL535,CHEMBL1936,CHEMBL2406228,6.58,=,IC50
CHEMBL535,CHEMBL1936,CHEMBL2406230,9.15,=,IC50
CHEMBL535,CHEMBL1862,CHEMBL2406229,6.3,=,IC50
CHEMBL535,CHEMBL1075104,CHEMBL2406186,7.55,=,IC50
CHEMBL553,CHEMBL279,CHEMBL2422667,7.3,=,IC50
CHEMBL535,CHEMBL1936,CHEMBL2434540,8.05,=,IC50
CHEMBL535,CHEMBL1913,CHEMBL2434541,7.97,=,IC50
CHEMBL535,CHEMBL279,CHEMBL2434542,8.4,=,IC50
CHEMBL54,CHEMBL240,CHEMBL3090833,8.0,=,IC50
CHEMBL549,CHEMBL240,CHEMBL3090833,8.0,=,IC50
CHEMBL549,CHEMBL228,CHEMBL3095435,7.05,=,IC50
CHEMBL54,CHEMBL224,CHEMBL3106892,6.78,=,Ki
CHEMBL54,CHEMBL217,CHEMBL3106891,9.22,=,Ki
CHEMBL54,CHEMBL217,CHEMBL3106129,8.45,=,Ki
CHEMBL54,CHEMBL217,CHEMBL3106129,8.46,=,Ki
CHEMBL553,CHEMBL1824,CHEMBL3118713,6.43,=,IC50
CHEMBL553,CHEMBL1824,CHEMBL3226014,6.92,=,IC50
CHEMBL54,CHEMBL217,CHEMBL3222870,9.22,=,Ki
CHEMBL54,CHEMBL224,CHEMBL3222871,6.78,=,Ki
CHEMBL54,CHEMBL217,CHEMBL3239709,8.85,=,Ki
CHEMBL54,CHEMBL234,CHEMBL3239710,8.7,=,Ki
CHEMBL54,CHEMBL217,CHEMBL3265956,9.07,=,Ki
CHEMBL535,CHEMBL1868,CHEMBL3296760,8.7,=,Ki
CHEMBL535,CHEMBL1936,CHEMBL3296768,8.4,=,Ki
CHEMBL535,CHEMBL1913,CHEMBL3296759,8.1,=,Ki
CHEMBL535,CHEMBL279,CHEMBL3296758,8.05,=,Ki
CHEMBL535,CHEMBL1955,CHEMBL3296756,7.77,=,Ki
CHEMBL535,CHEMBL240,CHEMBL3296755,6.3,=,IC50
CHEMBL54,CHEMBL217,CHEMBL3293231,9.15,=,IC50
CHEMBL54,CHEMBL217,CHEMBL3293231,9.15,=,IC50
CHEMBL54,CHEMBL217,CHEMBL3297244,8.4,=,Ki
CHEMBL535,CHEMBL279,CHEMBL3378499,7.52,=,Kd
CHEMBL54,CHEMBL234,CHEMBL3372143,10.22,=,IC50
CHEMBL54,CHEMBL217,CHEMBL3372144,9.8,=,IC50
CHEMBL54,CHEMBL217,CHEMBL3369121,9.09,=,Ki
CHEMBL54,CHEMBL217,CHEMBL3369122,9.07,=,Ki
CHEMBL54,CHEMBL234,CHEMBL3369123,8.59,=,Ki
CHEMBL535,CHEMBL279,CHEMBL3373860,7.4,=,IC50
CHEMBL54,CHEMBL224,CHEMBL3366153,6.92,=,Ki
CHEMBL54,CHEMBL2056,CHEMBL3366155,6.92,=,Ki
CHEMBL54,CHEMBL217,CHEMBL3366156,9.05,=,Ki
CHEMBL54,CHEMBL234,CHEMBL3366157,8.6,=,Ki
CHEMBL54,CHEMBL231,CHEMBL3366162,6.36,=,Ki
CHEMBL54,CHEMBL234,CHEMBL3387741,7.79,=,Ki
CHEMBL553,CHEMBL1824,CHEMBL3375022,6.7,=,IC50
CHEMBL54,CHEMBL217,CHEMBL3413541,8.4,=,Ki
CHEMBL535,CHEMBL2041,CHEMBL3428795,6.66,=,IC50
CHEMBL535,CHEMBL2041,CHEMBL3428926,6.65,=,IC50
CHEMBL553,CHEMBL4355,CHEMBL3428181,8.51,=,Kd
CHEMBL54,CHEMBL217,CHEMBL3626473,9.02,=,Ki
CHEMBL54,CHEMBL234,CHEMBL3626474,8.17,=,Ki
CHEMBL535,CHEMBL279,CHEMBL3636170,7.41,=,IC50
CHEMBL54,CHEMBL224,CHEMBL3705548,7.0,=,Ki
CHEMBL54,CHEMBL217,CHEMBL3707630,9.15,=,Ki
CHEMBL54,CHEMBL231,CHEMBL3707498,6.11,=,Ki
CHEMBL54,CHEMBL229,CHEMBL3707631,7.96,=,Ki
CHEMBL571,CHEMBL230,CHEMBL3745493,7.21,=,IC50
CHEMBL553,CHEMBL1824,CHEMBL3750871,6.39,=,IC50
CHEMBL535,CHEMBL279,CHEMBL3757594,7.1,=,IC50
CHEMBL535,CHEMBL279,CHEMBL3766503,7.75,=,IC50
CHEMBL54,CHEMBL217,CHEMBL3783165,8.02,=,Ki
CHEMBL535,CHEMBL4895,CHEMBL3811326,8.05,=,IC50
CHEMBL535,CHEMBL279,CHEMBL3829138,6.85,=,IC50
CHEMBL535,CHEMBL3830,CHEMBL3991602,6.44,=,Kd
CHEMBL535,CHEMBL4522,CHEMBL3991633,7.06,=,Kd
CHEMBL535,CHEMBL3829,CHEMBL3991642,6.05,=,Kd
CHEMBL535,CHEMBL4224,CHEMBL3991668,6.36,=,Kd
CHEMBL535,CHEMBL4225,CHEMBL3991669,6.04,=,Kd
CHEMBL535,CHEMBL2828,CHEMBL3991675,6.06,=,Kd
CHEMBL535,CHEMBL4937,CHEMBL3991676,6.07,=,Kd
CHEMBL535,CHEMBL1974,CHEMBL3991719,8.7,=,Kd
CHEMBL553,CHEMBL4355,CHEMBL3991722,6.29,=,Kd
CHEMBL535,CHEMBL2835,CHEMBL3991743,6.32,=,Kd
CHEMBL535,CHEMBL6167,CHEMBL3991746,6.13,=,Kd
CHEMBL535,CHEMBL5749,CHEMBL3991764,6.6,=,Kd
CHEMBL535,CHEMBL5432,CHEMBL3991766,6.28,=,Kd
CHEMBL535,CHEMBL6166,CHEMBL3991767,6.57,=,Kd
CHEMBL535,CHEMBL1913,CHEMBL3991817,8.4,=,Kd
CHEMBL535,CHEMBL2349,CHEMBL3991823,6.18,=,Kd
CHEMBL535,CHEMBL2041,CHEMBL3991867,7.48,=,Kd
CHEMBL535,CHEMBL3125,CHEMBL3991874,6.24,=,Kd
CHEMBL553,CHEMBL3981,CHEMBL3991890,6.14,=,Kd
CHEMBL535,CHEMBL2073,CHEMBL3991925,6.12,=,Kd
CHEMBL535,CHEMBL1913,CHEMBL4001103,8.7,=,IC50
CHEMBL535,CHEMBL279,CHEMBL4001102,7.1,=,IC50
CHEMBL549,CHEMBL228,CHEMBL4001852,8.17,=,IC50
CHEMBL535,CHEMBL4203,CHEMBL4003365,7.54,=,Kd
CHEMBL535,CHEMBL4225,CHEMBL4003363,7.7,=,Kd
CHEMBL535,CHEMBL4224,CHEMBL4003362,7.66,=,Kd
CHEMBL535,CHEMBL1974,CHEMBL4007939,7.92,=,IC50
CHEMBL535,CHEMBL1974,CHEMBL4007941,8.6,=,IC50
CHEMBL535,CHEMBL2007,CHEMBL4007942,6.89,=,IC50
CHEMBL535,CHEMBL1936,CHEMBL4007943,6.46,=,IC50
CHEMBL535,CHEMBL240,CHEMBL4007981,6.3,=,IC50
CHEMBL535,CHEMBL1936,CHEMBL4020523,6.21,=,IC50
CHEMBL535,CHEMBL1936,CHEMBL4020522,6.9,=,IC50
CHEMBL535,CHEMBL1936,CHEMBL4020521,7.0,=,IC50
CHEMBL535,CHEMBL1936,CHEMBL4020520,8.96,=,IC50
CHEMBL535,CHEMBL279,CHEMBL4033254,7.1,=,IC50
CHEMBL535,CHEMBL4311,CHEMBL4035579,6.3,=,Ki
CHEMBL535,CHEMBL4524,CHEMBL4035578,6.3,=,Ki
CHEMBL54,CHEMBL217,CHEMBL4041093,8.85,=,Ki
CHEMBL54,CHEMBL217,CHEMBL4044352,9.38,=,Ki
CHEMBL54,CHEMBL217,CHEMBL4044353,9.6,=,Ki
CHEMBL54,CHEMBL234,CHEMBL4044355,8.64,=,Ki
CHEMBL535,CHEMBL4895,CHEMBL4057792,8.05,=,IC50
CHEMBL549,CHEMBL228,CHEMBL4122691,8.2,=,IC50
CHEMBL553,CHEMBL1824,CHEMBL4135135,6.96,=,IC50
CHEMBL553,CHEMBL4355,CHEMBL4145343,8.51,=,Kd
CHEMBL553,CHEMBL5838,CHEMBL4178362,8.0,=,IC50
CHEMBL54,CHEMBL217,CHEMBL4195136,8.23,=,Ki
CHEMBL54,CHEMBL217,CHEMBL4229838,8.7,=,Ki
CHEMBL54,CHEMBL3155,CHEMBL4229837,6.39,=,Ki
CHEMBL54,CHEMBL224,CHEMBL4229834,7.05,=,Ki
CHEMBL535,CHEMBL279,CHEMBL4231547,7.27,=,IC50
CHEMBL535,CHEMBL279,CHEMBL4268024,8.33,=,IC50
CHEMBL553,CHEMBL1824,CHEMBL4274204,7.04,=,IC50
CHEMBL535,CHEMBL3830,CHEMBL4305760,7.96,=,Kd
CHEMBL535,CHEMBL3830,CHEMBL4305756,7.32,=,IC50
CHEMBL535,CHEMBL279,CHEMBL4307050,7.1,=,IC50
CHEMBL535,CHEMBL1974,CHEMBL4315076,7.52,=,IC50
CHEMBL535,CHEMBL1974,CHEMBL4315074,6.6,=,IC50
CHEMBL535,CHEMBL1974,CHEMBL4315075,7.3,=,IC50
CHEMBL535,CHEMBL279,CHEMBL4327493,7.19,=,IC50
CHEMBL54,CHEMBL234,CHEMBL4344299,8.29,=,Ki
CHEMBL54,CHEMBL234,CHEMBL4344299,8.24,=,Ki
CHEMBL54,CHEMBL217,CHEMBL4344297,8.21,=,Ki
CHEMBL54,CHEMBL217,CHEMBL4344297,8.21,=,Ki
CHEMBL54,CHEMBL217,CHEMBL4368000,8.35,=,Ki
CHEMBL54,CHEMBL217,CHEMBL4368222,8.49,=,Ki
CHEMBL535,CHEMBL1936,CHEMBL4379571,7.32,=,IC50
CHEMBL535,CHEMBL1974,CHEMBL4379572,7.51,=,IC50
CHEMBL535,CHEMBL1936,CHEMBL4386485,7.32,=,IC50
CHEMBL535,CHEMBL1936,CHEMBL4386487,7.1,=,IC50
CHEMBL553,CHEMBL4355,CHEMBL4394507,8.51,=,Kd
CHEMBL553,CHEMBL4355,CHEMBL4394509,6.04,=,IC50
CHEMBL535,CHEMBL279,CHEMBL4398894,7.54,=,IC50
CHEMBL54,CHEMBL217,CHEMBL4401065,8.35,=,Ki
CHEMBL535,CHEMBL1974,CHEMBL4401421,8.37,=,Kd
CHEMBL535,CHEMBL1974,CHEMBL4401422,9.0,=,Kd
CHEMBL535,CHEMBL1974,CHEMBL4401425,9.37,=,Kd
CHEMBL54,CHEMBL217,CHEMBL4416273,9.31,=,Kd
CHEMBL54,CHEMBL217,CHEMBL4416273,9.33,=,Ki
CHEMBL553,CHEMBL1824,CHEMBL4432464,6.43,=,IC50
CHEMBL535,CHEMBL279,CHEMBL4433475,7.1,=,IC50
CHEMBL553,CHEMBL1824,CHEMBL4433478,7.19,=,IC50
CHEMBL553,CHEMBL4355,CHEMBL4481522,8.51,=,Kd
CHEMBL553,CHEMBL4355,CHEMBL4610425,8.51,=,Kd
CHEMBL553,CHEMBL1824,CHEMBL4617510,6.29,=,IC50
CHEMBL549,CHEMBL228,CHEMBL4619933,7.87,=,IC50
CHEMBL54,CHEMBL217,CHEMBL4625240,8.25,=,Ki
CHEMBL54,CHEMBL217,CHEMBL4625526,8.25,=,Ki
CHEMBL54,CHEMBL217,CHEMBL4628381,8.71,=,Ki
CHEMBL553,CHEMBL1824,CHEMBL4628614,6.43,=,IC50
CHEMBL553,CHEMBL4355,CHEMBL4667720,8.51,=,Kd
CHEMBL54,CHEMBL217,CHEMBL4685403,8.73,=,Ki
CHEMBL535,CHEMBL279,CHEMBL4711015,7.12,=,IC50
CHEMBL54,CHEMBL217,CHEMBL4723517,9.92,=,Ki
CHEMBL549,CHEMBL228,CHEMBL4723562,8.8,=,Ki
CHEMBL553,CHEMBL4355,CHEMBL4736838,8.51,=,Kd
CHEMBL535,CHEMBL1974,CHEMBL4768827,7.6,=,IC50
CHEMBL535,CHEMBL4045,CHEMBL4769103,6.8,=,IC50
CHEMBL535,CHEMBL2116,CHEMBL4769105,7.21,=,IC50
CHEMBL535,CHEMBL279,CHEMBL4769107,6.34,=,IC50
CHEMBL549,CHEMBL228,CHEMBL4769735,8.52,=,IC50
CHEMBL54,CHEMBL217,CHEMBL4815484,9.58,=,Ki
CHEMBL54,CHEMBL234,CHEMBL4815485,8.95,=,Ki
CHEMBL535,CHEMBL1974,CHEMBL4823733,9.1,=,IC50
CHEMBL535,CHEMBL1974,CHEMBL4823734,9.15,=,IC50
CHEMBL535,CHEMBL1974,CHEMBL4823735,8.85,=,IC50
CHEMBL535,CHEMBL1844,CHEMBL4823737,7.08,=,IC50
CHEMBL535,CHEMBL2007,CHEMBL4823738,7.56,=,IC50
CHEMBL535,CHEMBL1913,CHEMBL4823739,7.98,=,IC50
CHEMBL535,CHEMBL1868,CHEMBL4823740,7.04,=,IC50
CHEMBL535,CHEMBL279,CHEMBL4823741,7.12,=,IC50
CHEMBL54,CHEMBL217,CHEMBL4842092,8.2,=,Ki
CHEMBL54,CHEMBL217,CHEMBL4842092,8.2,=,Ki
CHEMBL54,CHEMBL234,CHEMBL4842098,7.64,=,Ki
CHEMBL54,CHEMBL234,CHEMBL4842098,7.64,=,Ki
CHEMBL549,CHEMBL228,CHEMBL4842938,7.23,=,IC50
CHEMBL567,CHEMBL3577,CHEMBL5031648,6.28,=,IC50
CHEMBL54,CHEMBL217,CHEMBL5046486,8.45,=,Ki
CHEMBL54,CHEMBL234,CHEMBL5046488,8.36,=,Ki
CHEMBL54,CHEMBL224,CHEMBL5046637,7.64,=,Ki
CHEMBL54,CHEMBL217,CHEMBL5046640,8.73,=,Ki
CHEMBL549,CHEMBL228,CHEMBL5047397,8.24,=,IC50
CHEMBL535,CHEMBL1974,CHEMBL5054522,8.33,=,IC50
CHEMBL535,CHEMBL1844,CHEMBL5057528,7.08,=,IC50
CHEMBL535,CHEMBL5784,CHEMBL5096567,7.32,=,IC50
CHEMBL535,CHEMBL3830,CHEMBL5131608,7.35,=,IC50
CHEMBL535,CHEMBL3830,CHEMBL5131609,7.46,=,Kd
CHEMBL553,CHEMBL4355,CHEMBL5131610,7.42,=,IC50
CHEMBL553,CHEMBL4355,CHEMBL5131611,7.68,=,Kd
CHEMBL535,CHEMBL4355,CHEMBL5131962,7.7,=,Kd
CHEMBL553,CHEMBL4355,CHEMBL5131962,8.51,=,Kd
CHEMBL535,CHEMBL3830,CHEMBL5131963,7.96,=,Kd
CHEMBL535,CHEMBL1974,CHEMBL5133774,7.52,=,IC50
CHEMBL535,CHEMBL1974,CHEMBL5133781,6.6,=,IC50
CHEMBL535,CHEMBL1974,CHEMBL5133782,7.3,=,IC50
CHEMBL54,CHEMBL217,CHEMBL5133886,8.58,=,Ki
CHEMBL54,CHEMBL234,CHEMBL5133887,7.87,=,Ki
CHEMBL535,CHEMBL2041,CHEMBL5151901,8.3,=,IC50
CHEMBL535,CHEMBL279,CHEMBL5151911,9.4,=,IC50
CHEMBL535,CHEMBL1913,CHEMBL5151913,8.41,=,IC50
CHEMBL535,CHEMBL1974,CHEMBL5151915,8.6,=,IC50
CHEMBL535,CHEMBL2007,CHEMBL5151928,8.16,=,IC50
CHEMBL535,CHEMBL1974,CHEMBL5151929,8.3,=,IC50
CHEMBL535,CHEMBL5464,CHEMBL5152899,6.43,=,Kd
CHEMBL553,CHEMBL1824,CHEMBL5215095,6.92,=,IC50
CHEMBL535,CHEMBL1974,CHEMBL5230497,7.3,=,IC50
CHEMBL535,CHEMBL1974,CHEMBL5230498,6.6,=,IC50
CHEMBL553,CHEMBL1824,CHEMBL5230832,7.15,=,IC50
CHEMBL54,CHEMBL234,CHEMBL5240508,7.27,=,Ki
CHEMBL535,CHEMBL5467,CHEMBL5252280,6.24,=,Kd
CHEMBL535,CHEMBL1955,CHEMBL5252744,7.62,=,IC50
CHEMBL535,CHEMBL1868,CHEMBL5252745,7.82,=,IC50
CHEMBL535,CHEMBL279,CHEMBL5252748,7.99,=,IC50
CHEMBL535,CHEMBL279,CHEMBL5252777,8.06,=,IC50
CHEMBL535,CHEMBL3830,CHEMBL5321736,7.96,=,Kd
CHEMBL535,CHEMBL1974,CHEMBL5327607,7.6,=,IC50
CHEMBL54,CHEMBL217,CHEMBL5335368,8.02,=,Ki
CHEMBL535,CHEMBL279,CHEMBL5352293,7.4,=,IC50
CHEMBL535,CHEMBL279,CHEMBL5358897,7.46,=,IC50
CHEMBL54,CHEMBL217,CHEMBL5362774,8.13,=,Ki
CHEMBL571,CHEMBL221,CHEMBL5370733,8.7,=,IC50
CHEMBL571,CHEMBL230,CHEMBL5370734,7.58,=,IC50
CHEMBL535,CHEMBL1075104,CHEMBL5371859,7.72,=,IC50
CHEMBL535,CHEMBL1075104,CHEMBL5371860,7.1,=,IC50
CHEMBL535,CHEMBL1913,CHEMBL5380336,6.46,=,IC50
CHEMBL535,CHEMBL1936,CHEMBL5381728,9.1,=,IC50
CHEMBL535,CHEMBL1936,CHEMBL5381729,7.57,=,IC50
CHEMBL535,CHEMBL1936,CHEMBL5381730,7.16,=,IC50
CHEMBL526,CHEMBL4794,CHEMBL5386888,8.3,=,IC50
CHEMBL535,CHEMBL5404,CHEMBL5501744,6.48,=,Kd
CHEMBL535,CHEMBL5404,CHEMBL5501744,6.0,=,IC50
CHEMBL535,CHEMBL5388,CHEMBL5501745,6.13,=,Kd
CHEMBL535,CHEMBL3830,CHEMBL5506163,7.96,=,Kd
CHEMBL535,CHEMBL3830,CHEMBL5507791,7.96,=,Kd
CHEMBL535,CHEMBL3830,CHEMBL5507799,7.11,=,IC50
CHEMBL535,CHEMBL2185,CHEMBL5508246,6.42,=,Kd
CHEMBL535,CHEMBL279,CHEMBL5509606,6.86,=,IC50
CHEMBL535,CHEMBL279,CHEMBL5509693,6.86,=,IC50
CHEMBL535,CHEMBL279,CHEMBL5513343,7.12,=,IC50
CHEMBL571,CHEMBL230,CHEMBL5524644,6.79,=,IC50
CHEMBL54,CHEMBL1850,CHEMBL5527103,6.83,=,Ki
CHEMBL54,CHEMBL2056,CHEMBL5527104,6.92,=,Ki
CHEMBL54,CHEMBL217,CHEMBL5527105,7.98,=,Ki
CHEMBL54,CHEMBL234,CHEMBL5527106,7.69,=,Ki
CHEMBL54,CHEMBL224,CHEMBL5527108,7.28,=,Ki
CHEMBL54,CHEMBL3155,CHEMBL5527109,6.42,=,Ki
CHEMBL54,CHEMBL229,CHEMBL5527115,7.92,=,Ki
CHEMBL54,CHEMBL1942,CHEMBL5527116,6.32,=,Ki
CHEMBL54,CHEMBL1916,CHEMBL5527117,6.26,=,Ki
CHEMBL535,CHEMBL2041,CHEMBL5531838,6.65,=,IC50
CHEMBL535,CHEMBL279,CHEMBL5536182,6.92,=,IC50
CHEMBL549,CHEMBL228,CHEMBL5584715,8.04,=,IC50
CHEMBL535,CHEMBL1974,CHEMBL5615449,7.3,=,IC50
CHEMBL535,CHEMBL1974,CHEMBL5615450,6.6,=,IC50
CHEMBL535,CHEMBL2007,CHEMBL5635412,6.92,=,IC50
CHEMBL535,CHEMBL1936,CHEMBL5638111,6.82,=,IC50
CHEMBL535,CHEMBL1844,CHEMBL5638750,8.3,=,IC50
CHEMBL535,CHEMBL279,CHEMBL5654220,8.05,=,IC50
CHEMBL553,CHEMBL1824,CHEMBL5663119,6.29,=,IC50
CHEMBL553,CHEMBL3009,CHEMBL5663120,6.1,=,IC50
CHEMBL535,CHEMBL1075104,CHEMBL5707318,7.1,=,IC50
CHEMBL535,CHEMBL1075104,CHEMBL5707319,7.72,=,IC50
CHEMBL535,CHEMBL1075104,CHEMBL5707333,7.4,=,IC50
CHEMBL535,CHEMBL1075104,CHEMBL5707334,7.4,=,IC50
CHEMBL535,CHEMBL1974,CHEMBL5717048,8.52,=,IC50
CHEMBL535,CHEMBL2041,CHEMBL5719105,6.0,=,IC50
CHEMBL535,CHEMBL1844,CHEMBL5719113,6.0,=,IC50
CHEMBL535,CHEMBL1974,CHEMBL5719117,6.0,=,IC50
CHEMBL535,CHEMBL1936,CHEMBL5719182,6.0,=,IC50
CHEMBL535,CHEMBL1844,CHEMBL5719195,6.0,=,IC50
CHEMBL535,CHEMBL1974,CHEMBL5719198,6.0,=,IC50
CHEMBL535,CHEMBL1936,CHEMBL5719200,6.0,=,IC50
CHEMBL535,CHEMBL2041,CHEMBL5719203,6.0,=,IC50
CHEMBL535,CHEMBL1844,CHEMBL5719289,6.0,=,IC50
CHEMBL535,CHEMBL1974,CHEMBL5719292,6.0,=,IC50
CHEMBL535,CHEMBL1936,CHEMBL5719294,6.0,=,IC50
CHEMBL535,CHEMBL2041,CHEMBL5719297,6.0,=,IC50
CHEMBL535,CHEMBL1844,CHEMBL5719383,6.0,=,IC50
CHEMBL535,CHEMBL1974,CHEMBL5719386,6.0,=,IC50
CHEMBL535,CHEMBL1936,CHEMBL5719388,6.0,=,IC50
CHEMBL535,CHEMBL2041,CHEMBL5719391,6.0,=,IC50
CHEMBL535,CHEMBL1844,CHEMBL5719476,6.0,=,IC50
CHEMBL535,CHEMBL1974,CHEMBL5719479,6.0,=,IC50
CHEMBL535,CHEMBL1936,CHEMBL5719481,6.0,=,IC50
CHEMBL535,CHEMBL2041,CHEMBL5719484,6.0,=,IC50
CHEMBL535,CHEMBL1844,CHEMBL5719569,6.0,=,IC50
CHEMBL535,CHEMBL1974,CHEMBL5719572,6.0,=,IC50
CHEMBL535,CHEMBL1936,CHEMBL5719574,6.0,=,IC50
CHEMBL535,CHEMBL2041,CHEMBL5719577,6.0,=,IC50
CHEMBL553,CHEMBL279,CHEMBL5732419,6.9,=,IC50
CHEMBL535,CHEMBL279,CHEMBL5733437,8.13,=,IC50
CHEMBL535,CHEMBL279,CHEMBL5734552,8.05,=,Ki
CHEMBL535,CHEMBL6000,CHEMBL6082688,7.31,=,Kd
CHEMBL553,CHEMBL1824,CHEMBL6083475,8.7,=,IC50
CHEMBL553,CHEMBL2148,CHEMBL6092759,7.85,=,IC50
CHEMBL535,CHEMBL3830,CHEMBL6094731,7.96,=,Kd
CHEMBL54,CHEMBL1904,CHEMBL6097510,7.89,=,Ki
CHEMBL535,CHEMBL279,CHEMBL6104271,6.11,=,IC50
CHEMBL563,CHEMBL230,CHEMBL6122155,6.39,=,IC50
CHEMBL535,CHEMBL4045,CHEMBL6126598,7.72,=,Kd
CHEMBL535,CHEMBL2116,CHEMBL6126599,7.05,=,Kd
CHEMBL535,CHEMBL1936,CHEMBL6155896,8.1,=,IC50
CHEMBL535,CHEMBL1936,CHEMBL6155897,7.28,=,IC50
CHEMBL535,CHEMBL1936,CHEMBL6155898,8.08,=,IC50
CHEMBL535,CHEMBL2007,CHEMBL6155899,8.48,=,IC50
CHEMBL535,CHEMBL2007,CHEMBL6155900,6.82,=,IC50
CHEMBL535,CHEMBL2007,CHEMBL6155901,7.5,=,IC50
CHEMBL54,CHEMBL217,CHEMBL6156292,7.77,=,Ki
CHEMBL535,CHEMBL279,CHEMBL6178402,7.0,=,IC50
CHEMBL6,CHEMBL230,CHEMBL763346,7.31,=,IC50
CHEMBL6,CHEMBL221,CHEMBL766824,7.41,=,IC50
CHEMBL589,CHEMBL217,CHEMBL672313,8.14,=,Ki
CHEMBL589,CHEMBL234,CHEMBL673828,7.72,=,Ki
CHEMBL611,CHEMBL223,CHEMBL643573,8.46,=,Ki
CHEMBL611,CHEMBL232,CHEMBL651997,8.66,=,Ki
CHEMBL611,CHEMBL229,CHEMBL647665,8.14,=,Ki
CHEMBL611,CHEMBL1942,CHEMBL644764,6.38,=,Ki
CHEMBL6,CHEMBL230,CHEMBL763092,6.3,=,IC50
CHEMBL6,CHEMBL221,CHEMBL772765,6.8,=,IC50
CHEMBL6,CHEMBL221,CHEMBL763484,6.82,=,IC50
CHEMBL6,CHEMBL230,CHEMBL763081,6.3,=,IC50
CHEMBL6,CHEMBL230,CHEMBL768958,6.4,=,IC50
CHEMBL595,CHEMBL235,CHEMBL760004,6.01,=,EC50
CHEMBL596,CHEMBL233,CHEMBL751572,8.54,=,Ki
CHEMBL6,CHEMBL5071,CHEMBL881340,7.3,=,Ki
CHEMBL6,CHEMBL221,CHEMBL917001,7.44,=,IC50
CHEMBL6,CHEMBL230,CHEMBL901402,6.16,=,IC50
CHEMBL6,CHEMBL221,CHEMBL901401,6.3,=,IC50
CHEMBL6,CHEMBL221,CHEMBL970164,6.58,=,IC50
CHEMBL589,CHEMBL234,CHEMBL981460,7.44,=,Ki
CHEMBL589,CHEMBL217,CHEMBL981461,6.16,=,Ki
CHEMBL6,CHEMBL221,CHEMBL1010180,7.55,=,IC50
CHEMBL595,CHEMBL235,CHEMBL1116011,6.52,=,EC50
CHEMBL6,CHEMBL230,CHEMBL1168969,6.3,=,IC50
CHEMBL6,CHEMBL221,CHEMBL1168960,6.7,=,IC50
CHEMBL6,CHEMBL230,CHEMBL1168961,6.3,=,IC50
CHEMBL6,CHEMBL230,CHEMBL1177197,8.0,=,IC50
CHEMBL595,CHEMBL235,CHEMBL1219180,6.85,=,EC50
CHEMBL595,CHEMBL2039,CHEMBL1227162,6.53,=,IC50
CHEMBL595,CHEMBL235,CHEMBL1638638,6.07,=,IC50
CHEMBL6,CHEMBL221,CHEMBL1639154,6.58,=,IC50
CHEMBL595,CHEMBL235,CHEMBL1647859,6.41,=,EC50
CHEMBL6,CHEMBL230,CHEMBL1781472,6.12,=,IC50
CHEMBL6,CHEMBL221,CHEMBL1817368,7.47,=,IC50
CHEMBL6,CHEMBL230,CHEMBL1821165,8.0,=,IC50
CHEMBL595,CHEMBL235,CHEMBL1821157,6.52,=,EC50
CHEMBL6,CHEMBL221,CHEMBL1833642,7.16,=,IC50
CHEMBL595,CHEMBL205,CHEMBL1909123,6.94,=,IC50
CHEMBL6,CHEMBL221,CHEMBL1909130,7.82,=,IC50
CHEMBL595,CHEMBL235,CHEMBL1960410,6.24,=,EC50
CHEMBL595,CHEMBL2039,CHEMBL2032537,6.3,=,Ki
CHEMBL6,CHEMBL230,CHEMBL2061526,6.3,=,IC50
CHEMBL6,CHEMBL221,CHEMBL2066345,7.3,=,IC50
CHEMBL6,CHEMBL230,CHEMBL2066346,6.12,=,IC50
CHEMBL6,CHEMBL230,CHEMBL2161532,7.32,=,IC50
CHEMBL6,CHEMBL221,CHEMBL2175785,7.36,=,IC50
CHEMBL595,CHEMBL235,CHEMBL2182819,6.7,=,EC50
CHEMBL595,CHEMBL235,CHEMBL2215753,6.1,=,EC50
CHEMBL6,CHEMBL221,CHEMBL3061099,7.0,=,IC50
CHEMBL6,CHEMBL230,CHEMBL3062030,7.04,=,Kd
CHEMBL6,CHEMBL221,CHEMBL3062029,6.6,=,Kd
CHEMBL595,CHEMBL235,CHEMBL3057028,6.22,=,EC50
CHEMBL58,CHEMBL1743126,CHEMBL2320298,6.72,=,IC50
CHEMBL58,CHEMBL1743126,CHEMBL2320299,6.4,=,IC50
CHEMBL58,CHEMBL1743127,CHEMBL2320300,6.28,=,IC50
CHEMBL58,CHEMBL1743127,CHEMBL2320304,6.08,=,IC50
CHEMBL58,CHEMBL1743126,CHEMBL2320306,6.28,=,IC50
CHEMBL6,CHEMBL1871,CHEMBL2329799,9.85,=,EC50
CHEMBL6,CHEMBL221,CHEMBL2329809,7.7,=,IC50
CHEMBL58,CHEMBL5251,CHEMBL2330105,6.0,=,IC50
CHEMBL6,CHEMBL230,CHEMBL2390532,6.75,=,IC50
CHEMBL589,CHEMBL234,CHEMBL2434796,7.21,=,Ki
CHEMBL6,CHEMBL230,CHEMBL3100233,6.02,=,IC50
CHEMBL6,CHEMBL230,CHEMBL3380375,6.02,=,IC50
CHEMBL595,CHEMBL235,CHEMBL3390165,6.68,=,EC50
CHEMBL595,CHEMBL2039,CHEMBL3404812,6.7,=,Ki
CHEMBL595,CHEMBL2039,CHEMBL3407043,6.57,=,Ki
CHEMBL611,CHEMBL229,CHEMBL3404321,7.29,=,EC50
CHEMBL611,CHEMBL232,CHEMBL3405641,9.3,=,EC50
CHEMBL595,CHEMBL6020,CHEMBL3540573,6.52,=,IC50
CHEMBL6,CHEMBL230,CHEMBL3579883,6.02,=,IC50
CHEMBL589,CHEMBL217,CHEMBL3587541,8.43,=,Ki
CHEMBL589,CHEMBL234,CHEMBL3587606,8.54,=,Ki
CHEMBL595,CHEMBL235,CHEMBL3598338,6.14,=,IC50
CHEMBL603,CHEMBL1798,CHEMBL3599869,8.72,=,IC50
CHEMBL6,CHEMBL230,CHEMBL3745493,6.39,=,IC50
CHEMBL596,CHEMBL236,CHEMBL3756647,6.24,=,Ki
CHEMBL595,CHEMBL235,CHEMBL3768769,6.7,=,EC50
CHEMBL611,CHEMBL229,CHEMBL3863083,7.29,=,EC50
CHEMBL595,CHEMBL235,CHEMBL3870688,6.5,=,EC50
CHEMBL595,CHEMBL235,CHEMBL3873284,6.3,=,EC50
CHEMBL589,CHEMBL224,CHEMBL3880776,6.85,=,EC50
CHEMBL589,CHEMBL217,CHEMBL3880775,8.19,=,EC50
CHEMBL595,CHEMBL235,CHEMBL3995262,6.42,=,EC50
CHEMBL603,CHEMBL1798,CHEMBL4014612,8.74,=,IC50
CHEMBL589,CHEMBL217,CHEMBL4015816,7.05,=,EC50
CHEMBL589,CHEMBL217,CHEMBL4015821,7.52,=,EC50
CHEMBL589,CHEMBL217,CHEMBL4046981,7.05,=,EC50
CHEMBL6,CHEMBL230,CHEMBL4047088,6.31,=,IC50
CHEMBL6,CHEMBL221,CHEMBL4125664,6.58,=,IC50
CHEMBL6,CHEMBL6174,CHEMBL4133558,6.21,=,IC50
CHEMBL6,CHEMBL230,CHEMBL4151937,6.02,=,IC50
CHEMBL595,CHEMBL235,CHEMBL4233587,6.62,=,EC50
CHEMBL6,CHEMBL230,CHEMBL4254481,6.31,=,IC50
CHEMBL595,CHEMBL235,CHEMBL4265666,7.01,=,EC50
CHEMBL595,CHEMBL235,CHEMBL4269829,7.0,=,EC50
CHEMBL6,CHEMBL230,CHEMBL4313651,6.29,=,IC50
CHEMBL595,CHEMBL235,CHEMBL4334031,7.21,=,Ki
CHEMBL595,CHEMBL235,CHEMBL4344273,6.01,=,EC50
CHEMBL6,CHEMBL230,CHEMBL4347975,7.17,=,IC50
CHEMBL6,CHEMBL230,CHEMBL4366856,6.02,=,IC50
CHEMBL596,CHEMBL233,CHEMBL4371113,8.96,=,Ki
CHEMBL596,CHEMBL233,CHEMBL4371527,7.28,=,EC50
CHEMBL6,CHEMBL230,CHEMBL4391715,6.31,=,IC50
CHEMBL595,CHEMBL235,CHEMBL4413918,6.38,=,Ki
CHEMBL595,CHEMBL235,CHEMBL4413920,6.58,=,EC50
CHEMBL595,CHEMBL235,CHEMBL4413924,6.06,=,Kd
CHEMBL595,CHEMBL235,CHEMBL4413925,6.6,=,EC50
CHEMBL595,CHEMBL235,CHEMBL4413917,6.46,=,EC50
CHEMBL6,CHEMBL4523354,CHEMBL4418184,9.82,=,Ki
CHEMBL6,CHEMBL230,CHEMBL4610810,6.02,=,IC50
CHEMBL6,CHEMBL230,CHEMBL4628530,6.3,=,IC50
CHEMBL595,CHEMBL235,CHEMBL4667654,6.47,=,Ki
CHEMBL6,CHEMBL230,CHEMBL4684643,6.04,=,IC50
CHEMBL6,CHEMBL221,CHEMBL4704186,7.29,=,IC50
CHEMBL595,CHEMBL235,CHEMBL4706439,7.02,=,Ki
CHEMBL6,CHEMBL6174,CHEMBL4722423,7.16,=,IC50
CHEMBL6,CHEMBL230,CHEMBL4770893,6.31,=,IC50
CHEMBL6,CHEMBL230,CHEMBL4843079,7.09,=,IC50
CHEMBL6,CHEMBL230,CHEMBL5033143,6.02,=,IC50
CHEMBL596,CHEMBL233,CHEMBL5046487,8.28,=,Ki
CHEMBL6,CHEMBL230,CHEMBL5107109,7.1,=,IC50
CHEMBL6,CHEMBL221,CHEMBL5109600,6.33,=,IC50
CHEMBL596,CHEMBL233,CHEMBL5110290,8.48,=,Ki
CHEMBL621,CHEMBL214,CHEMBL5163627,6.93,=,Ki
CHEMBL595,CHEMBL2039,CHEMBL5216902,6.53,=,IC50
CHEMBL596,CHEMBL233,CHEMBL5217402,8.87,=,Ki
CHEMBL595,CHEMBL235,CHEMBL5218422,6.22,=,Ki
CHEMBL595,CHEMBL235,CHEMBL5229426,6.7,=,EC50
CHEMBL595,CHEMBL235,CHEMBL5229434,6.52,=,Ki
CHEMBL595,CHEMBL235,CHEMBL5229440,6.05,=,EC50
CHEMBL6,CHEMBL221,CHEMBL5234740,6.7,=,IC50
CHEMBL6,CHEMBL230,CHEMBL5234767,6.31,=,IC50
CHEMBL6,CHEMBL221,CHEMBL5236685,7.0,=,IC50
CHEMBL6,CHEMBL230,CHEMBL5236686,6.21,=,IC50
CHEMBL6,CHEMBL230,CHEMBL5243072,7.35,=,IC50
CHEMBL595,CHEMBL235,CHEMBL5245181,6.41,=,EC50
CHEMBL595,CHEMBL235,CHEMBL5256677,6.52,=,Ki
CHEMBL6,CHEMBL221,CHEMBL5263960,6.66,=,IC50
CHEMBL596,CHEMBL233,CHEMBL5341714,10.29,=,Ki
CHEMBL6,CHEMBL221,CHEMBL5346612,9.85,=,IC50
CHEMBL6,CHEMBL230,CHEMBL5346613,9.85,=,IC50
CHEMBL622,CHEMBL230,CHEMBL5346618,8.03,=,IC50
CHEMBL622,CHEMBL221,CHEMBL5346619,8.03,=,IC50
CHEMBL621,CHEMBL1833,CHEMBL5365371,7.13,=,Ki
CHEMBL6,CHEMBL230,CHEMBL5371685,6.3,=,IC50
CHEMBL595,CHEMBL235,CHEMBL5384017,6.82,=,Ki
CHEMBL6,CHEMBL221,CHEMBL5387957,7.0,=,IC50
CHEMBL6,CHEMBL230,CHEMBL5387958,7.1,=,IC50
CHEMBL595,CHEMBL235,CHEMBL5500704,6.19,=,EC50
CHEMBL596,CHEMBL233,CHEMBL5535105,10.08,=,Ki
CHEMBL596,CHEMBL233,CHEMBL5535106,7.65,=,EC50
CHEMBL6,CHEMBL230,CHEMBL5543878,7.1,=,IC50
CHEMBL6,CHEMBL221,CHEMBL5579565,6.37,=,IC50
CHEMBL6,CHEMBL221,CHEMBL5621160,7.92,=,IC50
CHEMBL6,CHEMBL230,CHEMBL5621161,7.09,=,IC50
CHEMBL595,CHEMBL235,CHEMBL5622465,6.14,=,EC50
CHEMBL6,CHEMBL230,CHEMBL5628477,6.19,=,IC50
CHEMBL6,CHEMBL230,CHEMBL5629628,7.48,=,IC50
CHEMBL595,CHEMBL235,CHEMBL5636559,6.24,=,EC50
CHEMBL596,CHEMBL233,CHEMBL6106138,8.85,=,Ki
CHEMBL596,CHEMBL233,CHEMBL6106142,8.28,=,Ki
CHEMBL6,CHEMBL230,CHEMBL6122155,7.58,=,IC50
CHEMBL595,CHEMBL235,CHEMBL6137917,6.03,=,EC50
CHEMBL595,CHEMBL235,CHEMBL6137925,6.03,=,EC50
CHEMBL595,CHEMBL335,CHEMBL6178113,6.19,=,IC50
CHEMBL631,CHEMBL4302,CHEMBL914418,6.48,=,EC50
CHEMBL637,CHEMBL222,CHEMBL1020015,6.42,=,Ki
CHEMBL637,CHEMBL222,CHEMBL1020016,6.27,=,IC50
CHEMBL637,CHEMBL228,CHEMBL1020017,7.51,=,IC50
CHEMBL629,CHEMBL231,CHEMBL1030597,8.95,=,Ki
CHEMBL629,CHEMBL2056,CHEMBL1030598,7.05,=,Ki
CHEMBL629,CHEMBL1850,CHEMBL1030599,6.77,=,Ki
CHEMBL629,CHEMBL217,CHEMBL1030600,6.71,=,Ki
CHEMBL629,CHEMBL234,CHEMBL1030601,6.69,=,Ki
CHEMBL637,CHEMBL222,CHEMBL1115565,6.27,=,IC50
CHEMBL637,CHEMBL228,CHEMBL1115566,7.57,=,IC50
CHEMBL637,CHEMBL228,CHEMBL1228923,7.46,=,IC50
CHEMBL637,CHEMBL222,CHEMBL1228924,6.24,=,IC50
CHEMBL639,CHEMBL240,CHEMBL1769661,7.0,=,IC50
CHEMBL639,CHEMBL232,CHEMBL1769658,7.3,=,Ki
CHEMBL639,CHEMBL229,CHEMBL1769657,7.3,=,Ki
CHEMBL631,CHEMBL4302,CHEMBL2061056,6.48,=,IC50
CHEMBL639,CHEMBL240,CHEMBL2150564,7.0,=,IC50
CHEMBL637,CHEMBL222,CHEMBL2389182,6.17,=,IC50
CHEMBL637,CHEMBL228,CHEMBL2389183,7.96,=,Ki
CHEMBL637,CHEMBL228,CHEMBL2393681,6.95,=,Ki
CHEMBL637,CHEMBL228,CHEMBL2393681,6.49,=,IC50
CHEMBL629,CHEMBL228,CHEMBL2393681,6.85,=,Ki
CHEMBL629,CHEMBL228,CHEMBL2393681,6.26,=,IC50
CHEMBL629,CHEMBL222,CHEMBL2393682,6.48,=,Ki
CHEMBL631,CHEMBL4302,CHEMBL2449559,6.48,=,EC50
CHEMBL643,CHEMBL224,CHEMBL3090830,7.64,=,IC50
CHEMBL643,CHEMBL231,CHEMBL3090832,8.27,=,IC50
CHEMBL643,CHEMBL217,CHEMBL3090831,7.0,=,IC50
CHEMBL629,CHEMBL228,CHEMBL3108275,8.02,=,Ki
CHEMBL629,CHEMBL228,CHEMBL3108275,8.37,=,Ki
CHEMBL637,CHEMBL228,CHEMBL3363898,7.44,=,IC50
CHEMBL639,CHEMBL240,CHEMBL3870967,7.0,=,IC50
CHEMBL629,CHEMBL2041,CHEMBL3706031,6.0,=,IC50
CHEMBL639,CHEMBL240,CHEMBL4047735,7.0,=,IC50
CHEMBL639,CHEMBL1833,CHEMBL4047795,7.7,=,Ki
CHEMBL639,CHEMBL225,CHEMBL4047796,6.3,=,Ki
CHEMBL637,CHEMBL228,CHEMBL4219694,7.41,=,Ki
CHEMBL637,CHEMBL222,CHEMBL4219695,6.68,=,Ki
CHEMBL637,CHEMBL228,CHEMBL4229767,7.7,=,IC50
CHEMBL637,CHEMBL222,CHEMBL4229768,6.83,=,IC50
CHEMBL638,CHEMBL4523510,CHEMBL4417816,7.3,=,Kd
CHEMBL638,CHEMBL4523510,CHEMBL4417825,7.66,=,IC50
CHEMBL638,CHEMBL4523510,CHEMBL4417826,7.33,=,IC50
CHEMBL638,CHEMBL4523510,CHEMBL4417825,7.96,=,Ki
CHEMBL629,CHEMBL228,CHEMBL4426162,8.27,=,Ki
CHEMBL629,CHEMBL228,CHEMBL5055012,8.04,=,Ki
CHEMBL639,CHEMBL231,CHEMBL5261532,9.7,=,Kd
CHEMBL639,CHEMBL231,CHEMBL5261562,8.9,=,Ki
CHEMBL639,CHEMBL229,CHEMBL5261563,7.3,=,Ki
CHEMBL639,CHEMBL232,CHEMBL5261564,7.3,=,Ki
CHEMBL637,CHEMBL222,CHEMBL6140294,6.15,=,IC50
CHEMBL6966,CHEMBL240,CHEMBL766816,6.84,=,IC50
CHEMBL6966,CHEMBL240,CHEMBL766814,6.85,=,IC50
CHEMBL654,CHEMBL1867,CHEMBL828756,7.7,=,Ki
CHEMBL654,CHEMBL1916,CHEMBL828757,7.75,=,Ki
CHEMBL654,CHEMBL224,CHEMBL829614,7.16,=,Ki
CHEMBL654,CHEMBL3155,CHEMBL827208,6.58,=,Ki
CHEMBL654,CHEMBL225,CHEMBL829975,7.41,=,Ki
CHEMBL654,CHEMBL231,CHEMBL829679,8.8,=,Ki
CHEMBL6966,CHEMBL240,CHEMBL954102,6.85,=,IC50
CHEMBL6966,CHEMBL240,CHEMBL1023674,6.84,=,IC50
CHEMBL672,CHEMBL239,CHEMBL1035293,6.0,=,IC50
CHEMBL6966,CHEMBL240,CHEMBL1676103,6.85,=,IC50
CHEMBL686,CHEMBL221,CHEMBL1909130,6.94,=,IC50
CHEMBL6966,CHEMBL4302,CHEMBL1948105,6.3,=,IC50
CHEMBL6966,CHEMBL4302,CHEMBL2061056,6.24,=,IC50
CHEMBL6966,CHEMBL240,CHEMBL3090833,8.0,=,IC50
CHEMBL6966,CHEMBL4302,CHEMBL3108547,6.35,=,EC50
CHEMBL6966,CHEMBL4302,CHEMBL3378897,7.54,=,IC50
CHEMBL6966,CHEMBL4302,CHEMBL3378898,6.13,=,IC50
CHEMBL6966,CHEMBL4302,CHEMBL3584050,7.42,=,IC50
CHEMBL6966,CHEMBL4302,CHEMBL3584052,6.35,=,EC50
CHEMBL6966,CHEMBL4302,CHEMBL3584053,6.3,=,EC50
CHEMBL6966,CHEMBL4302,CHEMBL3584172,6.42,=,EC50
CHEMBL6966,CHEMBL4302,CHEMBL3584173,6.61,=,EC50
CHEMBL6966,CHEMBL4302,CHEMBL3602151,6.35,=,EC50
CHEMBL686,CHEMBL2439,CHEMBL4013915,6.01,=,IC50
CHEMBL6966,CHEMBL4302,CHEMBL4326817,7.55,=,IC50
CHEMBL6966,CHEMBL4302,CHEMBL4327430,8.31,=,IC50
CHEMBL6966,CHEMBL4302,CHEMBL4363668,6.3,=,EC50
CHEMBL6966,CHEMBL4302,CHEMBL4363841,7.46,=,IC50
CHEMBL6966,CHEMBL4302,CHEMBL4363839,7.73,=,IC50
CHEMBL654,CHEMBL224,CHEMBL4368521,8.09,=,Ki
CHEMBL654,CHEMBL214,CHEMBL4368520,7.75,=,Ki
CHEMBL658,CHEMBL233,CHEMBL4371527,8.82,=,EC50
CHEMBL6966,CHEMBL4302,CHEMBL4394387,6.3,=,EC50
CHEMBL686,CHEMBL4523354,CHEMBL4418184,10.3,=,Ki
CHEMBL6966,CHEMBL240,CHEMBL4433285,6.28,=,IC50
CHEMBL6966,CHEMBL4302,CHEMBL4604502,6.09,=,IC50
CHEMBL6966,CHEMBL240,CHEMBL4606240,6.4,=,IC50
CHEMBL6966,CHEMBL4302,CHEMBL4678642,8.15,=,IC50
CHEMBL6966,CHEMBL4302,CHEMBL4678651,6.52,=,IC50
CHEMBL6966,CHEMBL4302,CHEMBL4771208,8.17,=,IC50
CHEMBL6966,CHEMBL4302,CHEMBL4771210,8.07,=,IC50
CHEMBL6966,CHEMBL4302,CHEMBL4771212,7.12,=,IC50
CHEMBL6966,CHEMBL4302,CHEMBL4771214,6.34,=,IC50
CHEMBL6966,CHEMBL4302,CHEMBL4771216,6.38,=,IC50
CHEMBL6966,CHEMBL4302,CHEMBL4771218,6.28,=,IC50
CHEMBL6966,CHEMBL4302,CHEMBL4771220,8.41,=,IC50
CHEMBL6966,CHEMBL4302,CHEMBL4771222,8.05,=,IC50
CHEMBL6966,CHEMBL4302,CHEMBL4771224,7.07,=,IC50
CHEMBL6966,CHEMBL4302,CHEMBL4771226,6.71,=,IC50
CHEMBL6966,CHEMBL4302,CHEMBL4771228,7.11,=,IC50
CHEMBL6966,CHEMBL4302,CHEMBL4771230,6.15,=,IC50
CHEMBL6966,CHEMBL4302,CHEMBL4820206,7.43,=,IC50
CHEMBL6966,CHEMBL4302,CHEMBL4820207,7.64,=,IC50
CHEMBL6966,CHEMBL4302,CHEMBL4820208,8.34,=,IC50
CHEMBL6966,CHEMBL4302,CHEMBL4820209,8.53,=,IC50
CHEMBL6966,CHEMBL4302,CHEMBL4820210,7.78,=,IC50
CHEMBL6966,CHEMBL4302,CHEMBL4820211,8.07,=,IC50
CHEMBL6966,CHEMBL4302,CHEMBL4820212,7.99,=,IC50
CHEMBL6966,CHEMBL4302,CHEMBL4820213,8.28,=,IC50
CHEMBL6966,CHEMBL240,CHEMBL4839289,6.7,=,IC50
CHEMBL6966,CHEMBL4302,CHEMBL5035554,7.42,=,IC50
CHEMBL6966,CHEMBL4302,CHEMBL5044905,6.2,=,IC50
CHEMBL651,CHEMBL233,CHEMBL5046487,7.89,=,Ki
CHEMBL6966,CHEMBL4302,CHEMBL5134008,6.15,=,IC50
CHEMBL707,CHEMBL223,CHEMBL643573,8.92,=,Ki
CHEMBL707,CHEMBL232,CHEMBL651997,9.13,=,Ki
CHEMBL707,CHEMBL229,CHEMBL647665,8.59,=,Ki
CHEMBL707,CHEMBL1867,CHEMBL647728,6.14,=,Ki
CHEMBL707,CHEMBL1916,CHEMBL648703,6.55,=,Ki
CHEMBL709,CHEMBL223,CHEMBL643573,8.44,=,Ki
CHEMBL709,CHEMBL232,CHEMBL651997,8.55,=,Ki
CHEMBL709,CHEMBL229,CHEMBL647665,8.09,=,Ki
CHEMBL716,CHEMBL224,CHEMBL617085,7.09,=,Ki
CHEMBL71,CHEMBL234,CHEMBL675050,8.52,=,Ki
CHEMBL707,CHEMBL229,CHEMBL868696,9.27,=,Ki
CHEMBL707,CHEMBL232,CHEMBL868697,9.09,=,Ki
CHEMBL707,CHEMBL223,CHEMBL868698,9.09,=,Ki
CHEMBL72,CHEMBL222,CHEMBL915603,9.0,=,Ki
CHEMBL72,CHEMBL228,CHEMBL905763,6.97,=,IC50
CHEMBL72,CHEMBL228,CHEMBL905764,7.28,=,IC50
CHEMBL716,CHEMBL1833,CHEMBL895622,6.6,=,Ki
CHEMBL71,CHEMBL217,CHEMBL895618,8.0,=,Ki
CHEMBL716,CHEMBL234,CHEMBL895619,6.6,=,Ki
CHEMBL71,CHEMBL234,CHEMBL895619,8.8,=,Ki
CHEMBL716,CHEMBL214,CHEMBL895620,7.1,=,Ki
CHEMBL716,CHEMBL224,CHEMBL895616,7.2,=,Ki
CHEMBL71,CHEMBL224,CHEMBL895616,8.2,=,Ki
CHEMBL71,CHEMBL1833,CHEMBL895622,7.4,=,Ki
CHEMBL71,CHEMBL225,CHEMBL895623,7.4,=,Ki
CHEMBL71,CHEMBL3371,CHEMBL895624,7.3,=,Ki
CHEMBL716,CHEMBL3155,CHEMBL895625,7.2,=,Ki
CHEMBL71,CHEMBL3155,CHEMBL895625,7.5,=,Ki
CHEMBL71,CHEMBL228,CHEMBL895627,7.2,=,Ki
CHEMBL71,CHEMBL216,CHEMBL895628,6.9,=,Ki
CHEMBL716,CHEMBL216,CHEMBL895628,6.4,=,Ki
CHEMBL71,CHEMBL1821,CHEMBL895629,6.8,=,Ki
CHEMBL716,CHEMBL1821,CHEMBL895629,6.9,=,Ki
CHEMBL72,CHEMBL222,CHEMBL1020016,8.47,=,IC50
CHEMBL72,CHEMBL222,CHEMBL1020015,8.68,=,Ki
CHEMBL72,CHEMBL222,CHEMBL986142,8.41,=,IC50
CHEMBL72,CHEMBL228,CHEMBL979826,7.19,=,IC50
CHEMBL72,CHEMBL222,CHEMBL979833,8.38,=,IC50
CHEMBL72,CHEMBL222,CHEMBL966882,8.47,=,IC50
CHEMBL72,CHEMBL222,CHEMBL975646,9.03,=,IC50
CHEMBL716,CHEMBL231,CHEMBL992748,8.06,=,Ki
CHEMBL716,CHEMBL234,CHEMBL992744,6.5,=,Ki
CHEMBL716,CHEMBL216,CHEMBL992740,7.0,=,Ki
CHEMBL716,CHEMBL217,CHEMBL992743,6.75,=,Ki
CHEMBL716,CHEMBL214,CHEMBL992749,6.64,=,Ki
CHEMBL716,CHEMBL224,CHEMBL992750,6.66,=,Ki
CHEMBL72,CHEMBL222,CHEMBL962312,8.47,=,IC50
CHEMBL71,CHEMBL231,CHEMBL1030597,8.37,=,Ki
CHEMBL726,CHEMBL231,CHEMBL1030597,7.4,=,Ki
CHEMBL71,CHEMBL2056,CHEMBL1030598,7.02,=,Ki
CHEMBL726,CHEMBL2056,CHEMBL1030598,6.75,=,Ki
CHEMBL71,CHEMBL1850,CHEMBL1030599,6.76,=,Ki
CHEMBL726,CHEMBL1850,CHEMBL1030599,7.68,=,Ki
CHEMBL71,CHEMBL217,CHEMBL1030600,8.39,=,Ki
CHEMBL726,CHEMBL217,CHEMBL1030600,8.84,=,Ki
CHEMBL71,CHEMBL234,CHEMBL1030601,8.16,=,Ki
CHEMBL726,CHEMBL234,CHEMBL1030601,8.49,=,Ki
CHEMBL707,CHEMBL229,CHEMBL1060369,9.27,=,Ki
CHEMBL707,CHEMBL232,CHEMBL1060370,9.09,=,Ki
CHEMBL707,CHEMBL223,CHEMBL1060371,9.09,=,Ki
CHEMBL72,CHEMBL222,CHEMBL1055024,8.47,=,IC50
CHEMBL72,CHEMBL222,CHEMBL1055025,8.68,=,Ki
CHEMBL72,CHEMBL222,CHEMBL1044082,8.47,=,IC50
CHEMBL72,CHEMBL222,CHEMBL1038296,8.47,=,IC50
CHEMBL72,CHEMBL222,CHEMBL1072383,8.47,=,IC50
CHEMBL72,CHEMBL222,CHEMBL1072384,8.48,=,IC50
CHEMBL72,CHEMBL222,CHEMBL1115565,8.47,=,IC50
CHEMBL72,CHEMBL222,CHEMBL1120739,8.47,=,Ki
CHEMBL72,CHEMBL222,CHEMBL1120740,8.68,=,Ki
CHEMBL72,CHEMBL222,CHEMBL1285326,9.08,=,Kd
CHEMBL71,CHEMBL1833,CHEMBL1285546,7.28,=,Ki
CHEMBL707,CHEMBL240,CHEMBL1676103,6.23,=,IC50
CHEMBL72,CHEMBL222,CHEMBL1831836,8.68,=,Ki
CHEMBL72,CHEMBL222,CHEMBL1831835,8.47,=,IC50
CHEMBL716,CHEMBL214,CHEMBL2026267,6.9,=,Ki
CHEMBL716,CHEMBL224,CHEMBL2026265,7.0,=,Ki
CHEMBL71,CHEMBL234,CHEMBL2162508,8.42,=,Ki
CHEMBL71,CHEMBL217,CHEMBL2162509,8.92,=,Ki
CHEMBL72,CHEMBL228,CHEMBL2344277,6.25,=,IC50
CHEMBL71,CHEMBL3155,CHEMBL2378992,7.96,=,Ki
CHEMBL71,CHEMBL3155,CHEMBL2378992,7.97,=,Ki
CHEMBL72,CHEMBL222,CHEMBL2394332,9.04,=,Ki
CHEMBL72,CHEMBL222,CHEMBL2394332,9.03,=,IC50
CHEMBL72,CHEMBL222,CHEMBL2433695,8.82,=,IC50
CHEMBL71,CHEMBL231,CHEMBL3090832,7.92,=,IC50
CHEMBL71,CHEMBL217,CHEMBL3090831,7.92,=,IC50
CHEMBL71,CHEMBL224,CHEMBL3090830,8.47,=,IC50
CHEMBL71,CHEMBL228,CHEMBL3090829,6.92,=,IC50
CHEMBL72,CHEMBL222,CHEMBL3108276,8.94,=,Ki
CHEMBL71,CHEMBL234,CHEMBL3106130,8.48,=,Ki
CHEMBL71,CHEMBL3155,CHEMBL3106133,6.92,=,Ki
CHEMBL71,CHEMBL3371,CHEMBL3106132,7.22,=,Ki
CHEMBL71,CHEMBL225,CHEMBL3106136,7.52,=,Ki
CHEMBL71,CHEMBL224,CHEMBL3106137,8.23,=,Ki
CHEMBL72,CHEMBL222,CHEMBL3108276,8.96,=,Ki
CHEMBL71,CHEMBL234,CHEMBL3106130,8.48,=,Ki
CHEMBL71,CHEMBL3155,CHEMBL3106133,6.92,=,Ki
CHEMBL71,CHEMBL3371,CHEMBL3106132,7.22,=,Ki
CHEMBL71,CHEMBL225,CHEMBL3106136,7.52,=,Ki
CHEMBL71,CHEMBL224,CHEMBL3106137,8.23,=,Ki
CHEMBL716,CHEMBL214,CHEMBL3226682,6.0,=,Ki
CHEMBL716,CHEMBL224,CHEMBL3226686,6.0,=,Ki
CHEMBL716,CHEMBL3155,CHEMBL3226693,6.0,=,Ki
CHEMBL716,CHEMBL2056,CHEMBL3226694,6.0,=,Ki
CHEMBL716,CHEMBL217,CHEMBL3226695,6.0,=,Ki
CHEMBL716,CHEMBL234,CHEMBL3226696,6.0,=,Ki
CHEMBL716,CHEMBL229,CHEMBL3226699,7.0,=,Ki
CHEMBL716,CHEMBL232,CHEMBL3226700,7.0,=,Ki
CHEMBL716,CHEMBL1942,CHEMBL3225630,6.0,=,Ki
CHEMBL716,CHEMBL1916,CHEMBL3225631,7.0,=,Ki
CHEMBL716,CHEMBL231,CHEMBL3225632,8.0,=,Ki
CHEMBL716,CHEMBL216,CHEMBL3225986,6.0,=,Ki
CHEMBL716,CHEMBL1821,CHEMBL3225989,6.0,=,Ki
CHEMBL71,CHEMBL217,CHEMBL3265956,8.21,=,Ki
CHEMBL716,CHEMBL217,CHEMBL3707630,6.4,=,Ki
CHEMBL716,CHEMBL231,CHEMBL3707498,8.0,=,Ki
CHEMBL716,CHEMBL224,CHEMBL3705548,6.7,=,Ki
CHEMBL716,CHEMBL229,CHEMBL3707631,7.7,=,Ki
CHEMBL71,CHEMBL234,CHEMBL3783166,7.96,=,Ki
CHEMBL707,CHEMBL223,CHEMBL4139220,9.49,=,Ki
CHEMBL707,CHEMBL232,CHEMBL4139219,9.2,=,Ki
CHEMBL707,CHEMBL229,CHEMBL4139218,9.11,=,Ki
CHEMBL71,CHEMBL234,CHEMBL4223413,8.12,=,Ki
CHEMBL71,CHEMBL234,CHEMBL4223413,7.83,=,Ki
CHEMBL71,CHEMBL217,CHEMBL4368000,8.74,=,Ki
CHEMBL716,CHEMBL224,CHEMBL4368523,7.51,=,Ki
CHEMBL716,CHEMBL214,CHEMBL4368522,6.52,=,Ki
CHEMBL71,CHEMBL217,CHEMBL4401065,8.74,=,Ki
CHEMBL72,CHEMBL222,CHEMBL4426161,8.6,=,Ki
CHEMBL716,CHEMBL231,CHEMBL4677479,7.96,=,Ki
CHEMBL716,CHEMBL217,CHEMBL4718597,6.85,=,Ki
CHEMBL716,CHEMBL214,CHEMBL4718598,6.75,=,Ki
CHEMBL716,CHEMBL224,CHEMBL4718599,6.66,=,Ki
CHEMBL71,CHEMBL224,CHEMBL5046637,7.92,=,Ki
CHEMBL716,CHEMBL224,CHEMBL5046637,6.92,=,Ki
CHEMBL71,CHEMBL217,CHEMBL5046640,8.63,=,Ki
CHEMBL716,CHEMBL217,CHEMBL5046640,6.51,=,Ki
CHEMBL72,CHEMBL222,CHEMBL5047405,8.41,=,IC50
CHEMBL72,CHEMBL222,CHEMBL5055011,8.52,=,Ki
CHEMBL71,CHEMBL234,CHEMBL5335369,7.96,=,Ki
CHEMBL716,CHEMBL1833,CHEMBL5365375,7.07,=,Ki
CHEMBL726,CHEMBL1850,CHEMBL5527103,7.68,=,Ki
CHEMBL726,CHEMBL2056,CHEMBL5527104,6.75,=,Ki
CHEMBL726,CHEMBL217,CHEMBL5527105,8.84,=,Ki
CHEMBL726,CHEMBL234,CHEMBL5527106,8.49,=,Ki
CHEMBL726,CHEMBL224,CHEMBL5527108,7.52,=,Ki
CHEMBL726,CHEMBL3155,CHEMBL5527109,8.1,=,Ki
CHEMBL726,CHEMBL214,CHEMBL5527111,6.84,=,Ki
CHEMBL726,CHEMBL3371,CHEMBL5527114,7.42,=,Ki
CHEMBL726,CHEMBL229,CHEMBL5527115,8.19,=,Ki
CHEMBL726,CHEMBL1942,CHEMBL5527116,7.09,=,Ki
CHEMBL726,CHEMBL1916,CHEMBL5527117,7.54,=,Ki
CHEMBL726,CHEMBL1867,CHEMBL5527118,6.5,=,Ki
CHEMBL726,CHEMBL231,CHEMBL5527119,7.68,=,Ki
CHEMBL72,CHEMBL222,CHEMBL5733766,8.74,=,Ki
CHEMBL72,CHEMBL228,CHEMBL5733768,7.72,=,Ki
CHEMBL806,CHEMBL1871,CHEMBL647749,6.81,=,IC50
CHEMBL779,CHEMBL1827,CHEMBL762826,8.89,=,IC50
CHEMBL808,CHEMBL3522,CHEMBL661140,6.49,=,Ki
CHEMBL750,CHEMBL3594,CHEMBL829822,8.29,=,Ki
CHEMBL806,CHEMBL1871,CHEMBL828424,6.81,=,IC50
CHEMBL779,CHEMBL1827,CHEMBL830357,8.0,=,Ki
CHEMBL779,CHEMBL2717,CHEMBL876977,7.48,=,IC50
CHEMBL779,CHEMBL1827,CHEMBL831692,8.4,=,IC50
CHEMBL750,CHEMBL205,CHEMBL841781,7.99,=,Ki
CHEMBL750,CHEMBL205,CHEMBL839697,7.45,=,Ki
CHEMBL750,CHEMBL261,CHEMBL864357,7.25,=,Ki
CHEMBL750,CHEMBL205,CHEMBL861559,7.46,=,Ki
CHEMBL750,CHEMBL261,CHEMBL863823,7.25,=,Ki
CHEMBL750,CHEMBL205,CHEMBL863824,7.46,=,Ki
CHEMBL750,CHEMBL3594,CHEMBL867417,8.3,=,Ki
CHEMBL750,CHEMBL205,CHEMBL867416,7.46,=,Ki
CHEMBL750,CHEMBL261,CHEMBL867415,7.25,=,Ki
CHEMBL796,CHEMBL238,CHEMBL911118,6.96,=,Ki
CHEMBL796,CHEMBL222,CHEMBL911128,6.18,=,Ki
CHEMBL796,CHEMBL238,CHEMBL911125,7.1,=,IC50
CHEMBL750,CHEMBL205,CHEMBL893136,7.32,=,Kd
CHEMBL750,CHEMBL4789,CHEMBL893137,7.69,=,Kd
CHEMBL750,CHEMBL261,CHEMBL1015321,7.25,=,Ki
CHEMBL750,CHEMBL205,CHEMBL1015322,7.46,=,Ki
CHEMBL750,CHEMBL261,CHEMBL993108,7.25,=,Ki
CHEMBL750,CHEMBL205,CHEMBL993109,7.46,=,Ki
CHEMBL750,CHEMBL261,CHEMBL1031353,7.25,=,Ki
CHEMBL750,CHEMBL205,CHEMBL1031354,7.46,=,Ki
CHEMBL750,CHEMBL3025,CHEMBL1031355,7.05,=,Ki
CHEMBL750,CHEMBL3594,CHEMBL1031356,8.29,=,Ki
CHEMBL750,CHEMBL261,CHEMBL943658,7.25,=,Ki
CHEMBL750,CHEMBL205,CHEMBL943659,7.46,=,Ki
CHEMBL750,CHEMBL261,CHEMBL1002983,7.25,=,Ki
CHEMBL750,CHEMBL205,CHEMBL1002984,7.46,=,Ki
CHEMBL750,CHEMBL261,CHEMBL976458,7.25,=,Ki
CHEMBL750,CHEMBL205,CHEMBL976459,7.46,=,Ki
CHEMBL750,CHEMBL4789,CHEMBL976460,7.7,=,Ki
CHEMBL779,CHEMBL2717,CHEMBL963850,6.54,=,IC50
CHEMBL750,CHEMBL261,CHEMBL1063128,7.25,=,Ki
CHEMBL750,CHEMBL261,CHEMBL1038577,7.25,=,Ki
CHEMBL750,CHEMBL205,CHEMBL1038578,7.46,=,Ki
CHEMBL750,CHEMBL261,CHEMBL1046597,7.25,=,Ki
CHEMBL750,CHEMBL205,CHEMBL1046598,7.46,=,Ki
CHEMBL750,CHEMBL4789,CHEMBL1046599,7.7,=,Ki
CHEMBL750,CHEMBL261,CHEMBL1036957,7.25,=,Ki
CHEMBL750,CHEMBL205,CHEMBL1036958,7.46,=,Ki
CHEMBL750,CHEMBL3594,CHEMBL1036959,8.3,=,Ki
CHEMBL750,CHEMBL205,CHEMBL1063842,7.46,=,Ki
CHEMBL750,CHEMBL261,CHEMBL1046628,7.25,=,Ki
CHEMBL750,CHEMBL205,CHEMBL1046629,7.46,=,Ki
CHEMBL750,CHEMBL4789,CHEMBL1046632,7.7,=,Ki
CHEMBL750,CHEMBL3025,CHEMBL1046634,7.05,=,Ki
CHEMBL750,CHEMBL2326,CHEMBL1046635,6.93,=,Ki
CHEMBL750,CHEMBL3594,CHEMBL1046636,8.29,=,Ki
CHEMBL750,CHEMBL3912,CHEMBL1048396,6.37,=,Ki
CHEMBL779,CHEMBL2717,CHEMBL1068542,6.54,=,IC50
CHEMBL779,CHEMBL1827,CHEMBL1107382,8.4,=,IC50
CHEMBL750,CHEMBL261,CHEMBL1217308,7.25,=,Ki
CHEMBL750,CHEMBL205,CHEMBL1217310,7.46,=,Ki
CHEMBL750,CHEMBL261,CHEMBL1645694,7.25,=,Ki
CHEMBL750,CHEMBL205,CHEMBL1645695,7.46,=,Ki
CHEMBL779,CHEMBL1827,CHEMBL1664617,8.52,=,IC50
CHEMBL779,CHEMBL2717,CHEMBL1664621,6.52,=,IC50
CHEMBL779,CHEMBL2717,CHEMBL1664622,7.3,=,IC50
CHEMBL750,CHEMBL261,CHEMBL1678662,7.25,=,Ki
CHEMBL750,CHEMBL205,CHEMBL1678663,7.46,=,Ki
CHEMBL750,CHEMBL261,CHEMBL1686235,7.25,=,Ki
CHEMBL750,CHEMBL205,CHEMBL1686236,7.46,=,Ki
CHEMBL750,CHEMBL4789,CHEMBL1686237,7.7,=,Ki
CHEMBL750,CHEMBL261,CHEMBL1693485,7.25,=,Ki
CHEMBL750,CHEMBL205,CHEMBL1693486,7.46,=,Ki
CHEMBL750,CHEMBL261,CHEMBL1695107,7.25,=,Ki
CHEMBL750,CHEMBL205,CHEMBL1695108,7.46,=,Ki
CHEMBL750,CHEMBL2326,CHEMBL1788074,6.93,=,Ki
CHEMBL750,CHEMBL205,CHEMBL1787522,7.46,=,Ki
CHEMBL750,CHEMBL261,CHEMBL1787521,7.25,=,Ki
CHEMBL750,CHEMBL261,CHEMBL1785906,7.25,=,Ki
CHEMBL750,CHEMBL205,CHEMBL1785907,7.46,=,Ki
CHEMBL750,CHEMBL2326,CHEMBL1785908,6.93,=,Ki
CHEMBL750,CHEMBL261,CHEMBL1815987,7.25,=,Ki
CHEMBL750,CHEMBL205,CHEMBL1815988,7.46,=,Ki
CHEMBL808,CHEMBL1835,CHEMBL1909116,7.54,=,IC50
CHEMBL750,CHEMBL261,CHEMBL1926271,7.25,=,Ki
CHEMBL750,CHEMBL205,CHEMBL1926272,7.46,=,Ki
CHEMBL750,CHEMBL3594,CHEMBL1926273,8.29,=,Ki
CHEMBL750,CHEMBL261,CHEMBL1947440,7.25,=,Ki
CHEMBL750,CHEMBL205,CHEMBL1947441,7.46,=,Ki
CHEMBL750,CHEMBL205,CHEMBL1960461,6.52,=,Ki
CHEMBL750,CHEMBL205,CHEMBL1960462,7.17,=,Ki
CHEMBL750,CHEMBL205,CHEMBL2049249,7.46,=,Ki
CHEMBL750,CHEMBL261,CHEMBL2049494,7.25,=,Ki
CHEMBL750,CHEMBL205,CHEMBL2049495,7.46,=,Ki
CHEMBL750,CHEMBL2326,CHEMBL2050862,6.93,=,Ki
CHEMBL750,CHEMBL3594,CHEMBL2050863,8.29,=,Ki
CHEMBL750,CHEMBL205,CHEMBL2327206,7.46,=,Ki
CHEMBL750,CHEMBL261,CHEMBL2327205,7.25,=,Ki
CHEMBL779,CHEMBL2717,CHEMBL2345121,8.0,=,IC50
CHEMBL779,CHEMBL1827,CHEMBL2345130,8.92,=,IC50
CHEMBL750,CHEMBL261,CHEMBL2380061,7.25,=,Ki
CHEMBL750,CHEMBL205,CHEMBL2380060,7.46,=,Ki
CHEMBL750,CHEMBL2326,CHEMBL2415806,6.93,=,Ki
CHEMBL750,CHEMBL205,CHEMBL2415807,7.46,=,Ki
CHEMBL750,CHEMBL261,CHEMBL2415808,7.25,=,Ki
CHEMBL750,CHEMBL3594,CHEMBL2429045,8.29,=,Ki
CHEMBL750,CHEMBL2326,CHEMBL2429046,6.93,=,Ki
CHEMBL750,CHEMBL205,CHEMBL2429047,7.46,=,Ki
CHEMBL750,CHEMBL261,CHEMBL2429048,7.25,=,Ki
CHEMBL750,CHEMBL2326,CHEMBL3102438,6.93,=,Ki
CHEMBL750,CHEMBL205,CHEMBL3101213,7.46,=,Ki
CHEMBL750,CHEMBL3594,CHEMBL3116664,8.29,=,Ki
CHEMBL750,CHEMBL205,CHEMBL3116665,7.46,=,Ki
CHEMBL750,CHEMBL261,CHEMBL3116666,7.25,=,Ki
CHEMBL750,CHEMBL261,CHEMBL3270415,7.25,=,Ki
CHEMBL750,CHEMBL205,CHEMBL3270416,7.46,=,Ki
CHEMBL796,CHEMBL238,CHEMBL3379355,7.47,=,Ki
CHEMBL796,CHEMBL222,CHEMBL3379356,6.47,=,Ki
CHEMBL750,CHEMBL261,CHEMBL3367565,7.25,=,Ki
CHEMBL750,CHEMBL205,CHEMBL3367566,7.46,=,Ki
CHEMBL750,CHEMBL261,CHEMBL3395806,7.25,=,Ki
CHEMBL750,CHEMBL205,CHEMBL3395807,7.46,=,Ki
CHEMBL750,CHEMBL261,CHEMBL3407116,7.25,=,Ki
CHEMBL750,CHEMBL205,CHEMBL3407117,7.46,=,Ki
CHEMBL750,CHEMBL205,CHEMBL3404499,7.46,=,Ki
CHEMBL750,CHEMBL261,CHEMBL3404498,7.25,=,Ki
CHEMBL750,CHEMBL205,CHEMBL3607055,7.46,=,Ki
CHEMBL750,CHEMBL261,CHEMBL3737169,7.25,=,Ki
CHEMBL750,CHEMBL205,CHEMBL3737170,7.46,=,Ki
CHEMBL750,CHEMBL261,CHEMBL3748430,7.25,=,Ki
CHEMBL750,CHEMBL205,CHEMBL3748431,7.46,=,Ki
CHEMBL750,CHEMBL205,CHEMBL3761241,7.46,=,Ki
CHEMBL750,CHEMBL261,CHEMBL3761242,7.25,=,Ki
CHEMBL750,CHEMBL205,CHEMBL3767548,7.46,=,Ki
CHEMBL750,CHEMBL261,CHEMBL3782909,7.25,=,Ki
CHEMBL750,CHEMBL205,CHEMBL3782910,7.46,=,Ki
CHEMBL779,CHEMBL1827,CHEMBL3860975,8.03,=,IC50
CHEMBL750,CHEMBL261,CHEMBL4001625,7.25,=,Ki
CHEMBL750,CHEMBL205,CHEMBL4001626,7.46,=,Ki
CHEMBL750,CHEMBL261,CHEMBL4035750,7.25,=,Ki
CHEMBL750,CHEMBL205,CHEMBL4035751,7.46,=,Ki
CHEMBL779,CHEMBL1827,CHEMBL4194556,8.92,=,IC50
CHEMBL779,CHEMBL1827,CHEMBL4194770,8.5,=,IC50
CHEMBL779,CHEMBL1827,CHEMBL4198895,8.03,=,IC50
CHEMBL779,CHEMBL1827,CHEMBL4268474,8.33,=,IC50
CHEMBL779,CHEMBL1827,CHEMBL4268472,8.28,=,Ki
CHEMBL779,CHEMBL2717,CHEMBL4268482,7.33,=,IC50
CHEMBL779,CHEMBL1827,CHEMBL4353121,8.4,=,IC50
CHEMBL779,CHEMBL1827,CHEMBL4397429,8.63,=,IC50
CHEMBL808,CHEMBL4523494,CHEMBL4418432,6.51,=,IC50
CHEMBL779,CHEMBL1827,CHEMBL4425326,8.92,=,IC50
CHEMBL779,CHEMBL1827,CHEMBL4425324,8.92,=,IC50
CHEMBL750,CHEMBL261,CHEMBL4427978,7.25,=,Ki
CHEMBL750,CHEMBL205,CHEMBL4427979,7.46,=,Ki
CHEMBL779,CHEMBL1827,CHEMBL4620081,8.3,=,IC50
CHEMBL750,CHEMBL261,CHEMBL4825836,6.6,=,Ki
CHEMBL750,CHEMBL205,CHEMBL4825837,7.98,=,Ki
CHEMBL750,CHEMBL2326,CHEMBL4825838,9.05,=,Ki
CHEMBL750,CHEMBL3242,CHEMBL4825839,8.42,=,Ki
CHEMBL779,CHEMBL1827,CHEMBL5226652,8.15,=,IC50
CHEMBL779,CHEMBL2717,CHEMBL5391687,7.16,=,IC50
CHEMBL779,CHEMBL2717,CHEMBL5391695,7.6,=,IC50
CHEMBL806,CHEMBL1871,CHEMBL5500430,7.26,=,Ki
CHEMBL779,CHEMBL1827,CHEMBL5608453,8.4,=,IC50
CHEMBL779,CHEMBL1827,CHEMBL5723289,8.74,=,IC50
CHEMBL779,CHEMBL1827,CHEMBL5723290,8.62,=,Kd
CHEMBL779,CHEMBL1827,CHEMBL5723291,8.72,=,Kd
CHEMBL750,CHEMBL261,CHEMBL5732037,7.46,=,IC50
CHEMBL779,CHEMBL1827,CHEMBL6128036,8.4,=,IC50
CHEMBL779,CHEMBL2717,CHEMBL6132591,7.7,=,IC50
CHEMBL779,CHEMBL1827,CHEMBL6184025,8.74,=,IC50
CHEMBL750,CHEMBL261,CHEMBL6185227,7.25,=,Ki
CHEMBL750,CHEMBL205,CHEMBL6185228,7.46,=,Ki
CHEMBL750,CHEMBL2326,CHEMBL6185229,6.93,=,Ki
CHEMBL81,CHEMBL206,CHEMBL682298,9.4,=,Ki
CHEMBL81,CHEMBL242,CHEMBL677221,8.37,=,Ki
CHEMBL81,CHEMBL206,CHEMBL679892,9.15,=,IC50
CHEMBL81,CHEMBL242,CHEMBL678129,7.82,=,IC50
CHEMBL85,CHEMBL224,CHEMBL617085,9.41,=,Ki
CHEMBL86,CHEMBL234,CHEMBL675050,7.57,=,Ki
CHEMBL844,CHEMBL1867,CHEMBL647965,8.57,=,Ki
CHEMBL844,CHEMBL1916,CHEMBL648619,7.36,=,Ki
CHEMBL81,CHEMBL206,CHEMBL681157,8.4,=,IC50
CHEMBL81,CHEMBL242,CHEMBL677746,7.37,=,IC50
CHEMBL85,CHEMBL240,CHEMBL766814,6.82,=,IC50
CHEMBL81,CHEMBL206,CHEMBL679888,8.15,=,IC50
CHEMBL81,CHEMBL242,CHEMBL677047,6.33,=,IC50
CHEMBL81,CHEMBL206,CHEMBL677871,8.74,=,IC50
CHEMBL81,CHEMBL242,CHEMBL678128,7.92,=,IC50
CHEMBL844,CHEMBL1867,CHEMBL643228,8.17,=,Ki
CHEMBL844,CHEMBL1942,CHEMBL645106,7.46,=,Ki
CHEMBL844,CHEMBL1916,CHEMBL649245,7.08,=,Ki
CHEMBL844,CHEMBL223,CHEMBL857995,6.03,=,Ki
CHEMBL81,CHEMBL206,CHEMBL833547,9.14,=,IC50
CHEMBL81,CHEMBL242,CHEMBL832843,7.72,=,IC50
CHEMBL85,CHEMBL229,CHEMBL840159,8.55,=,Ki
CHEMBL81,CHEMBL242,CHEMBL832939,8.72,=,IC50
CHEMBL81,CHEMBL206,CHEMBL832667,8.74,=,IC50
CHEMBL81,CHEMBL242,CHEMBL831972,7.92,=,IC50
CHEMBL865,CHEMBL205,CHEMBL839012,7.37,=,Ki
CHEMBL81,CHEMBL206,CHEMBL831071,8.74,=,IC50
CHEMBL81,CHEMBL242,CHEMBL831070,7.92,=,IC50
CHEMBL81,CHEMBL206,CHEMBL831072,8.74,=,IC50
CHEMBL81,CHEMBL242,CHEMBL877124,7.92,=,IC50
CHEMBL865,CHEMBL230,CHEMBL833052,6.74,=,IC50
CHEMBL865,CHEMBL230,CHEMBL830991,6.24,=,IC50
CHEMBL81,CHEMBL4931,CHEMBL829736,9.0,=,Ki
CHEMBL81,CHEMBL206,CHEMBL831528,7.66,=,IC50
CHEMBL81,CHEMBL242,CHEMBL831372,6.58,=,IC50
CHEMBL81,CHEMBL206,CHEMBL831007,8.62,=,IC50
CHEMBL81,CHEMBL242,CHEMBL832383,6.47,=,IC50
CHEMBL85,CHEMBL1867,CHEMBL828756,8.0,=,Ki
CHEMBL85,CHEMBL1916,CHEMBL828757,8.49,=,Ki
CHEMBL85,CHEMBL217,CHEMBL829120,8.19,=,Ki
CHEMBL85,CHEMBL234,CHEMBL827209,7.8,=,Ki
CHEMBL85,CHEMBL224,CHEMBL829614,9.09,=,Ki
CHEMBL85,CHEMBL3155,CHEMBL827208,8.37,=,Ki
CHEMBL85,CHEMBL225,CHEMBL829975,7.92,=,Ki
CHEMBL85,CHEMBL231,CHEMBL829679,7.48,=,Ki
CHEMBL81,CHEMBL206,CHEMBL829466,9.05,=,IC50
CHEMBL81,CHEMBL242,CHEMBL827967,8.8,=,IC50
CHEMBL865,CHEMBL230,CHEMBL881226,8.3,=,IC50
CHEMBL81,CHEMBL206,CHEMBL863236,8.74,=,IC50
CHEMBL81,CHEMBL242,CHEMBL863237,7.92,=,IC50
CHEMBL865,CHEMBL205,CHEMBL865819,7.37,=,Ki
CHEMBL865,CHEMBL3594,CHEMBL864590,7.57,=,Ki
CHEMBL865,CHEMBL3242,CHEMBL864594,7.89,=,Ki
CHEMBL81,CHEMBL206,CHEMBL867524,8.74,=,IC50
CHEMBL81,CHEMBL242,CHEMBL867525,8.09,=,IC50
CHEMBL81,CHEMBL206,CHEMBL904964,7.69,=,IC50
CHEMBL81,CHEMBL242,CHEMBL904965,6.25,=,IC50
CHEMBL85,CHEMBL217,CHEMBL895618,8.2,=,Ki
CHEMBL85,CHEMBL234,CHEMBL895619,8.0,=,Ki
CHEMBL85,CHEMBL214,CHEMBL895620,6.6,=,Ki
CHEMBL85,CHEMBL224,CHEMBL895616,9.0,=,Ki
CHEMBL85,CHEMBL1833,CHEMBL895621,7.7,=,Ki
CHEMBL85,CHEMBL225,CHEMBL895623,7.9,=,Ki
CHEMBL85,CHEMBL3155,CHEMBL895625,9.0,=,Ki
CHEMBL85,CHEMBL224,CHEMBL923069,9.3,=,Ki
CHEMBL85,CHEMBL225,CHEMBL923070,8.13,=,Ki
CHEMBL865,CHEMBL230,CHEMBL926304,7.4,=,IC50
CHEMBL870,CHEMBL1782,CHEMBL924793,6.41,=,Ki
CHEMBL870,CHEMBL1782,CHEMBL924794,6.58,=,IC50
CHEMBL870,CHEMBL1782,CHEMBL924794,7.36,=,Ki
CHEMBL85,CHEMBL240,CHEMBL954169,6.04,=,Ki
CHEMBL85,CHEMBL240,CHEMBL1027667,6.83,=,IC50
CHEMBL85,CHEMBL240,CHEMBL1027667,6.83,=,IC50
CHEMBL85,CHEMBL240,CHEMBL954102,6.82,=,IC50
CHEMBL81,CHEMBL206,CHEMBL983675,8.7,=,Ki
CHEMBL81,CHEMBL242,CHEMBL983676,7.64,=,Ki
CHEMBL865,CHEMBL205,CHEMBL1015322,7.37,=,Ki
CHEMBL865,CHEMBL205,CHEMBL993109,7.37,=,Ki
CHEMBL865,CHEMBL205,CHEMBL1031354,7.37,=,Ki
CHEMBL865,CHEMBL3025,CHEMBL1031355,6.24,=,Ki
CHEMBL865,CHEMBL3594,CHEMBL1031356,7.57,=,Ki
CHEMBL865,CHEMBL205,CHEMBL1002984,7.37,=,Ki
CHEMBL85,CHEMBL231,CHEMBL992748,7.72,=,Ki
CHEMBL85,CHEMBL234,CHEMBL992744,8.02,=,Ki
CHEMBL85,CHEMBL2056,CHEMBL992741,6.24,=,Ki
CHEMBL865,CHEMBL230,CHEMBL985694,6.18,=,IC50
CHEMBL85,CHEMBL217,CHEMBL992743,8.66,=,Ki
CHEMBL85,CHEMBL214,CHEMBL992749,6.68,=,Ki
CHEMBL85,CHEMBL224,CHEMBL992750,9.54,=,Ki
CHEMBL85,CHEMBL225,CHEMBL992747,8.0,=,Ki
CHEMBL85,CHEMBL240,CHEMBL1023674,6.79,=,IC50
CHEMBL894,CHEMBL238,CHEMBL1032746,6.36,=,Ki
CHEMBL865,CHEMBL230,CHEMBL1059941,6.74,=,IC50
CHEMBL865,CHEMBL205,CHEMBL1038578,7.37,=,Ki
CHEMBL865,CHEMBL205,CHEMBL1063842,7.37,=,Ki
CHEMBL85,CHEMBL217,CHEMBL1059279,8.21,=,Ki
CHEMBL85,CHEMBL224,CHEMBL1059281,9.3,=,Ki
CHEMBL85,CHEMBL2056,CHEMBL1059283,6.83,=,Ki
CHEMBL85,CHEMBL234,CHEMBL1059284,7.79,=,Ki
CHEMBL85,CHEMBL225,CHEMBL1059285,8.13,=,Ki
CHEMBL894,CHEMBL238,CHEMBL1041761,6.03,=,IC50
CHEMBL894,CHEMBL238,CHEMBL1041758,6.06,=,Ki
CHEMBL894,CHEMBL222,CHEMBL1041763,6.35,=,IC50
CHEMBL894,CHEMBL238,CHEMBL1064404,6.18,=,IC50
CHEMBL894,CHEMBL238,CHEMBL1176113,6.18,=,IC50
CHEMBL81,CHEMBL1833,CHEMBL1285546,7.16,=,Ki
CHEMBL865,CHEMBL205,CHEMBL1645695,7.37,=,Ki
CHEMBL85,CHEMBL240,CHEMBL1676103,6.83,=,IC50
CHEMBL865,CHEMBL205,CHEMBL1678663,7.37,=,Ki
CHEMBL85,CHEMBL225,CHEMBL1787311,7.48,=,Ki
CHEMBL85,CHEMBL3371,CHEMBL1787312,6.65,=,Ki
CHEMBL894,CHEMBL238,CHEMBL1815453,6.18,=,IC50
CHEMBL865,CHEMBL205,CHEMBL1815988,7.37,=,Ki
CHEMBL865,CHEMBL205,CHEMBL1839822,7.37,=,Ki
CHEMBL865,CHEMBL3594,CHEMBL1839823,7.57,=,Ki
CHEMBL865,CHEMBL3242,CHEMBL1839824,7.89,=,Ki
CHEMBL865,CHEMBL205,CHEMBL1947441,7.37,=,Ki
CHEMBL831,CHEMBL224,CHEMBL2026265,8.62,=,Ki
CHEMBL865,CHEMBL205,CHEMBL2049249,7.37,=,Ki
CHEMBL870,CHEMBL1782,CHEMBL2156000,7.3,=,IC50
CHEMBL81,CHEMBL3371,CHEMBL2157129,6.12,=,Ki
CHEMBL865,CHEMBL3912,CHEMBL2183719,6.37,=,Ki
CHEMBL865,CHEMBL3242,CHEMBL2183721,7.89,=,Ki
CHEMBL865,CHEMBL3594,CHEMBL2183720,7.57,=,Ki
CHEMBL865,CHEMBL3025,CHEMBL2183723,6.24,=,Ki
CHEMBL865,CHEMBL3969,CHEMBL2183724,7.06,=,Ki
CHEMBL865,CHEMBL4789,CHEMBL2183725,6.04,=,Ki
CHEMBL865,CHEMBL205,CHEMBL2183728,7.37,=,Ki
CHEMBL865,CHEMBL205,CHEMBL2185519,7.37,=,Ki
CHEMBL85,CHEMBL217,CHEMBL2211561,8.57,=,Ki
CHEMBL865,CHEMBL205,CHEMBL2327206,7.37,=,Ki
CHEMBL865,CHEMBL205,CHEMBL2380060,7.37,=,Ki
CHEMBL85,CHEMBL240,CHEMBL2390223,6.24,=,IC50
CHEMBL865,CHEMBL205,CHEMBL2415807,7.37,=,Ki
CHEMBL865,CHEMBL3242,CHEMBL2429044,7.89,=,Ki
CHEMBL865,CHEMBL3594,CHEMBL2429045,7.57,=,Ki
CHEMBL865,CHEMBL205,CHEMBL2429047,7.37,=,Ki
CHEMBL878,CHEMBL2326,CHEMBL3102438,8.68,=,Ki
CHEMBL865,CHEMBL205,CHEMBL3101213,7.37,=,Ki
CHEMBL85,CHEMBL224,CHEMBL3106892,9.3,=,Ki
CHEMBL85,CHEMBL217,CHEMBL3106891,8.21,=,Ki
CHEMBL865,CHEMBL3242,CHEMBL3116663,7.89,=,Ki
CHEMBL865,CHEMBL3594,CHEMBL3116664,7.57,=,Ki
CHEMBL865,CHEMBL205,CHEMBL3116665,7.37,=,Ki
CHEMBL85,CHEMBL214,CHEMBL3226682,6.0,=,Ki
CHEMBL85,CHEMBL1898,CHEMBL3226683,8.0,=,Ki
CHEMBL85,CHEMBL1983,CHEMBL3226684,6.0,=,Ki
CHEMBL85,CHEMBL225,CHEMBL3226688,7.0,=,Ki
CHEMBL85,CHEMBL3426,CHEMBL3226691,6.0,=,Ki
CHEMBL85,CHEMBL3155,CHEMBL3226693,8.0,=,Ki
CHEMBL85,CHEMBL2056,CHEMBL3226694,6.0,=,Ki
CHEMBL85,CHEMBL217,CHEMBL3226695,8.0,=,Ki
CHEMBL85,CHEMBL234,CHEMBL3226696,7.0,=,Ki
CHEMBL85,CHEMBL1850,CHEMBL3226698,6.0,=,Ki
CHEMBL85,CHEMBL229,CHEMBL3226699,8.0,=,Ki
CHEMBL85,CHEMBL232,CHEMBL3226700,8.0,=,Ki
CHEMBL85,CHEMBL1867,CHEMBL3225629,6.0,=,Ki
CHEMBL85,CHEMBL1942,CHEMBL3225630,6.0,=,Ki
CHEMBL85,CHEMBL1916,CHEMBL3225631,8.0,=,Ki
CHEMBL85,CHEMBL231,CHEMBL3225632,7.0,=,Ki
CHEMBL85,CHEMBL217,CHEMBL3222870,8.21,=,Ki
CHEMBL85,CHEMBL224,CHEMBL3222871,9.3,=,Ki
CHEMBL865,CHEMBL205,CHEMBL3270416,7.37,=,Ki
CHEMBL85,CHEMBL224,CHEMBL3297243,9.0,=,Ki
CHEMBL894,CHEMBL238,CHEMBL3363164,6.26,=,IC50
CHEMBL85,CHEMBL217,CHEMBL3381713,8.42,=,Ki
CHEMBL85,CHEMBL234,CHEMBL3381714,8.17,=,Ki
CHEMBL85,CHEMBL214,CHEMBL3381715,6.72,=,Ki
CHEMBL85,CHEMBL224,CHEMBL3381716,9.82,=,Ki
CHEMBL85,CHEMBL225,CHEMBL3381717,7.5,=,Ki
CHEMBL865,CHEMBL205,CHEMBL3367566,7.37,=,Ki
CHEMBL865,CHEMBL205,CHEMBL3395807,7.37,=,Ki
CHEMBL865,CHEMBL205,CHEMBL3407117,7.37,=,Ki
CHEMBL865,CHEMBL205,CHEMBL3404499,7.37,=,Ki
CHEMBL865,CHEMBL205,CHEMBL3607055,7.37,=,Ki
CHEMBL85,CHEMBL217,CHEMBL3707630,8.23,=,Ki
CHEMBL85,CHEMBL224,CHEMBL3705548,9.3,=,Ki
CHEMBL85,CHEMBL231,CHEMBL3707498,7.85,=,Ki
CHEMBL85,CHEMBL225,CHEMBL3707614,7.2,=,Ki
CHEMBL85,CHEMBL228,CHEMBL3707693,6.0,=,Ki
CHEMBL85,CHEMBL229,CHEMBL3707631,8.64,=,Ki
CHEMBL865,CHEMBL205,CHEMBL3737170,7.37,=,Ki
CHEMBL85,CHEMBL240,CHEMBL3744556,6.11,=,IC50
CHEMBL865,CHEMBL205,CHEMBL3748431,7.37,=,Ki
CHEMBL81,CHEMBL206,CHEMBL3755031,9.37,=,Ki
CHEMBL81,CHEMBL242,CHEMBL3755032,8.37,=,Ki
CHEMBL865,CHEMBL205,CHEMBL3761241,7.37,=,Ki
CHEMBL865,CHEMBL205,CHEMBL3767548,7.37,=,Ki
CHEMBL865,CHEMBL205,CHEMBL3782910,7.37,=,Ki
CHEMBL85,CHEMBL229,CHEMBL3806811,8.0,=,IC50
CHEMBL85,CHEMBL231,CHEMBL3806812,6.06,=,IC50
CHEMBL85,CHEMBL225,CHEMBL3806883,8.15,=,IC50
CHEMBL81,CHEMBL206,CHEMBL3807011,9.33,=,IC50
CHEMBL865,CHEMBL205,CHEMBL4001626,7.37,=,Ki
CHEMBL86,CHEMBL2439,CHEMBL4013915,6.46,=,IC50
CHEMBL865,CHEMBL205,CHEMBL4035751,7.37,=,Ki
CHEMBL896,CHEMBL217,CHEMBL4195122,6.42,=,Ki
CHEMBL896,CHEMBL224,CHEMBL4195121,7.3,=,Ki
CHEMBL896,CHEMBL231,CHEMBL4195120,8.7,=,Ki
CHEMBL85,CHEMBL217,CHEMBL4229838,9.22,=,Ki
CHEMBL85,CHEMBL3155,CHEMBL4229837,9.4,=,Ki
CHEMBL85,CHEMBL224,CHEMBL4229834,9.3,=,Ki
CHEMBL865,CHEMBL230,CHEMBL4263339,8.3,=,IC50
CHEMBL865,CHEMBL230,CHEMBL4263336,7.3,=,IC50
CHEMBL85,CHEMBL240,CHEMBL4276588,6.78,=,IC50
CHEMBL865,CHEMBL230,CHEMBL4328892,8.3,=,IC50
CHEMBL85,CHEMBL224,CHEMBL4368224,9.43,=,Ki
CHEMBL81,CHEMBL206,CHEMBL4393302,9.74,=,IC50
CHEMBL81,CHEMBL206,CHEMBL4393303,9.18,=,EC50
CHEMBL81,CHEMBL2364163,CHEMBL4400163,6.15,=,Kd
CHEMBL81,CHEMBL3257,CHEMBL4420028,7.35,=,IC50
CHEMBL865,CHEMBL205,CHEMBL4427979,7.37,=,Ki
CHEMBL81,CHEMBL206,CHEMBL4670525,8.23,=,IC50
CHEMBL85,CHEMBL231,CHEMBL4677479,7.7,=,Ki
CHEMBL85,CHEMBL224,CHEMBL4686241,9.77,=,Ki
CHEMBL85,CHEMBL240,CHEMBL4709848,6.78,=,IC50
CHEMBL85,CHEMBL217,CHEMBL4729778,8.42,=,Ki
CHEMBL85,CHEMBL214,CHEMBL4729779,6.57,=,Ki
CHEMBL85,CHEMBL224,CHEMBL4729780,9.41,=,Ki
CHEMBL85,CHEMBL1867,CHEMBL4729782,7.55,=,Ki
CHEMBL85,CHEMBL217,CHEMBL4821052,8.41,=,Ki
CHEMBL85,CHEMBL234,CHEMBL4821053,7.84,=,Ki
CHEMBL85,CHEMBL214,CHEMBL4821054,6.74,=,Ki
CHEMBL85,CHEMBL224,CHEMBL4821055,9.72,=,Ki
CHEMBL85,CHEMBL240,CHEMBL4821061,6.78,=,IC50
CHEMBL81,CHEMBL3257,CHEMBL5029650,9.06,=,Ki
CHEMBL81,CHEMBL3257,CHEMBL5029651,9.06,=,Ki
CHEMBL81,CHEMBL3257,CHEMBL5029652,9.06,=,Ki
CHEMBL865,CHEMBL205,CHEMBL5104265,7.37,=,Ki
CHEMBL865,CHEMBL3729,CHEMBL5104266,6.47,=,Ki
CHEMBL81,CHEMBL206,CHEMBL5121196,9.13,=,IC50
CHEMBL81,CHEMBL206,CHEMBL5122019,7.27,=,IC50
CHEMBL894,CHEMBL238,CHEMBL5216986,6.48,=,IC50
CHEMBL870,CHEMBL1782,CHEMBL5223797,6.34,=,IC50
CHEMBL81,CHEMBL3257,CHEMBL5233653,8.24,=,IC50
CHEMBL85,CHEMBL224,CHEMBL5362776,9.64,=,Ki
CHEMBL85,CHEMBL225,CHEMBL5362780,8.61,=,Ki
CHEMBL85,CHEMBL1833,CHEMBL5365376,7.54,=,Ki
CHEMBL81,CHEMBL206,CHEMBL5552722,6.72,=,IC50
CHEMBL85,CHEMBL217,CHEMBL5731958,8.44,=,IC50
CHEMBL85,CHEMBL217,CHEMBL5731959,7.98,=,IC50
CHEMBL85,CHEMBL217,CHEMBL5732166,7.88,=,IC50
CHEMBL85,CHEMBL224,CHEMBL5732167,8.33,=,IC50
CHEMBL85,CHEMBL217,CHEMBL5733470,8.44,=,IC50
CHEMBL85,CHEMBL217,CHEMBL5733471,7.98,=,IC50
CHEMBL894,CHEMBL238,CHEMBL5733767,6.76,=,Ki
CHEMBL85,CHEMBL217,CHEMBL5734676,7.94,=,Ki
CHEMBL81,CHEMBL206,CHEMBL6119887,8.84,=,IC50
CHEMBL81,CHEMBL206,CHEMBL6139029,8.62,=,Kd
CHEMBL905,CHEMBL214,CHEMBL616139,6.53,=,Ki
CHEMBL91,CHEMBL3522,CHEMBL661140,6.61,=,Ki
CHEMBL923,CHEMBL1782,CHEMBL924793,6.34,=,IC50
CHEMBL923,CHEMBL1782,CHEMBL924793,7.08,=,Ki
CHEMBL923,CHEMBL1782,CHEMBL924794,8.24,=,IC50
CHEMBL923,CHEMBL1782,CHEMBL924794,9.44,=,Ki
CHEMBL923,CHEMBL1782,CHEMBL929343,8.24,=,IC50
CHEMBL914,CHEMBL231,CHEMBL1059633,7.11,=,IC50
CHEMBL914,CHEMBL231,CHEMBL1048093,7.57,=,Ki
CHEMBL91,CHEMBL1978,CHEMBL1105634,6.22,=,IC50
CHEMBL926,CHEMBL205,CHEMBL1227474,6.32,=,Ki
CHEMBL926,CHEMBL4789,CHEMBL1227477,6.14,=,Ki
CHEMBL926,CHEMBL3969,CHEMBL1227478,6.05,=,Ki
CHEMBL923,CHEMBL1782,CHEMBL1260346,6.52,=,IC50
CHEMBL900,CHEMBL240,CHEMBL1676103,6.07,=,IC50
CHEMBL914,CHEMBL231,CHEMBL1775250,7.11,=,IC50
CHEMBL91,CHEMBL1835,CHEMBL1909116,6.58,=,IC50
CHEMBL923,CHEMBL1782,CHEMBL2049638,7.96,=,IC50
CHEMBL923,CHEMBL1782,CHEMBL2049640,6.07,=,IC50
CHEMBL923,CHEMBL1782,CHEMBL2092208,7.96,=,IC50
CHEMBL923,CHEMBL1782,CHEMBL2156000,8.0,=,IC50
CHEMBL902,CHEMBL1743126,CHEMBL2320306,6.12,=,IC50
CHEMBL923,CHEMBL1782,CHEMBL3091236,8.28,=,IC50
CHEMBL923,CHEMBL1782,CHEMBL3091237,7.96,=,IC50
CHEMBL897,CHEMBL3594,CHEMBL3372050,6.44,=,Ki
CHEMBL897,CHEMBL205,CHEMBL3372049,6.37,=,Ki
CHEMBL923,CHEMBL1782,CHEMBL3369319,8.22,=,IC50
CHEMBL923,CHEMBL1782,CHEMBL3411595,7.96,=,IC50
CHEMBL914,CHEMBL231,CHEMBL3424159,7.82,=,IC50
CHEMBL923,CHEMBL1782,CHEMBL3424029,8.22,=,IC50
CHEMBL923,CHEMBL1782,CHEMBL3430147,9.44,=,IC50
CHEMBL923,CHEMBL1782,CHEMBL3430146,7.09,=,IC50
CHEMBL897,CHEMBL205,CHEMBL3588512,6.37,=,Ki
CHEMBL897,CHEMBL3594,CHEMBL3588513,6.44,=,Ki
CHEMBL898,CHEMBL3194,CHEMBL3602658,6.24,=,Kd
CHEMBL897,CHEMBL205,CHEMBL3608011,6.37,=,Ki
CHEMBL897,CHEMBL3594,CHEMBL3608012,6.44,=,Ki
CHEMBL898,CHEMBL3194,CHEMBL4200690,6.39,=,Kd
CHEMBL923,CHEMBL1782,CHEMBL4267725,7.16,=,IC50
CHEMBL902,CHEMBL3912,CHEMBL4269594,6.77,=,Ki
CHEMBL902,CHEMBL3242,CHEMBL4269593,7.34,=,Ki
CHEMBL902,CHEMBL3594,CHEMBL4269592,6.9,=,Ki
CHEMBL902,CHEMBL2326,CHEMBL4269591,8.52,=,Ki
CHEMBL902,CHEMBL3025,CHEMBL4269590,7.01,=,Ki
CHEMBL902,CHEMBL3729,CHEMBL4269587,6.03,=,Ki
CHEMBL902,CHEMBL205,CHEMBL4269585,7.24,=,Ki
CHEMBL902,CHEMBL261,CHEMBL4269584,6.04,=,Ki
CHEMBL923,CHEMBL1782,CHEMBL4315935,8.0,=,IC50
CHEMBL911,CHEMBL1962,CHEMBL4415148,7.7,=,Ki
CHEMBL911,CHEMBL3026,CHEMBL4415149,6.4,=,Ki
CHEMBL898,CHEMBL3194,CHEMBL4710586,7.12,=,Kd
CHEMBL923,CHEMBL1782,CHEMBL5223797,8.41,=,IC50
CHEMBL905,CHEMBL1898,CHEMBL5346609,8.52,=,Ki
CHEMBL905,CHEMBL1983,CHEMBL5346610,8.52,=,Ki
CHEMBL924,CHEMBL1782,CHEMBL5615210,6.26,=,IC50
CHEMBL940,CHEMBL1919,CHEMBL641407,7.57,=,IC50
CHEMBL941,CHEMBL1844,CHEMBL766070,6.02,=,IC50
CHEMBL998,CHEMBL240,CHEMBL766814,6.77,=,IC50
CHEMBL998,CHEMBL231,CHEMBL830379,6.38,=,Ki
CHEMBL932,CHEMBL4409,CHEMBL828811,6.0,=,Ki
CHEMBL932,CHEMBL2717,CHEMBL828812,6.4,=,Ki
CHEMBL941,CHEMBL1936,CHEMBL880421,7.0,=,IC50
CHEMBL941,CHEMBL1862,CHEMBL882911,7.42,=,IC50
CHEMBL941,CHEMBL1936,CHEMBL872194,7.0,=,IC50
CHEMBL998,CHEMBL231,CHEMBL882906,6.54,=,IC50
CHEMBL941,CHEMBL1862,CHEMBL859870,6.96,=,Kd
CHEMBL939,CHEMBL4204,CHEMBL860651,6.44,=,Kd
CHEMBL941,CHEMBL1862,CHEMBL859872,7.85,=,Kd
CHEMBL941,CHEMBL1862,CHEMBL859869,7.62,=,Kd
CHEMBL939,CHEMBL3981,CHEMBL860781,6.06,=,Kd
CHEMBL941,CHEMBL1862,CHEMBL861044,7.36,=,Kd
CHEMBL941,CHEMBL1862,CHEMBL859868,8.66,=,Kd
CHEMBL939,CHEMBL5014,CHEMBL860788,6.1,=,Kd
CHEMBL941,CHEMBL1862,CHEMBL859871,7.21,=,Kd
CHEMBL939,CHEMBL4355,CHEMBL860789,8.15,=,Kd
CHEMBL941,CHEMBL1936,CHEMBL860918,6.08,=,Kd
CHEMBL941,CHEMBL1913,CHEMBL860919,7.55,=,Kd
CHEMBL939,CHEMBL1824,CHEMBL862513,6.46,=,IC50
CHEMBL941,CHEMBL1862,CHEMBL888888,7.4,=,IC50
CHEMBL941,CHEMBL1862,CHEMBL892514,6.33,=,IC50
CHEMBL941,CHEMBL3905,CHEMBL892515,6.66,=,IC50
CHEMBL941,CHEMBL1862,CHEMBL932076,7.89,=,Ki
CHEMBL997,CHEMBL1782,CHEMBL924793,6.71,=,Ki
CHEMBL997,CHEMBL1782,CHEMBL924794,7.59,=,IC50
CHEMBL997,CHEMBL1782,CHEMBL924794,8.44,=,Ki
CHEMBL998,CHEMBL240,CHEMBL954102,6.77,=,IC50
CHEMBL941,CHEMBL1862,CHEMBL962773,7.89,=,Ki
CHEMBL998,CHEMBL240,CHEMBL1023674,6.76,=,IC50
CHEMBL941,CHEMBL261,CHEMBL1053951,7.5,=,Ki
CHEMBL941,CHEMBL205,CHEMBL1053952,7.52,=,Ki
CHEMBL941,CHEMBL2885,CHEMBL1053953,6.28,=,Ki
CHEMBL941,CHEMBL3025,CHEMBL1053957,6.41,=,Ki
CHEMBL941,CHEMBL2326,CHEMBL1053958,6.96,=,Ki
CHEMBL941,CHEMBL3594,CHEMBL1053959,7.12,=,Ki
CHEMBL941,CHEMBL3242,CHEMBL1059702,6.01,=,Ki
CHEMBL939,CHEMBL4937,CHEMBL1050834,6.37,=,Kd
CHEMBL939,CHEMBL4718,CHEMBL1063804,6.54,=,Kd
CHEMBL941,CHEMBL1862,CHEMBL1061129,7.92,=,Kd
CHEMBL941,CHEMBL1862,CHEMBL1063789,7.11,=,Kd
CHEMBL941,CHEMBL1862,CHEMBL1060174,7.46,=,Kd
CHEMBL941,CHEMBL1862,CHEMBL1062829,8.07,=,Kd
CHEMBL941,CHEMBL1862,CHEMBL1062830,7.68,=,Kd
CHEMBL941,CHEMBL1862,CHEMBL1061130,7.36,=,Kd
CHEMBL941,CHEMBL1936,CHEMBL1060197,7.85,=,Kd
CHEMBL941,CHEMBL1936,CHEMBL1060198,6.09,=,Kd
CHEMBL939,CHEMBL4355,CHEMBL1062777,7.89,=,Kd
CHEMBL941,CHEMBL4355,CHEMBL1062777,6.0,=,Kd
CHEMBL941,CHEMBL1936,CHEMBL1061901,7.15,=,Kd
CHEMBL941,CHEMBL1936,CHEMBL1061077,7.82,=,Kd
CHEMBL941,CHEMBL5122,CHEMBL1060180,7.82,=,Kd
CHEMBL939,CHEMBL3981,CHEMBL1051338,6.33,=,Kd
CHEMBL939,CHEMBL3905,CHEMBL1037544,6.0,=,Kd
CHEMBL941,CHEMBL2007,CHEMBL1062783,7.51,=,Kd
CHEMBL941,CHEMBL1913,CHEMBL1051304,7.85,=,Kd
CHEMBL941,CHEMBL2250,CHEMBL1063791,6.28,=,Kd
CHEMBL941,CHEMBL1844,CHEMBL1063702,7.72,=,Kd
CHEMBL939,CHEMBL4526,CHEMBL1060244,6.23,=,Kd
CHEMBL939,CHEMBL1974,CHEMBL1050826,6.0,=,Kd
CHEMBL939,CHEMBL5014,CHEMBL1051312,6.28,=,Kd
CHEMBL941,CHEMBL2007,CHEMBL1251493,7.14,=,IC50
CHEMBL941,CHEMBL1913,CHEMBL1251492,7.14,=,IC50
CHEMBL941,CHEMBL1936,CHEMBL1251494,7.01,=,IC50
CHEMBL998,CHEMBL240,CHEMBL1676103,6.76,=,IC50
CHEMBL941,CHEMBL1936,CHEMBL1768766,6.43,=,IC50
CHEMBL941,CHEMBL2007,CHEMBL1768767,6.8,=,IC50
CHEMBL941,CHEMBL1862,CHEMBL1776290,7.89,=,Ki
CHEMBL941,CHEMBL1936,CHEMBL1787525,7.85,=,Kd
CHEMBL941,CHEMBL1936,CHEMBL1787527,6.09,=,Kd
CHEMBL941,CHEMBL1835,CHEMBL1909116,6.7,=,IC50
CHEMBL941,CHEMBL3959,CHEMBL2217199,6.4,=,IC50
CHEMBL96,CHEMBL3561,CHEMBL2317988,6.57,=,EC50
CHEMBL96,CHEMBL3561,CHEMBL2317988,6.57,=,EC50
CHEMBL941,CHEMBL1862,CHEMBL2320765,6.12,=,IC50
CHEMBL941,CHEMBL1862,CHEMBL2320766,6.94,=,IC50
CHEMBL941,CHEMBL1862,CHEMBL2320767,6.76,=,IC50
CHEMBL941,CHEMBL1862,CHEMBL2320769,6.94,=,IC50
CHEMBL941,CHEMBL1862,CHEMBL2320768,6.44,=,IC50
CHEMBL941,CHEMBL1862,CHEMBL2320770,6.31,=,IC50
CHEMBL941,CHEMBL1862,CHEMBL2320772,7.01,=,IC50
CHEMBL941,CHEMBL1743126,CHEMBL2320298,7.4,=,IC50
CHEMBL941,CHEMBL1743126,CHEMBL2320299,7.3,=,IC50
CHEMBL941,CHEMBL1743127,CHEMBL2320300,6.46,=,IC50
CHEMBL941,CHEMBL1743126,CHEMBL2320306,6.46,=,IC50
CHEMBL941,CHEMBL1862,CHEMBL2330095,6.6,=,IC50
CHEMBL941,CHEMBL1862,CHEMBL2330096,6.72,=,IC50
CHEMBL941,CHEMBL1862,CHEMBL2330097,6.5,=,IC50
CHEMBL96,CHEMBL3561,CHEMBL2340050,6.0,=,EC50
CHEMBL941,CHEMBL1936,CHEMBL2388049,6.97,=,IC50
CHEMBL941,CHEMBL1936,CHEMBL2388052,7.01,=,IC50
CHEMBL941,CHEMBL1936,CHEMBL2406230,7.67,=,IC50
CHEMBL941,CHEMBL1862,CHEMBL2406231,7.7,=,IC50
CHEMBL941,CHEMBL2007,CHEMBL2422658,8.7,=,IC50
CHEMBL939,CHEMBL1824,CHEMBL3118713,6.55,=,IC50
CHEMBL941,CHEMBL1862,CHEMBL3225221,7.6,=,IC50
CHEMBL941,CHEMBL1862,CHEMBL3239579,6.52,=,IC50
CHEMBL96,CHEMBL3561,CHEMBL3370253,6.57,=,EC50
CHEMBL96,CHEMBL3561,CHEMBL3370253,6.57,=,EC50
CHEMBL965,CHEMBL216,CHEMBL3383655,6.2,=,EC50
CHEMBL965,CHEMBL1821,CHEMBL3386121,6.81,=,EC50
CHEMBL939,CHEMBL1824,CHEMBL3385196,6.0,=,IC50
CHEMBL998,CHEMBL231,CHEMBL3386951,6.51,=,Ki
CHEMBL941,CHEMBL1862,CHEMBL3407087,6.7,=,IC50
CHEMBL941,CHEMBL5122,CHEMBL3424164,6.17,=,IC50
CHEMBL939,CHEMBL4355,CHEMBL3430283,7.89,=,Kd
CHEMBL941,CHEMBL1936,CHEMBL3631064,6.4,=,IC50
CHEMBL941,CHEMBL1862,CHEMBL3631065,6.7,=,IC50
CHEMBL941,CHEMBL1862,CHEMBL3737992,6.77,=,IC50
CHEMBL941,CHEMBL1862,CHEMBL3812743,6.52,=,IC50
CHEMBL939,CHEMBL1824,CHEMBL3854864,6.46,=,IC50
CHEMBL939,CHEMBL3009,CHEMBL3854865,6.32,=,IC50
CHEMBL941,CHEMBL1862,CHEMBL3877207,6.6,=,IC50
CHEMBL941,CHEMBL3959,CHEMBL3877210,7.37,=,IC50
CHEMBL941,CHEMBL3959,CHEMBL3877211,7.41,=,Ki
CHEMBL941,CHEMBL1936,CHEMBL3878978,6.79,=,IC50
CHEMBL941,CHEMBL1862,CHEMBL3878977,6.65,=,IC50
CHEMBL941,CHEMBL3959,CHEMBL3879684,7.09,=,IC50
CHEMBL941,CHEMBL1862,CHEMBL3991603,6.97,=,Kd
CHEMBL941,CHEMBL5122,CHEMBL3991686,6.74,=,Kd
CHEMBL939,CHEMBL4355,CHEMBL3991722,6.02,=,Kd
CHEMBL941,CHEMBL3959,CHEMBL3991806,7.39,=,Kd
CHEMBL939,CHEMBL5014,CHEMBL3991868,6.04,=,Kd
CHEMBL939,CHEMBL1824,CHEMBL3995336,7.62,=,IC50
CHEMBL941,CHEMBL1936,CHEMBL4012622,7.39,=,IC50
CHEMBL941,CHEMBL2007,CHEMBL4012619,8.34,=,IC50
CHEMBL941,CHEMBL1936,CHEMBL4020520,7.79,=,IC50
CHEMBL96,CHEMBL3715,CHEMBL4031713,6.07,=,IC50
CHEMBL96,CHEMBL3715,CHEMBL4031713,6.0,=,IC50
CHEMBL96,CHEMBL5208,CHEMBL4031735,6.0,=,IC50
CHEMBL96,CHEMBL5208,CHEMBL4031735,6.0,=,IC50
CHEMBL964,CHEMBL4191,CHEMBL4177814,6.44,=,IC50
CHEMBL939,CHEMBL279,CHEMBL4221533,7.31,=,IC50
CHEMBL941,CHEMBL1936,CHEMBL4320885,7.9,=,Kd
CHEMBL941,CHEMBL1844,CHEMBL4320886,8.0,=,Kd
CHEMBL941,CHEMBL1862,CHEMBL4320888,9.0,=,Kd
CHEMBL941,CHEMBL1936,CHEMBL4379571,7.28,=,IC50
CHEMBL941,CHEMBL1974,CHEMBL4379572,6.88,=,IC50
CHEMBL941,CHEMBL1862,CHEMBL4383509,7.37,=,IC50
CHEMBL941,CHEMBL1936,CHEMBL4386487,6.11,=,IC50
CHEMBL939,CHEMBL4355,CHEMBL4394507,7.89,=,Kd
CHEMBL939,CHEMBL4355,CHEMBL4394509,6.38,=,IC50
CHEMBL96,CHEMBL3561,CHEMBL4398028,6.47,=,EC50
CHEMBL96,CHEMBL3561,CHEMBL4398028,6.47,=,EC50
CHEMBL941,CHEMBL2007,CHEMBL4425255,6.19,=,IC50
CHEMBL941,CHEMBL1936,CHEMBL4429587,6.5,=,IC50
CHEMBL939,CHEMBL1824,CHEMBL4432464,6.55,=,IC50
CHEMBL939,CHEMBL4355,CHEMBL4481522,7.89,=,Kd
CHEMBL939,CHEMBL1824,CHEMBL4617510,6.46,=,IC50
CHEMBL939,CHEMBL1824,CHEMBL4628614,6.55,=,IC50
CHEMBL998,CHEMBL231,CHEMBL4629986,6.72,=,Kd
CHEMBL939,CHEMBL4355,CHEMBL4667720,7.89,=,Kd
CHEMBL939,CHEMBL1824,CHEMBL4670947,7.01,=,IC50
CHEMBL941,CHEMBL4302,CHEMBL4809445,6.24,=,IC50
CHEMBL960,CHEMBL1966,CHEMBL4813390,6.1,=,IC50
CHEMBL964,CHEMBL3577,CHEMBL4821208,6.89,=,IC50
CHEMBL941,CHEMBL1862,CHEMBL5131956,6.66,=,IC50
CHEMBL939,CHEMBL4355,CHEMBL5131962,7.89,=,Kd
CHEMBL941,CHEMBL1862,CHEMBL5142405,6.72,=,IC50
CHEMBL941,CHEMBL2007,CHEMBL5160550,7.15,=,IC50
CHEMBL941,CHEMBL1913,CHEMBL5160551,6.22,=,IC50
CHEMBL941,CHEMBL1862,CHEMBL5215061,6.0,=,IC50
CHEMBL941,CHEMBL1824,CHEMBL5216307,10.22,=,IC50
CHEMBL997,CHEMBL1782,CHEMBL5223801,7.7,=,IC50
CHEMBL941,CHEMBL1936,CHEMBL5233738,6.4,=,IC50
CHEMBL941,CHEMBL1862,CHEMBL5247281,6.43,=,IC50
CHEMBL941,CHEMBL1936,CHEMBL5381728,6.14,=,IC50
CHEMBL941,CHEMBL1936,CHEMBL5381729,7.23,=,IC50
CHEMBL941,CHEMBL1862,CHEMBL5503641,6.73,=,IC50
CHEMBL941,CHEMBL1936,CHEMBL5503642,6.38,=,IC50
CHEMBL941,CHEMBL1913,CHEMBL5503643,6.41,=,IC50
CHEMBL939,CHEMBL279,CHEMBL5540498,7.48,=,IC50
CHEMBL939,CHEMBL5014,CHEMBL5627497,7.31,=,IC50
CHEMBL939,CHEMBL5014,CHEMBL5627501,7.31,=,IC50
CHEMBL941,CHEMBL2007,CHEMBL5635412,6.12,=,IC50
CHEMBL941,CHEMBL1844,CHEMBL5638750,7.68,=,IC50
CHEMBL939,CHEMBL1824,CHEMBL5647836,6.27,=,EC50
CHEMBL939,CHEMBL1824,CHEMBL5663119,6.46,=,IC50
CHEMBL939,CHEMBL3009,CHEMBL5663120,6.32,=,IC50
CHEMBL941,CHEMBL1862,CHEMBL5680953,7.12,=,IC50
CHEMBL941,CHEMBL1862,CHEMBL5681148,7.12,=,IC50
CHEMBL941,CHEMBL1862,CHEMBL5681149,6.46,=,IC50
CHEMBL941,CHEMBL1862,CHEMBL5716084,6.55,=,IC50
CHEMBL941,CHEMBL1862,CHEMBL5716085,6.66,=,IC50
CHEMBL941,CHEMBL1862,CHEMBL5716092,6.1,=,IC50
CHEMBL941,CHEMBL1862,CHEMBL5716094,6.1,=,IC50
CHEMBL941,CHEMBL1862,CHEMBL5716095,6.36,=,IC50
CHEMBL941,CHEMBL1862,CHEMBL5716096,6.05,=,IC50
CHEMBL941,CHEMBL1862,CHEMBL5716097,6.02,=,IC50
CHEMBL941,CHEMBL1862,CHEMBL5716098,6.08,=,IC50
CHEMBL941,CHEMBL1862,CHEMBL5716119,6.52,=,IC50
CHEMBL941,CHEMBL1862,CHEMBL5716120,6.42,=,IC50
CHEMBL941,CHEMBL1862,CHEMBL5716121,6.0,=,IC50
CHEMBL941,CHEMBL1862,CHEMBL5716127,6.11,=,IC50
CHEMBL941,CHEMBL1862,CHEMBL5716129,6.05,=,IC50
CHEMBL941,CHEMBL1862,CHEMBL5716130,6.09,=,IC50
CHEMBL941,CHEMBL1862,CHEMBL5716132,6.1,=,IC50
CHEMBL941,CHEMBL1862,CHEMBL5716134,6.1,=,IC50
CHEMBL941,CHEMBL1862,CHEMBL5736371,6.08,=,IC50
CHEMBL941,CHEMBL1862,CHEMBL5739300,6.2,=,IC50
CHEMBL939,CHEMBL5014,CHEMBL6094896,8.25,=,IC50
CHEMBL941,CHEMBL1936,CHEMBL6155896,7.39,=,IC50
CHEMBL941,CHEMBL1936,CHEMBL6155897,6.48,=,IC50
CHEMBL941,CHEMBL2007,CHEMBL6155899,8.55,=,IC50
CHEMBL941,CHEMBL2007,CHEMBL6155900,6.11,=,IC50
